ISO-10303-21;
HEADER;
FILE_DESCRIPTION((''),'2;1');
FILE_NAME('Bottom', '2026-07-30T12:58:42', (''), (''), 'ImageToStl.com STEP Converter','', '');
FILE_SCHEMA(('AUTOMOTIVE_DESIGN_CC2'));
ENDSEC;
DATA;
#1=PRODUCT_DEFINITION_CONTEXT('',#4,'design');
#2=APPLICATION_PROTOCOL_DEFINITION('INTERNATIONAL STANDARD','automotive_design',1994,#4);
#3=(GEOMETRIC_REPRESENTATION_CONTEXT(3)GLOBAL_UNCERTAINTY_ASSIGNED_CONTEXT((#5))GLOBAL_UNIT_ASSIGNED_CONTEXT((#6,#7,#8))REPRESENTATION_CONTEXT('NONE','WORKSPACE'));
#4=APPLICATION_CONTEXT(' ');
#5=UNCERTAINTY_MEASURE_WITH_UNIT(LENGTH_MEASURE(1.0E-006),#6,'','');
#6=(CONVERSION_BASED_UNIT('METRE',#10)LENGTH_UNIT()NAMED_UNIT(#11));
#7=(NAMED_UNIT(#12)PLANE_ANGLE_UNIT()SI_UNIT($,.RADIAN.));
#8=(NAMED_UNIT(#12)SOLID_ANGLE_UNIT()SI_UNIT($,.STERADIAN.));
#9=AXIS2_PLACEMENT_3D('',#14,#15,#16);
#10=LENGTH_MEASURE_WITH_UNIT(LENGTH_MEASURE(1.0),#17);
#11=DIMENSIONAL_EXPONENTS(1.0,0.0,0.0,0.0,0.0,0.0,0.0);
#12=DIMENSIONAL_EXPONENTS(0.0,0.0,0.0,0.0,0.0,0.0,0.0);
#13=PRODUCT_CONTEXT('',#4,'mechanical');
#14=CARTESIAN_POINT('',(0.0,0.0,0.0));
#15=DIRECTION('',(0.0,0.0,1.0));
#16=DIRECTION('',(1.0,0.0,0.0));
#17=(NAMED_UNIT(#11)LENGTH_UNIT()SI_UNIT(.MILLI.,.METRE.));
#18=PRESENTATION_STYLE_ASSIGNMENT((#19));
#19=SURFACE_STYLE_USAGE(.BOTH.,#20);
#20=SURFACE_SIDE_STYLE('',(#21));
#21=SURFACE_STYLE_FILL_AREA(#22);
#22=FILL_AREA_STYLE('',(#23));
#23=FILL_AREA_STYLE_COLOUR('',#24);
#24=COLOUR_RGB('',0.62745,0.62745,0.62745);
#25=PRESENTATION_STYLE_ASSIGNMENT((#26));
#26=SURFACE_STYLE_USAGE(.BOTH.,#27);
#27=SURFACE_SIDE_STYLE('',(#28));
#28=SURFACE_STYLE_FILL_AREA(#29);
#29=FILL_AREA_STYLE('',(#30));
#30=FILL_AREA_STYLE_COLOUR('',#31);
#31=COLOUR_RGB('',0.9,0.9,0.9);
#32=SHAPE_DEFINITION_REPRESENTATION(#33,#34);
#33=PRODUCT_DEFINITION_SHAPE('productshape0','',#37);
#34=MANIFOLD_SURFACE_SHAPE_REPRESENTATION('',(#35,#9),#3);
#35=SHELL_BASED_SURFACE_MODEL('shell0',(#40));
#36=PRODUCT('product0','','',(#13));
#37=PRODUCT_DEFINITION('mesh0','',#38,#2);
#38=PRODUCT_DEFINITION_FORMATION_WITH_SPECIFIED_SOURCE('prodsource0','',#36,.NOT_KNOWN.);
#39=STYLED_ITEM('',(#25),#40);
#40=CLOSED_SHELL('',(#377,#399,#421,#443,#465,#487,#509,#531,#553,#575,#597,#619,#641,#663,#685,#707,#729,#751,#773,#795,#817,#839,#861,#883,#905,#927,#949,#971,#993,#1015,#1037,#1059,#1081,#1103,#1125,#1147,#1169,#1191,#1213,#1235,#1257,#1279,#1301,#1323,#1345,#1367,#1389,#1411,#1433,#1455,#1477,#1499,#1521,#1543,#1565,#1587,#1609,#1631,#1653,#1675,#1697,#1719,#1741,#1763,#1785,#1807,#1829,#1851,#1873,#1895,#1917,#1939,#1961,#1983,#2005,#2027,#2049,#2071,#2093,#2115,#2137,#2159,#2181,#2203,#2225,#2247,#2269,#2291,#2313,#2335,#2357,#2379,#2401,#2423,#2445,#2467,#2489,#2511,#2533,#2555,#2577,#2599,#2621,#2643,#2665,#2687,#2709,#2731,#2753,#2775,#2797,#2819,#2841,#2863,#2885,#2907,#2929,#2951,#2973,#2995,#3017,#3039,#3061,#3083,#3105,#3127,#3149,#3171,#3193,#3215,#3237,#3259,#3281,#3303,#3325,#3347,#3369,#3391,#3413,#3435,#3457,#3479,#3501,#3523,#3545,#3567,#3589,#3611,#3633,#3655,#3677,#3699,#3721,#3743,#3765,#3787,#3809,#3831,#3853,#3875,#3897,#3919,#3941,#3963,#3985,#4007,#4029,#4051,#4073,#4095,#4117,#4139,#4161,#4183,#4205,#4227,#4249,#4271,#4293,#4315,#4337,#4359,#4381,#4403,#4425,#4447,#4469,#4491,#4513,#4535,#4557,#4579,#4601,#4623,#4645,#4667,#4689,#4711,#4733,#4755,#4777,#4799,#4821,#4843,#4865,#4887,#4909,#4931,#4953,#4975,#4997,#5019,#5041,#5063,#5085,#5107,#5129,#5151,#5173,#5195,#5217,#5239,#5261,#5283,#5305,#5327,#5349,#5371,#5393,#5415,#5437,#5459,#5481,#5503,#5525,#5547,#5569,#5591,#5613,#5635,#5657,#5679,#5701,#5723,#5745,#5767,#5789,#5811,#5833,#5855,#5877,#5899,#5921,#5943,#5965,#5987,#6009,#6031,#6053,#6075,#6097,#6119,#6141,#6163,#6185,#6207,#6229,#6251,#6273,#6295,#6317,#6339,#6361,#6383,#6405,#6427,#6449,#6471,#6493,#6515,#6537,#6559,#6581,#6603,#6625,#6647,#6669,#6691,#6713,#6735,#6757,#6779,#6801,#6823,#6845,#6867,#6889,#6911,#6933,#6955,#6977,#6999,#7021,#7043,#7065,#7087,#7109,#7131,#7153,#7175,#7197,#7219,#7241,#7263,#7285,#7307,#7329,#7351,#7373,#7395,#7417,#7439,#7461,#7483,#7505,#7527,#7549,#7571,#7593,#7615,#7637,#7659,#7681,#7703,#7725,#7747,#7769,#7791,#7813,#7835));
#41=CARTESIAN_POINT('',(193.037504,4.125,11.2));
#42=VERTEX_POINT('',#41);
#43=CARTESIAN_POINT('',(193.29632,4.125,11.165926));
#44=VERTEX_POINT('',#43);
#45=CARTESIAN_POINT('',(193.537504,4.125,11.066026));
#46=VERTEX_POINT('',#45);
#47=CARTESIAN_POINT('',(193.744608,4.125,10.907106));
#48=VERTEX_POINT('',#47);
#49=CARTESIAN_POINT('',(193.90352,4.125,10.7));
#50=VERTEX_POINT('',#49);
#51=CARTESIAN_POINT('',(194.00344,4.125,10.458819));
#52=VERTEX_POINT('',#51);
#53=CARTESIAN_POINT('',(194.037504,4.125,10.2));
#54=VERTEX_POINT('',#53);
#55=CARTESIAN_POINT('',(194.037504,8.625,10.2));
#56=VERTEX_POINT('',#55);
#57=CARTESIAN_POINT('',(194.00344,8.625,10.458819));
#58=VERTEX_POINT('',#57);
#59=CARTESIAN_POINT('',(193.90352,8.625,10.7));
#60=VERTEX_POINT('',#59);
#61=CARTESIAN_POINT('',(193.744608,8.625,10.907106));
#62=VERTEX_POINT('',#61);
#63=CARTESIAN_POINT('',(193.537504,8.625,11.066026));
#64=VERTEX_POINT('',#63);
#65=CARTESIAN_POINT('',(193.29632,8.625,11.165926));
#66=VERTEX_POINT('',#65);
#67=CARTESIAN_POINT('',(193.037504,8.625,11.2));
#68=VERTEX_POINT('',#67);
#69=CARTESIAN_POINT('',(194.037504,4.125,-67.595));
#70=VERTEX_POINT('',#69);
#71=CARTESIAN_POINT('',(194.037504,8.625,-67.595));
#72=VERTEX_POINT('',#71);
#73=CARTESIAN_POINT('',(192.537504,4.125,8.7));
#74=VERTEX_POINT('',#73);
#75=CARTESIAN_POINT('',(192.50344,4.125,8.441181));
#76=VERTEX_POINT('',#75);
#77=CARTESIAN_POINT('',(192.40352,4.125,8.2));
#78=VERTEX_POINT('',#77);
#79=CARTESIAN_POINT('',(192.244608,4.125,7.992893));
#80=VERTEX_POINT('',#79);
#81=CARTESIAN_POINT('',(192.037504,4.125,7.833974));
#82=VERTEX_POINT('',#81);
#83=CARTESIAN_POINT('',(191.79632,4.125,7.734074));
#84=VERTEX_POINT('',#83);
#85=CARTESIAN_POINT('',(191.537504,4.125,7.7));
#86=VERTEX_POINT('',#85);
#87=CARTESIAN_POINT('',(191.278688,4.125,7.734074));
#88=VERTEX_POINT('',#87);
#89=CARTESIAN_POINT('',(191.037504,4.125,7.833974));
#90=VERTEX_POINT('',#89);
#91=CARTESIAN_POINT('',(190.8304,4.125,7.992893));
#92=VERTEX_POINT('',#91);
#93=CARTESIAN_POINT('',(190.671472,4.125,8.2));
#94=VERTEX_POINT('',#93);
#95=CARTESIAN_POINT('',(190.571584,4.125,8.441181));
#96=VERTEX_POINT('',#95);
#97=CARTESIAN_POINT('',(190.537504,4.125,8.7));
#98=VERTEX_POINT('',#97);
#99=CARTESIAN_POINT('',(190.571584,4.125,8.958819));
#100=VERTEX_POINT('',#99);
#101=CARTESIAN_POINT('',(190.671472,4.125,9.2));
#102=VERTEX_POINT('',#101);
#103=CARTESIAN_POINT('',(190.8304,4.125,9.407106));
#104=VERTEX_POINT('',#103);
#105=CARTESIAN_POINT('',(191.037504,4.125,9.566026));
#106=VERTEX_POINT('',#105);
#107=CARTESIAN_POINT('',(191.278688,4.125,9.665926));
#108=VERTEX_POINT('',#107);
#109=CARTESIAN_POINT('',(191.537504,4.125,9.7));
#110=VERTEX_POINT('',#109);
#111=CARTESIAN_POINT('',(191.79632,4.125,9.665926));
#112=VERTEX_POINT('',#111);
#113=CARTESIAN_POINT('',(192.037504,4.125,9.566026));
#114=VERTEX_POINT('',#113);
#115=CARTESIAN_POINT('',(192.244608,4.125,9.407106));
#116=VERTEX_POINT('',#115);
#117=CARTESIAN_POINT('',(192.40352,4.125,9.2));
#118=VERTEX_POINT('',#117);
#119=CARTESIAN_POINT('',(192.50344,4.125,8.958819));
#120=VERTEX_POINT('',#119);
#121=CARTESIAN_POINT('',(96.242504,4.125,-66.095));
#122=VERTEX_POINT('',#121);
#123=CARTESIAN_POINT('',(96.208424,4.125,-66.35382));
#124=VERTEX_POINT('',#123);
#125=CARTESIAN_POINT('',(96.108528,4.125,-66.595));
#126=VERTEX_POINT('',#125);
#127=CARTESIAN_POINT('',(95.949608,4.125,-66.802108));
#128=VERTEX_POINT('',#127);
#129=CARTESIAN_POINT('',(95.742504,4.125,-66.961028));
#130=VERTEX_POINT('',#129);
#131=CARTESIAN_POINT('',(95.50132,4.125,-67.060928));
#132=VERTEX_POINT('',#131);
#133=CARTESIAN_POINT('',(95.242504,4.125,-67.095));
#134=VERTEX_POINT('',#133);
#135=CARTESIAN_POINT('',(94.98368,4.125,-67.060928));
#136=VERTEX_POINT('',#135);
#137=CARTESIAN_POINT('',(94.742504,4.125,-66.961028));
#138=VERTEX_POINT('',#137);
#139=CARTESIAN_POINT('',(94.535392,4.125,-66.802108));
#140=VERTEX_POINT('',#139);
#141=CARTESIAN_POINT('',(94.376472,4.125,-66.595));
#142=VERTEX_POINT('',#141);
#143=CARTESIAN_POINT('',(94.276576,4.125,-66.35382));
#144=VERTEX_POINT('',#143);
#145=CARTESIAN_POINT('',(94.242504,4.125,-66.095));
#146=VERTEX_POINT('',#145);
#147=CARTESIAN_POINT('',(94.276576,4.125,-65.83618));
#148=VERTEX_POINT('',#147);
#149=CARTESIAN_POINT('',(94.376472,4.125,-65.595));
#150=VERTEX_POINT('',#149);
#151=CARTESIAN_POINT('',(94.535392,4.125,-65.387892));
#152=VERTEX_POINT('',#151);
#153=CARTESIAN_POINT('',(94.742504,4.125,-65.228972));
#154=VERTEX_POINT('',#153);
#155=CARTESIAN_POINT('',(94.98368,4.125,-65.129076));
#156=VERTEX_POINT('',#155);
#157=CARTESIAN_POINT('',(95.242504,4.125,-65.095));
#158=VERTEX_POINT('',#157);
#159=CARTESIAN_POINT('',(95.50132,4.125,-65.129076));
#160=VERTEX_POINT('',#159);
#161=CARTESIAN_POINT('',(95.742504,4.125,-65.228972));
#162=VERTEX_POINT('',#161);
#163=CARTESIAN_POINT('',(95.949608,4.125,-65.387892));
#164=VERTEX_POINT('',#163);
#165=CARTESIAN_POINT('',(96.108528,4.125,-65.595));
#166=VERTEX_POINT('',#165);
#167=CARTESIAN_POINT('',(96.208424,4.125,-65.83618));
#168=VERTEX_POINT('',#167);
#169=CARTESIAN_POINT('',(93.742504,4.125,11.2));
#170=VERTEX_POINT('',#169);
#171=CARTESIAN_POINT('',(93.48368,4.125,11.165926));
#172=VERTEX_POINT('',#171);
#173=CARTESIAN_POINT('',(93.242504,4.125,11.066026));
#174=VERTEX_POINT('',#173);
#175=CARTESIAN_POINT('',(93.035392,4.125,10.907106));
#176=VERTEX_POINT('',#175);
#177=CARTESIAN_POINT('',(92.876472,4.125,10.7));
#178=VERTEX_POINT('',#177);
#179=CARTESIAN_POINT('',(92.776576,4.125,10.458819));
#180=VERTEX_POINT('',#179);
#181=CARTESIAN_POINT('',(92.742504,4.125,10.2));
#182=VERTEX_POINT('',#181);
#183=CARTESIAN_POINT('',(92.742504,4.125,-67.595));
#184=VERTEX_POINT('',#183);
#185=CARTESIAN_POINT('',(92.776576,4.125,-67.853824));
#186=VERTEX_POINT('',#185);
#187=CARTESIAN_POINT('',(92.876472,4.125,-68.095));
#188=VERTEX_POINT('',#187);
#189=CARTESIAN_POINT('',(93.035392,4.125,-68.302112));
#190=VERTEX_POINT('',#189);
#191=CARTESIAN_POINT('',(93.242504,4.125,-68.461032));
#192=VERTEX_POINT('',#191);
#193=CARTESIAN_POINT('',(93.48368,4.125,-68.560928));
#194=VERTEX_POINT('',#193);
#195=CARTESIAN_POINT('',(93.742504,4.125,-68.595));
#196=VERTEX_POINT('',#195);
#197=CARTESIAN_POINT('',(193.037504,4.125,-68.595));
#198=VERTEX_POINT('',#197);
#199=CARTESIAN_POINT('',(193.29632,4.125,-68.560928));
#200=VERTEX_POINT('',#199);
#201=CARTESIAN_POINT('',(193.537504,4.125,-68.461032));
#202=VERTEX_POINT('',#201);
#203=CARTESIAN_POINT('',(193.744608,4.125,-68.302112));
#204=VERTEX_POINT('',#203);
#205=CARTESIAN_POINT('',(193.90352,4.125,-68.095));
#206=VERTEX_POINT('',#205);
#207=CARTESIAN_POINT('',(194.00344,4.125,-67.853824));
#208=VERTEX_POINT('',#207);
#209=CARTESIAN_POINT('',(93.742504,8.625,11.2));
#210=VERTEX_POINT('',#209);
#211=CARTESIAN_POINT('',(93.48368,8.625,11.165926));
#212=VERTEX_POINT('',#211);
#213=CARTESIAN_POINT('',(93.242504,8.625,11.066026));
#214=VERTEX_POINT('',#213);
#215=CARTESIAN_POINT('',(93.035392,8.625,10.907106));
#216=VERTEX_POINT('',#215);
#217=CARTESIAN_POINT('',(92.876472,8.625,10.7));
#218=VERTEX_POINT('',#217);
#219=CARTESIAN_POINT('',(92.776576,8.625,10.458819));
#220=VERTEX_POINT('',#219);
#221=CARTESIAN_POINT('',(92.742504,8.625,10.2));
#222=VERTEX_POINT('',#221);
#223=CARTESIAN_POINT('',(92.742504,8.625,-67.595));
#224=VERTEX_POINT('',#223);
#225=CARTESIAN_POINT('',(92.776576,8.625,-67.853824));
#226=VERTEX_POINT('',#225);
#227=CARTESIAN_POINT('',(92.876472,8.625,-68.095));
#228=VERTEX_POINT('',#227);
#229=CARTESIAN_POINT('',(93.035392,8.625,-68.302112));
#230=VERTEX_POINT('',#229);
#231=CARTESIAN_POINT('',(93.242504,8.625,-68.461032));
#232=VERTEX_POINT('',#231);
#233=CARTESIAN_POINT('',(93.48368,8.625,-68.560928));
#234=VERTEX_POINT('',#233);
#235=CARTESIAN_POINT('',(93.742504,8.625,-68.595));
#236=VERTEX_POINT('',#235);
#237=CARTESIAN_POINT('',(193.037504,8.625,-68.595));
#238=VERTEX_POINT('',#237);
#239=CARTESIAN_POINT('',(193.29632,8.625,-68.560928));
#240=VERTEX_POINT('',#239);
#241=CARTESIAN_POINT('',(193.537504,8.625,-68.461032));
#242=VERTEX_POINT('',#241);
#243=CARTESIAN_POINT('',(193.744608,8.625,-68.302112));
#244=VERTEX_POINT('',#243);
#245=CARTESIAN_POINT('',(193.90352,8.625,-68.095));
#246=VERTEX_POINT('',#245);
#247=CARTESIAN_POINT('',(194.00344,8.625,-67.853824));
#248=VERTEX_POINT('',#247);
#249=CARTESIAN_POINT('',(189.137504,8.625,-63.695));
#250=VERTEX_POINT('',#249);
#251=CARTESIAN_POINT('',(189.137504,8.625,-35.98326));
#252=VERTEX_POINT('',#251);
#253=CARTESIAN_POINT('',(189.037504,8.625,-35.98326));
#254=VERTEX_POINT('',#253);
#255=CARTESIAN_POINT('',(189.037504,8.625,6.2));
#256=VERTEX_POINT('',#255);
#257=CARTESIAN_POINT('',(97.742504,8.625,6.2));
#258=VERTEX_POINT('',#257);
#259=CARTESIAN_POINT('',(97.742504,8.625,-63.595));
#260=VERTEX_POINT('',#259);
#261=CARTESIAN_POINT('',(115.966752,8.625,-63.595));
#262=VERTEX_POINT('',#261);
#263=CARTESIAN_POINT('',(115.966752,8.625,-63.695));
#264=VERTEX_POINT('',#263);
#265=CARTESIAN_POINT('',(192.537504,8.625,8.7));
#266=VERTEX_POINT('',#265);
#267=CARTESIAN_POINT('',(192.50344,8.625,8.958819));
#268=VERTEX_POINT('',#267);
#269=CARTESIAN_POINT('',(192.40352,8.625,9.2));
#270=VERTEX_POINT('',#269);
#271=CARTESIAN_POINT('',(192.244608,8.625,9.407106));
#272=VERTEX_POINT('',#271);
#273=CARTESIAN_POINT('',(192.037504,8.625,9.566026));
#274=VERTEX_POINT('',#273);
#275=CARTESIAN_POINT('',(191.79632,8.625,9.665926));
#276=VERTEX_POINT('',#275);
#277=CARTESIAN_POINT('',(191.537504,8.625,9.7));
#278=VERTEX_POINT('',#277);
#279=CARTESIAN_POINT('',(191.278688,8.625,9.665926));
#280=VERTEX_POINT('',#279);
#281=CARTESIAN_POINT('',(191.037504,8.625,9.566026));
#282=VERTEX_POINT('',#281);
#283=CARTESIAN_POINT('',(190.8304,8.625,9.407106));
#284=VERTEX_POINT('',#283);
#285=CARTESIAN_POINT('',(190.671472,8.625,9.2));
#286=VERTEX_POINT('',#285);
#287=CARTESIAN_POINT('',(190.571584,8.625,8.958819));
#288=VERTEX_POINT('',#287);
#289=CARTESIAN_POINT('',(190.537504,8.625,8.7));
#290=VERTEX_POINT('',#289);
#291=CARTESIAN_POINT('',(190.571584,8.625,8.441181));
#292=VERTEX_POINT('',#291);
#293=CARTESIAN_POINT('',(190.671472,8.625,8.2));
#294=VERTEX_POINT('',#293);
#295=CARTESIAN_POINT('',(190.8304,8.625,7.992893));
#296=VERTEX_POINT('',#295);
#297=CARTESIAN_POINT('',(191.037504,8.625,7.833974));
#298=VERTEX_POINT('',#297);
#299=CARTESIAN_POINT('',(191.278688,8.625,7.734074));
#300=VERTEX_POINT('',#299);
#301=CARTESIAN_POINT('',(191.537504,8.625,7.7));
#302=VERTEX_POINT('',#301);
#303=CARTESIAN_POINT('',(191.79632,8.625,7.734074));
#304=VERTEX_POINT('',#303);
#305=CARTESIAN_POINT('',(192.037504,8.625,7.833974));
#306=VERTEX_POINT('',#305);
#307=CARTESIAN_POINT('',(192.244608,8.625,7.992893));
#308=VERTEX_POINT('',#307);
#309=CARTESIAN_POINT('',(192.40352,8.625,8.2));
#310=VERTEX_POINT('',#309);
#311=CARTESIAN_POINT('',(192.50344,8.625,8.441181));
#312=VERTEX_POINT('',#311);
#313=CARTESIAN_POINT('',(96.242504,8.625,-66.095));
#314=VERTEX_POINT('',#313);
#315=CARTESIAN_POINT('',(96.208424,8.625,-65.83618));
#316=VERTEX_POINT('',#315);
#317=CARTESIAN_POINT('',(96.108528,8.625,-65.595));
#318=VERTEX_POINT('',#317);
#319=CARTESIAN_POINT('',(95.949608,8.625,-65.387892));
#320=VERTEX_POINT('',#319);
#321=CARTESIAN_POINT('',(95.742504,8.625,-65.228972));
#322=VERTEX_POINT('',#321);
#323=CARTESIAN_POINT('',(95.50132,8.625,-65.129076));
#324=VERTEX_POINT('',#323);
#325=CARTESIAN_POINT('',(95.242504,8.625,-65.095));
#326=VERTEX_POINT('',#325);
#327=CARTESIAN_POINT('',(94.98368,8.625,-65.129076));
#328=VERTEX_POINT('',#327);
#329=CARTESIAN_POINT('',(94.742504,8.625,-65.228972));
#330=VERTEX_POINT('',#329);
#331=CARTESIAN_POINT('',(94.535392,8.625,-65.387892));
#332=VERTEX_POINT('',#331);
#333=CARTESIAN_POINT('',(94.376472,8.625,-65.595));
#334=VERTEX_POINT('',#333);
#335=CARTESIAN_POINT('',(94.276576,8.625,-65.83618));
#336=VERTEX_POINT('',#335);
#337=CARTESIAN_POINT('',(94.242504,8.625,-66.095));
#338=VERTEX_POINT('',#337);
#339=CARTESIAN_POINT('',(94.276576,8.625,-66.35382));
#340=VERTEX_POINT('',#339);
#341=CARTESIAN_POINT('',(94.376472,8.625,-66.595));
#342=VERTEX_POINT('',#341);
#343=CARTESIAN_POINT('',(94.535392,8.625,-66.802108));
#344=VERTEX_POINT('',#343);
#345=CARTESIAN_POINT('',(94.742504,8.625,-66.961028));
#346=VERTEX_POINT('',#345);
#347=CARTESIAN_POINT('',(94.98368,8.625,-67.060928));
#348=VERTEX_POINT('',#347);
#349=CARTESIAN_POINT('',(95.242504,8.625,-67.095));
#350=VERTEX_POINT('',#349);
#351=CARTESIAN_POINT('',(95.50132,8.625,-67.060928));
#352=VERTEX_POINT('',#351);
#353=CARTESIAN_POINT('',(95.742504,8.625,-66.961028));
#354=VERTEX_POINT('',#353);
#355=CARTESIAN_POINT('',(95.949608,8.625,-66.802108));
#356=VERTEX_POINT('',#355);
#357=CARTESIAN_POINT('',(96.108528,8.625,-66.595));
#358=VERTEX_POINT('',#357);
#359=CARTESIAN_POINT('',(96.208424,8.625,-66.35382));
#360=VERTEX_POINT('',#359);
#361=CARTESIAN_POINT('',(189.037504,7.125,6.2));
#362=VERTEX_POINT('',#361);
#363=CARTESIAN_POINT('',(97.742504,7.125,6.2));
#364=VERTEX_POINT('',#363);
#365=CARTESIAN_POINT('',(97.742504,7.125,-63.595));
#366=VERTEX_POINT('',#365);
#367=CARTESIAN_POINT('',(115.966752,7.125,-63.595));
#368=VERTEX_POINT('',#367);
#369=CARTESIAN_POINT('',(115.966752,7.125,-63.695));
#370=VERTEX_POINT('',#369);
#371=CARTESIAN_POINT('',(189.037504,7.125,-35.98326));
#372=VERTEX_POINT('',#371);
#373=CARTESIAN_POINT('',(189.137504,7.125,-35.98326));
#374=VERTEX_POINT('',#373);
#375=CARTESIAN_POINT('',(189.137504,7.125,-63.695));
#376=VERTEX_POINT('',#375);
#377=FACE_SURFACE('',(#382),#378,.T.);
#378=PLANE('',#379);
#379=AXIS2_PLACEMENT_3D('',#67,#380,#381);
#380=DIRECTION('',(0.13052704766693377,0,0.9914447487517164));
#381=DIRECTION('',(0,-1,0));
#382=FACE_BOUND('',#383,.T.);
#383=EDGE_LOOP('',(#384,#385,#386));
#384=ORIENTED_EDGE('',*,*,#387,.T.);
#385=ORIENTED_EDGE('',*,*,#388,.T.);
#386=ORIENTED_EDGE('',*,*,#389,.T.);
#387=EDGE_CURVE('',#68,#42,#390,.F.);
#388=EDGE_CURVE('',#42,#66,#391,.T.);
#389=EDGE_CURVE('',#66,#68,#392,.T.);
#390=LINE('',#67,#393);
#391=LINE('',#41,#394);
#392=LINE('',#65,#395);
#393=VECTOR('',#396,1.0);
#394=VECTOR('',#397,1.0);
#395=VECTOR('',#398,1.0);
#396=DIRECTION('',(0,-1,0));
#397=DIRECTION('',(0.05741813399193548,0.9983215989881372,-0.007559291147537866));
#398=DIRECTION('',(-0.9914447487517163,0,0.13052704766693377));
#399=FACE_SURFACE('',(#404),#400,.T.);
#400=PLANE('',#401);
#401=AXIS2_PLACEMENT_3D('',#65,#402,#403);
#402=DIRECTION('',(0.13052704766693377,0,0.9914447487517164));
#403=DIRECTION('',(-0.05741813399193548,-0.9983215989881372,0.007559291147537866));
#404=FACE_BOUND('',#405,.T.);
#405=EDGE_LOOP('',(#406,#407,#408));
#406=ORIENTED_EDGE('',*,*,#409,.T.);
#407=ORIENTED_EDGE('',*,*,#410,.T.);
#408=ORIENTED_EDGE('',*,*,#411,.T.);
#409=EDGE_CURVE('',#66,#42,#412,.F.);
#410=EDGE_CURVE('',#42,#44,#413,.T.);
#411=EDGE_CURVE('',#44,#66,#414,.T.);
#412=LINE('',#65,#415);
#413=LINE('',#41,#416);
#414=LINE('',#43,#417);
#415=VECTOR('',#418,1.0);
#416=VECTOR('',#419,1.0);
#417=VECTOR('',#420,1.0);
#418=DIRECTION('',(-0.05741813399193548,-0.9983215989881372,0.007559291147537866));
#419=DIRECTION('',(0.9914447487517163,0,-0.13052704766693377));
#420=DIRECTION('',(0,1,0));
#421=FACE_SURFACE('',(#426),#422,.T.);
#422=PLANE('',#423);
#423=AXIS2_PLACEMENT_3D('',#65,#424,#425);
#424=DIRECTION('',(0.38267792686564767,0,0.9238818129446049));
#425=DIRECTION('',(0,-1,0));
#426=FACE_BOUND('',#427,.T.);
#427=EDGE_LOOP('',(#428,#429,#430));
#428=ORIENTED_EDGE('',*,*,#431,.T.);
#429=ORIENTED_EDGE('',*,*,#432,.T.);
#430=ORIENTED_EDGE('',*,*,#433,.T.);
#431=EDGE_CURVE('',#66,#44,#434,.F.);
#432=EDGE_CURVE('',#44,#64,#435,.T.);
#433=EDGE_CURVE('',#64,#66,#436,.T.);
#434=LINE('',#65,#437);
#435=LINE('',#43,#438);
#436=LINE('',#63,#439);
#437=VECTOR('',#440,1.0);
#438=VECTOR('',#441,1.0);
#439=VECTOR('',#442,1.0);
#440=DIRECTION('',(0,-1,0));
#441=DIRECTION('',(0.05350648420388584,0.9983215259614329,-0.02216273787634378));
#442=DIRECTION('',(-0.923881812944605,0,0.38267792686564767));
#443=FACE_SURFACE('',(#448),#444,.T.);
#444=PLANE('',#445);
#445=AXIS2_PLACEMENT_3D('',#63,#446,#447);
#446=DIRECTION('',(0.38267792686564767,0,0.9238818129446049));
#447=DIRECTION('',(-0.05350648420388584,-0.9983215259614329,0.02216273787634378));
#448=FACE_BOUND('',#449,.T.);
#449=EDGE_LOOP('',(#450,#451,#452));
#450=ORIENTED_EDGE('',*,*,#453,.T.);
#451=ORIENTED_EDGE('',*,*,#454,.T.);
#452=ORIENTED_EDGE('',*,*,#455,.T.);
#453=EDGE_CURVE('',#64,#44,#456,.F.);
#454=EDGE_CURVE('',#44,#46,#457,.T.);
#455=EDGE_CURVE('',#46,#64,#458,.T.);
#456=LINE('',#63,#459);
#457=LINE('',#43,#460);
#458=LINE('',#45,#461);
#459=VECTOR('',#462,1.0);
#460=VECTOR('',#463,1.0);
#461=VECTOR('',#464,1.0);
#462=DIRECTION('',(-0.05350648420388584,-0.9983215259614329,0.02216273787634378));
#463=DIRECTION('',(0.923881812944605,0,-0.38267792686564767));
#464=DIRECTION('',(0,1,0));
#465=FACE_SURFACE('',(#470),#466,.T.);
#466=PLANE('',#467);
#467=AXIS2_PLACEMENT_3D('',#63,#468,#469);
#468=DIRECTION('',(0.6087698953650201,0,0.7933468437557827));
#469=DIRECTION('',(0,-1,0));
#470=FACE_BOUND('',#471,.T.);
#471=EDGE_LOOP('',(#472,#473,#474));
#472=ORIENTED_EDGE('',*,*,#475,.T.);
#473=ORIENTED_EDGE('',*,*,#476,.T.);
#474=ORIENTED_EDGE('',*,*,#477,.T.);
#475=EDGE_CURVE('',#64,#46,#478,.F.);
#476=EDGE_CURVE('',#46,#62,#479,.T.);
#477=EDGE_CURVE('',#62,#64,#480,.T.);
#478=LINE('',#63,#481);
#479=LINE('',#45,#482);
#480=LINE('',#61,#483);
#481=VECTOR('',#484,1.0);
#482=VECTOR('',#485,1.0);
#483=VECTOR('',#486,1.0);
#484=DIRECTION('',(0,-1,0));
#485=DIRECTION('',(0.04594586488678385,0.9983215775192196,-0.0352562811331899));
#486=DIRECTION('',(-0.7933468437557828,0,0.6087698953650201));
#487=FACE_SURFACE('',(#492),#488,.T.);
#488=PLANE('',#489);
#489=AXIS2_PLACEMENT_3D('',#61,#490,#491);
#490=DIRECTION('',(0.6087698953650201,0,0.7933468437557827));
#491=DIRECTION('',(-0.04594586488678385,-0.9983215775192196,0.0352562811331899));
#492=FACE_BOUND('',#493,.T.);
#493=EDGE_LOOP('',(#494,#495,#496));
#494=ORIENTED_EDGE('',*,*,#497,.T.);
#495=ORIENTED_EDGE('',*,*,#498,.T.);
#496=ORIENTED_EDGE('',*,*,#499,.T.);
#497=EDGE_CURVE('',#62,#46,#500,.F.);
#498=EDGE_CURVE('',#46,#48,#501,.T.);
#499=EDGE_CURVE('',#48,#62,#502,.T.);
#500=LINE('',#61,#503);
#501=LINE('',#45,#504);
#502=LINE('',#47,#505);
#503=VECTOR('',#506,1.0);
#504=VECTOR('',#507,1.0);
#505=VECTOR('',#508,1.0);
#506=DIRECTION('',(-0.04594586488678385,-0.9983215775192196,0.0352562811331899));
#507=DIRECTION('',(0.7933468437557828,0,-0.6087698953650201));
#508=DIRECTION('',(0,1,0));
#509=FACE_SURFACE('',(#514),#510,.T.);
#510=PLANE('',#511);
#511=AXIS2_PLACEMENT_3D('',#61,#512,#513);
#512=DIRECTION('',(0.7933644835949852,0,0.6087469064973244));
#513=DIRECTION('',(0,-1,0));
#514=FACE_BOUND('',#515,.T.);
#515=EDGE_LOOP('',(#516,#517,#518));
#516=ORIENTED_EDGE('',*,*,#519,.T.);
#517=ORIENTED_EDGE('',*,*,#520,.T.);
#518=ORIENTED_EDGE('',*,*,#521,.T.);
#519=EDGE_CURVE('',#62,#48,#522,.F.);
#520=EDGE_CURVE('',#48,#60,#523,.T.);
#521=EDGE_CURVE('',#60,#62,#524,.T.);
#522=LINE('',#61,#525);
#523=LINE('',#47,#526);
#524=LINE('',#59,#527);
#525=VECTOR('',#528,1.0);
#526=VECTOR('',#529,1.0);
#527=VECTOR('',#530,1.0);
#528=DIRECTION('',(0,-1,0));
#529=DIRECTION('',(0.03525450782647743,0.9983216196332675,-0.04594631052350419));
#530=DIRECTION('',(-0.6087469064973243,0,0.7933644835949852));
#531=FACE_SURFACE('',(#536),#532,.T.);
#532=PLANE('',#533);
#533=AXIS2_PLACEMENT_3D('',#59,#534,#535);
#534=DIRECTION('',(0.7933644835949852,0,0.6087469064973244));
#535=DIRECTION('',(-0.03525450782647743,-0.9983216196332675,0.04594631052350419));
#536=FACE_BOUND('',#537,.T.);
#537=EDGE_LOOP('',(#538,#539,#540));
#538=ORIENTED_EDGE('',*,*,#541,.T.);
#539=ORIENTED_EDGE('',*,*,#542,.T.);
#540=ORIENTED_EDGE('',*,*,#543,.T.);
#541=EDGE_CURVE('',#60,#48,#544,.F.);
#542=EDGE_CURVE('',#48,#50,#545,.T.);
#543=EDGE_CURVE('',#50,#60,#546,.T.);
#544=LINE('',#59,#547);
#545=LINE('',#47,#548);
#546=LINE('',#49,#549);
#547=VECTOR('',#550,1.0);
#548=VECTOR('',#551,1.0);
#549=VECTOR('',#552,1.0);
#550=DIRECTION('',(-0.03525450782647743,-0.9983216196332675,0.04594631052350419));
#551=DIRECTION('',(0.6087469064973243,0,-0.7933644835949852));
#552=DIRECTION('',(0,1,0));
#553=FACE_SURFACE('',(#558),#554,.T.);
#554=PLANE('',#555);
#555=AXIS2_PLACEMENT_3D('',#59,#556,#557);
#556=DIRECTION('',(0.9238530418015016,0,0.3827473803360553));
#557=DIRECTION('',(0,-1,0));
#558=FACE_BOUND('',#559,.T.);
#559=EDGE_LOOP('',(#560,#561,#562));
#560=ORIENTED_EDGE('',*,*,#563,.T.);
#561=ORIENTED_EDGE('',*,*,#564,.T.);
#562=ORIENTED_EDGE('',*,*,#565,.T.);
#563=EDGE_CURVE('',#60,#50,#566,.F.);
#564=EDGE_CURVE('',#50,#58,#567,.T.);
#565=EDGE_CURVE('',#58,#60,#568,.T.);
#566=LINE('',#59,#569);
#567=LINE('',#49,#570);
#568=LINE('',#57,#571);
#569=VECTOR('',#572,1.0);
#570=VECTOR('',#573,1.0);
#571=VECTOR('',#574,1.0);
#572=DIRECTION('',(0,-1,0));
#573=DIRECTION('',(0.022167173470258997,0.9983214633320633,-0.053505815299531016));
#574=DIRECTION('',(-0.38274738033605527,0,0.9238530418015015));
#575=FACE_SURFACE('',(#580),#576,.T.);
#576=PLANE('',#577);
#577=AXIS2_PLACEMENT_3D('',#57,#578,#579);
#578=DIRECTION('',(0.9238530418015016,0,0.3827473803360553));
#579=DIRECTION('',(-0.022167173470258997,-0.9983214633320633,0.053505815299531016));
#580=FACE_BOUND('',#581,.T.);
#581=EDGE_LOOP('',(#582,#583,#584));
#582=ORIENTED_EDGE('',*,*,#585,.T.);
#583=ORIENTED_EDGE('',*,*,#586,.T.);
#584=ORIENTED_EDGE('',*,*,#587,.T.);
#585=EDGE_CURVE('',#58,#50,#588,.F.);
#586=EDGE_CURVE('',#50,#52,#589,.T.);
#587=EDGE_CURVE('',#52,#58,#590,.T.);
#588=LINE('',#57,#591);
#589=LINE('',#49,#592);
#590=LINE('',#51,#593);
#591=VECTOR('',#594,1.0);
#592=VECTOR('',#595,1.0);
#593=VECTOR('',#596,1.0);
#594=DIRECTION('',(-0.022167173470258997,-0.9983214633320633,0.053505815299531016));
#595=DIRECTION('',(0.38274738033605527,0,-0.9238530418015015));
#596=DIRECTION('',(0,1,0));
#597=FACE_SURFACE('',(#602),#598,.T.);
#598=PLANE('',#599);
#599=AXIS2_PLACEMENT_3D('',#57,#600,#601);
#600=DIRECTION('',(0.9914499010542668,0,0.1304879063342073));
#601=DIRECTION('',(0,-1,0));
#602=FACE_BOUND('',#603,.T.);
#603=EDGE_LOOP('',(#604,#605,#606));
#604=ORIENTED_EDGE('',*,*,#607,.T.);
#605=ORIENTED_EDGE('',*,*,#608,.T.);
#606=ORIENTED_EDGE('',*,*,#609,.T.);
#607=EDGE_CURVE('',#58,#52,#610,.F.);
#608=EDGE_CURVE('',#52,#56,#611,.T.);
#609=EDGE_CURVE('',#56,#58,#612,.T.);
#610=LINE('',#57,#613);
#611=LINE('',#51,#614);
#612=LINE('',#55,#615);
#613=VECTOR('',#616,1.0);
#614=VECTOR('',#617,1.0);
#615=VECTOR('',#618,1.0);
#616=DIRECTION('',(0,-1,0));
#617=DIRECTION('',(0.007557072493019909,0.9983215775771733,-0.05741879830821049));
#618=DIRECTION('',(-0.13048790633420723,0,0.9914499010542666));
#619=FACE_SURFACE('',(#624),#620,.T.);
#620=PLANE('',#621);
#621=AXIS2_PLACEMENT_3D('',#55,#622,#623);
#622=DIRECTION('',(0.9914499010542668,0,0.1304879063342073));
#623=DIRECTION('',(-0.007557072493019909,-0.9983215775771733,0.05741879830821049));
#624=FACE_BOUND('',#625,.T.);
#625=EDGE_LOOP('',(#626,#627,#628));
#626=ORIENTED_EDGE('',*,*,#629,.T.);
#627=ORIENTED_EDGE('',*,*,#630,.T.);
#628=ORIENTED_EDGE('',*,*,#631,.T.);
#629=EDGE_CURVE('',#56,#52,#632,.F.);
#630=EDGE_CURVE('',#52,#54,#633,.T.);
#631=EDGE_CURVE('',#54,#56,#634,.T.);
#632=LINE('',#55,#635);
#633=LINE('',#51,#636);
#634=LINE('',#53,#637);
#635=VECTOR('',#638,1.0);
#636=VECTOR('',#639,1.0);
#637=VECTOR('',#640,1.0);
#638=DIRECTION('',(-0.007557072493019909,-0.9983215775771733,0.05741879830821049));
#639=DIRECTION('',(0.13048790633420723,0,-0.9914499010542666));
#640=DIRECTION('',(0,1,0));
#641=FACE_SURFACE('',(#646),#642,.T.);
#642=PLANE('',#643);
#643=AXIS2_PLACEMENT_3D('',#53,#644,#645);
#644=DIRECTION('',(1,-0,0));
#645=DIRECTION('',(0,0,-1));
#646=FACE_BOUND('',#647,.T.);
#647=EDGE_LOOP('',(#648,#649,#650));
#648=ORIENTED_EDGE('',*,*,#651,.T.);
#649=ORIENTED_EDGE('',*,*,#652,.T.);
#650=ORIENTED_EDGE('',*,*,#653,.T.);
#651=EDGE_CURVE('',#54,#70,#654,.F.);
#652=EDGE_CURVE('',#70,#56,#655,.T.);
#653=EDGE_CURVE('',#56,#54,#656,.T.);
#654=LINE('',#53,#657);
#655=LINE('',#69,#658);
#656=LINE('',#55,#659);
#657=VECTOR('',#660,1.0);
#658=VECTOR('',#661,1.0);
#659=VECTOR('',#662,1.0);
#660=DIRECTION('',(0,0,-1));
#661=DIRECTION('',(0,0.05774780402412236,0.9983312031236886));
#662=DIRECTION('',(0,-1,0));
#663=FACE_SURFACE('',(#668),#664,.T.);
#664=PLANE('',#665);
#665=AXIS2_PLACEMENT_3D('',#55,#666,#667);
#666=DIRECTION('',(1,0,0));
#667=DIRECTION('',(0,-0.05774780402412236,-0.9983312031236886));
#668=FACE_BOUND('',#669,.T.);
#669=EDGE_LOOP('',(#670,#671,#672));
#670=ORIENTED_EDGE('',*,*,#673,.T.);
#671=ORIENTED_EDGE('',*,*,#674,.T.);
#672=ORIENTED_EDGE('',*,*,#675,.T.);
#673=EDGE_CURVE('',#56,#70,#676,.F.);
#674=EDGE_CURVE('',#70,#72,#677,.T.);
#675=EDGE_CURVE('',#72,#56,#678,.T.);
#676=LINE('',#55,#679);
#677=LINE('',#69,#680);
#678=LINE('',#71,#681);
#679=VECTOR('',#682,1.0);
#680=VECTOR('',#683,1.0);
#681=VECTOR('',#684,1.0);
#682=DIRECTION('',(0,-0.05774780402412236,-0.9983312031236886));
#683=DIRECTION('',(0,1,0));
#684=DIRECTION('',(0,0,1));
#685=FACE_SURFACE('',(#690),#686,.T.);
#686=PLANE('',#687);
#687=AXIS2_PLACEMENT_3D('',#119,#688,#689);
#688=DIRECTION('',(0,-1,0));
#689=DIRECTION('',(0.13048790633420723,0,-0.9914499010542666));
#690=FACE_BOUND('',#691,.T.);
#691=EDGE_LOOP('',(#692,#693,#694));
#692=ORIENTED_EDGE('',*,*,#695,.T.);
#693=ORIENTED_EDGE('',*,*,#696,.T.);
#694=ORIENTED_EDGE('',*,*,#697,.T.);
#695=EDGE_CURVE('',#120,#74,#698,.F.);
#696=EDGE_CURVE('',#74,#54,#699,.T.);
#697=EDGE_CURVE('',#54,#120,#700,.T.);
#698=LINE('',#119,#701);
#699=LINE('',#73,#702);
#700=LINE('',#53,#703);
#701=VECTOR('',#704,1.0);
#702=VECTOR('',#705,1.0);
#703=VECTOR('',#706,1.0);
#704=DIRECTION('',(0.13048790633420723,0,-0.9914499010542666));
#705=DIRECTION('',(0.7071067811865476,0,0.7071067811865476));
#706=DIRECTION('',(-0.7774134498307244,0,-0.6289899268051053));
#707=FACE_SURFACE('',(#712),#708,.T.);
#708=PLANE('',#709);
#709=AXIS2_PLACEMENT_3D('',#53,#710,#711);
#710=DIRECTION('',(0,-1,0));
#711=DIRECTION('',(-0.7071067811865476,0,-0.7071067811865476));
#712=FACE_BOUND('',#713,.T.);
#713=EDGE_LOOP('',(#714,#715,#716));
#714=ORIENTED_EDGE('',*,*,#717,.T.);
#715=ORIENTED_EDGE('',*,*,#718,.T.);
#716=ORIENTED_EDGE('',*,*,#719,.T.);
#717=EDGE_CURVE('',#54,#74,#720,.F.);
#718=EDGE_CURVE('',#74,#76,#721,.T.);
#719=EDGE_CURVE('',#76,#54,#722,.T.);
#720=LINE('',#53,#723);
#721=LINE('',#73,#724);
#722=LINE('',#75,#725);
#723=VECTOR('',#726,1.0);
#724=VECTOR('',#727,1.0);
#725=VECTOR('',#728,1.0);
#726=DIRECTION('',(-0.7071067811865476,0,-0.7071067811865476));
#727=DIRECTION('',(-0.13048790633420812,0,-0.9914499010542664));
#728=DIRECTION('',(0.6573140242508017,0,0.7536167948786814));
#729=FACE_SURFACE('',(#734),#730,.T.);
#730=PLANE('',#731);
#731=AXIS2_PLACEMENT_3D('',#53,#732,#733);
#732=DIRECTION('',(0,-1,0));
#733=DIRECTION('',(-0.6573140242508017,0,-0.7536167948786814));
#734=FACE_BOUND('',#735,.T.);
#735=EDGE_LOOP('',(#736,#737,#738));
#736=ORIENTED_EDGE('',*,*,#739,.T.);
#737=ORIENTED_EDGE('',*,*,#740,.T.);
#738=ORIENTED_EDGE('',*,*,#741,.T.);
#739=EDGE_CURVE('',#54,#76,#742,.F.);
#740=EDGE_CURVE('',#76,#78,#743,.T.);
#741=EDGE_CURVE('',#78,#54,#744,.T.);
#742=LINE('',#53,#745);
#743=LINE('',#75,#746);
#744=LINE('',#77,#747);
#745=VECTOR('',#748,1.0);
#746=VECTOR('',#749,1.0);
#747=VECTOR('',#750,1.0);
#748=DIRECTION('',(-0.6573140242508017,0,-0.7536167948786814));
#749=DIRECTION('',(-0.38274738033605293,0,-0.9238530418015026));
#750=DIRECTION('',(0.6326856982044363,0,0.7744086823425762));
#751=FACE_SURFACE('',(#756),#752,.T.);
#752=PLANE('',#753);
#753=AXIS2_PLACEMENT_3D('',#77,#754,#755);
#754=DIRECTION('',(0,-1,-0));
#755=DIRECTION('',(-0.6087450564251833,0,-0.793365903148037));
#756=FACE_BOUND('',#757,.T.);
#757=EDGE_LOOP('',(#758,#759,#760));
#758=ORIENTED_EDGE('',*,*,#761,.T.);
#759=ORIENTED_EDGE('',*,*,#762,.T.);
#760=ORIENTED_EDGE('',*,*,#763,.T.);
#761=EDGE_CURVE('',#78,#80,#764,.F.);
#762=EDGE_CURVE('',#80,#54,#765,.T.);
#763=EDGE_CURVE('',#54,#78,#766,.T.);
#764=LINE('',#77,#767);
#765=LINE('',#79,#768);
#766=LINE('',#53,#769);
#767=VECTOR('',#770,1.0);
#768=VECTOR('',#771,1.0);
#769=VECTOR('',#772,1.0);
#770=DIRECTION('',(-0.6087450564251833,0,-0.793365903148037));
#771=DIRECTION('',(0.6305124569196165,0,0.7761791298850985));
#772=DIRECTION('',(-0.6326856982044363,0,-0.7744086823425762));
#773=FACE_SURFACE('',(#778),#774,.T.);
#774=PLANE('',#775);
#775=AXIS2_PLACEMENT_3D('',#53,#776,#777);
#776=DIRECTION('',(0,-1,-0));
#777=DIRECTION('',(-0.6305124569196165,0,-0.7761791298850985));
#778=FACE_BOUND('',#779,.T.);
#779=EDGE_LOOP('',(#780,#781,#782));
#780=ORIENTED_EDGE('',*,*,#783,.T.);
#781=ORIENTED_EDGE('',*,*,#784,.T.);
#782=ORIENTED_EDGE('',*,*,#785,.T.);
#783=EDGE_CURVE('',#54,#80,#786,.F.);
#784=EDGE_CURVE('',#80,#70,#787,.T.);
#785=EDGE_CURVE('',#70,#54,#788,.T.);
#786=LINE('',#53,#789);
#787=LINE('',#79,#790);
#788=LINE('',#69,#791);
#789=VECTOR('',#792,1.0);
#790=VECTOR('',#793,1.0);
#791=VECTOR('',#794,1.0);
#792=DIRECTION('',(-0.6305124569196165,0,-0.7761791298850985));
#793=DIRECTION('',(0.023712684571227542,0,-0.9997188147626439));
#794=DIRECTION('',(0,0,1));
#795=FACE_SURFACE('',(#800),#796,.T.);
#796=PLANE('',#797);
#797=AXIS2_PLACEMENT_3D('',#69,#798,#799);
#798=DIRECTION('',(0,-1,0));
#799=DIRECTION('',(-0.023712684571227542,0,0.9997188147626439));
#800=FACE_BOUND('',#801,.T.);
#801=EDGE_LOOP('',(#802,#803,#804));
#802=ORIENTED_EDGE('',*,*,#805,.T.);
#803=ORIENTED_EDGE('',*,*,#806,.T.);
#804=ORIENTED_EDGE('',*,*,#807,.T.);
#805=EDGE_CURVE('',#70,#80,#808,.F.);
#806=EDGE_CURVE('',#80,#82,#809,.T.);
#807=EDGE_CURVE('',#82,#70,#810,.T.);
#808=LINE('',#69,#811);
#809=LINE('',#79,#812);
#810=LINE('',#81,#813);
#811=VECTOR('',#814,1.0);
#812=VECTOR('',#815,1.0);
#813=VECTOR('',#816,1.0);
#814=DIRECTION('',(-0.023712684571227542,0,0.9997188147626439));
#815=DIRECTION('',(-0.7933486938380077,0,-0.6087674843366119));
#816=DIRECTION('',(0.026505694280457508,0,-0.9996486623662889));
#817=FACE_SURFACE('',(#822),#818,.T.);
#818=PLANE('',#819);
#819=AXIS2_PLACEMENT_3D('',#69,#820,#821);
#820=DIRECTION('',(0,-1,0));
#821=DIRECTION('',(-0.026505694280457508,0,0.9996486623662889));
#822=FACE_BOUND('',#823,.T.);
#823=EDGE_LOOP('',(#824,#825,#826));
#824=ORIENTED_EDGE('',*,*,#827,.T.);
#825=ORIENTED_EDGE('',*,*,#828,.T.);
#826=ORIENTED_EDGE('',*,*,#829,.T.);
#827=EDGE_CURVE('',#70,#82,#830,.F.);
#828=EDGE_CURVE('',#82,#84,#831,.T.);
#829=EDGE_CURVE('',#84,#70,#832,.T.);
#830=LINE('',#69,#833);
#831=LINE('',#81,#834);
#832=LINE('',#83,#835);
#833=VECTOR('',#836,1.0);
#834=VECTOR('',#837,1.0);
#835=VECTOR('',#838,1.0);
#836=DIRECTION('',(-0.026505694280457508,0,0.9996486623662889));
#837=DIRECTION('',(-0.9238818129446038,0,-0.3826779268656506));
#838=DIRECTION('',(0.02973875314825218,0,-0.9995577054683672));
#839=FACE_SURFACE('',(#844),#840,.T.);
#840=PLANE('',#841);
#841=AXIS2_PLACEMENT_3D('',#83,#842,#843);
#842=DIRECTION('',(0,-1,-0));
#843=DIRECTION('',(-0.9914447487517158,0,-0.1305270476669371));
#844=FACE_BOUND('',#845,.T.);
#845=EDGE_LOOP('',(#846,#847,#848));
#846=ORIENTED_EDGE('',*,*,#849,.T.);
#847=ORIENTED_EDGE('',*,*,#850,.T.);
#848=ORIENTED_EDGE('',*,*,#851,.T.);
#849=EDGE_CURVE('',#84,#86,#852,.F.);
#850=EDGE_CURVE('',#86,#70,#853,.T.);
#851=EDGE_CURVE('',#70,#84,#854,.T.);
#852=LINE('',#83,#855);
#853=LINE('',#85,#856);
#854=LINE('',#69,#857);
#855=VECTOR('',#858,1.0);
#856=VECTOR('',#859,1.0);
#857=VECTOR('',#860,1.0);
#858=DIRECTION('',(-0.9914447487517158,0,-0.1305270476669371));
#859=DIRECTION('',(0.03318444931589043,0,-0.999449244495988));
#860=DIRECTION('',(-0.02973875314825218,0,0.9995577054683672));
#861=FACE_SURFACE('',(#866),#862,.T.);
#862=PLANE('',#863);
#863=AXIS2_PLACEMENT_3D('',#69,#864,#865);
#864=DIRECTION('',(0,-1,0));
#865=DIRECTION('',(-0.03318444931589043,0,0.999449244495988));
#866=FACE_BOUND('',#867,.T.);
#867=EDGE_LOOP('',(#868,#869,#870));
#868=ORIENTED_EDGE('',*,*,#871,.T.);
#869=ORIENTED_EDGE('',*,*,#872,.T.);
#870=ORIENTED_EDGE('',*,*,#873,.T.);
#871=EDGE_CURVE('',#70,#86,#874,.F.);
#872=EDGE_CURVE('',#86,#88,#875,.T.);
#873=EDGE_CURVE('',#88,#70,#876,.T.);
#874=LINE('',#69,#877);
#875=LINE('',#85,#878);
#876=LINE('',#87,#879);
#877=VECTOR('',#880,1.0);
#878=VECTOR('',#881,1.0);
#879=VECTOR('',#882,1.0);
#880=DIRECTION('',(-0.03318444931589043,0,0.999449244495988));
#881=DIRECTION('',(-0.9914447487517178,0,0.13052704766692302));
#882=DIRECTION('',(0.03659898545286579,0,-0.9993300327038215));
#883=FACE_SURFACE('',(#888),#884,.T.);
#884=PLANE('',#885);
#885=AXIS2_PLACEMENT_3D('',#69,#886,#887);
#886=DIRECTION('',(0,-1,0));
#887=DIRECTION('',(-0.03659898545286579,0,0.9993300327038215));
#888=FACE_BOUND('',#889,.T.);
#889=EDGE_LOOP('',(#890,#891,#892));
#890=ORIENTED_EDGE('',*,*,#893,.T.);
#891=ORIENTED_EDGE('',*,*,#894,.T.);
#892=ORIENTED_EDGE('',*,*,#895,.T.);
#893=EDGE_CURVE('',#70,#88,#896,.F.);
#894=EDGE_CURVE('',#88,#90,#897,.T.);
#895=EDGE_CURVE('',#90,#70,#898,.T.);
#896=LINE('',#69,#899);
#897=LINE('',#87,#900);
#898=LINE('',#89,#901);
#899=VECTOR('',#902,1.0);
#900=VECTOR('',#903,1.0);
#901=VECTOR('',#904,1.0);
#902=DIRECTION('',(-0.03659898545286579,0,0.9993300327038215));
#903=DIRECTION('',(-0.9238818129445878,0,0.3826779268656891));
#904=DIRECTION('',(0.03974109513820291,0,-0.9992100106370113));
#905=FACE_SURFACE('',(#910),#906,.T.);
#906=PLANE('',#907);
#907=AXIS2_PLACEMENT_3D('',#69,#908,#909);
#908=DIRECTION('',(0,-1,0));
#909=DIRECTION('',(-0.03974109513820291,0,0.9992100106370113));
#910=FACE_BOUND('',#911,.T.);
#911=EDGE_LOOP('',(#912,#913,#914));
#912=ORIENTED_EDGE('',*,*,#915,.T.);
#913=ORIENTED_EDGE('',*,*,#916,.T.);
#914=ORIENTED_EDGE('',*,*,#917,.T.);
#915=EDGE_CURVE('',#70,#90,#918,.F.);
#916=EDGE_CURVE('',#90,#164,#919,.T.);
#917=EDGE_CURVE('',#164,#70,#920,.T.);
#918=LINE('',#69,#921);
#919=LINE('',#89,#922);
#920=LINE('',#163,#923);
#921=VECTOR('',#924,1.0);
#922=VECTOR('',#925,1.0);
#923=VECTOR('',#926,1.0);
#924=DIRECTION('',(-0.03974109513820291,0,0.9992100106370113));
#925=DIRECTION('',(-0.7923124891751253,0,-0.6101154968504873));
#926=DIRECTION('',(0.9997469411914951,0,-0.02249563464873671));
#927=FACE_SURFACE('',(#932),#928,.T.);
#928=PLANE('',#929);
#929=AXIS2_PLACEMENT_3D('',#163,#930,#931);
#930=DIRECTION('',(0,-1,0));
#931=DIRECTION('',(0.7923124891751253,0,0.6101154968504873));
#932=FACE_BOUND('',#933,.T.);
#933=EDGE_LOOP('',(#934,#935,#936));
#934=ORIENTED_EDGE('',*,*,#937,.T.);
#935=ORIENTED_EDGE('',*,*,#938,.T.);
#936=ORIENTED_EDGE('',*,*,#939,.T.);
#937=EDGE_CURVE('',#164,#90,#940,.F.);
#938=EDGE_CURVE('',#90,#92,#941,.T.);
#939=EDGE_CURVE('',#92,#164,#942,.T.);
#940=LINE('',#163,#943);
#941=LINE('',#89,#944);
#942=LINE('',#91,#945);
#943=VECTOR('',#946,1.0);
#944=VECTOR('',#947,1.0);
#945=VECTOR('',#948,1.0);
#946=DIRECTION('',(0.7923124891751253,0,0.6101154968504873));
#947=DIRECTION('',(-0.7933486938380481,0,0.6087674843365594));
#948=DIRECTION('',(-0.7910275423776414,0,-0.6117805384286009));
#949=FACE_SURFACE('',(#954),#950,.T.);
#950=PLANE('',#951);
#951=AXIS2_PLACEMENT_3D('',#163,#952,#953);
#952=DIRECTION('',(0,-1,0));
#953=DIRECTION('',(0.7910275423776414,0,0.6117805384286009));
#954=FACE_BOUND('',#955,.T.);
#955=EDGE_LOOP('',(#956,#957,#958));
#956=ORIENTED_EDGE('',*,*,#959,.T.);
#957=ORIENTED_EDGE('',*,*,#960,.T.);
#958=ORIENTED_EDGE('',*,*,#961,.T.);
#959=EDGE_CURVE('',#164,#92,#962,.F.);
#960=EDGE_CURVE('',#92,#162,#963,.T.);
#961=EDGE_CURVE('',#162,#164,#964,.T.);
#962=LINE('',#163,#965);
#963=LINE('',#91,#966);
#964=LINE('',#161,#967);
#965=VECTOR('',#968,1.0);
#966=VECTOR('',#969,1.0);
#967=VECTOR('',#970,1.0);
#968=DIRECTION('',(0.7910275423776414,0,0.6117805384286009));
#969=DIRECTION('',(-0.7923124932030359,0,-0.6101154916197337));
#970=DIRECTION('',(0.7933468437558128,0,-0.6087698953649809));
#971=FACE_SURFACE('',(#976),#972,.T.);
#972=PLANE('',#973);
#973=AXIS2_PLACEMENT_3D('',#161,#974,#975);
#974=DIRECTION('',(0,-1,0));
#975=DIRECTION('',(0.7923124932030359,0,0.6101154916197337));
#976=FACE_BOUND('',#977,.T.);
#977=EDGE_LOOP('',(#978,#979,#980));
#978=ORIENTED_EDGE('',*,*,#981,.T.);
#979=ORIENTED_EDGE('',*,*,#982,.T.);
#980=ORIENTED_EDGE('',*,*,#983,.T.);
#981=EDGE_CURVE('',#162,#92,#984,.F.);
#982=EDGE_CURVE('',#92,#182,#985,.T.);
#983=EDGE_CURVE('',#182,#162,#986,.T.);
#984=LINE('',#161,#987);
#985=LINE('',#91,#988);
#986=LINE('',#181,#989);
#987=VECTOR('',#990,1.0);
#988=VECTOR('',#991,1.0);
#989=VECTOR('',#992,1.0);
#990=DIRECTION('',(0.7923124932030359,0,0.6101154916197337));
#991=DIRECTION('',(-0.9997469414207205,0,0.02249562446153664));
#992=DIRECTION('',(0.03974109619027425,0,-0.9992100105951678));
#993=FACE_SURFACE('',(#998),#994,.T.);
#994=PLANE('',#995);
#995=AXIS2_PLACEMENT_3D('',#161,#996,#997);
#996=DIRECTION('',(0,-1,0));
#997=DIRECTION('',(-0.03974109619027425,0,0.9992100105951678));
#998=FACE_BOUND('',#999,.T.);
#999=EDGE_LOOP('',(#1000,#1001,#1002));
#1000=ORIENTED_EDGE('',*,*,#1003,.T.);
#1001=ORIENTED_EDGE('',*,*,#1004,.T.);
#1002=ORIENTED_EDGE('',*,*,#1005,.T.);
#1003=EDGE_CURVE('',#162,#182,#1006,.F.);
#1004=EDGE_CURVE('',#182,#160,#1007,.T.);
#1005=EDGE_CURVE('',#160,#162,#1008,.T.);
#1006=LINE('',#161,#1009);
#1007=LINE('',#181,#1010);
#1008=LINE('',#159,#1011);
#1009=VECTOR('',#1012,1.0);
#1010=VECTOR('',#1013,1.0);
#1011=VECTOR('',#1014,1.0);
#1012=DIRECTION('',(-0.03974109619027425,0,0.9992100105951678));
#1013=DIRECTION('',(0.0365989844824578,0,-0.9993300327393613));
#1014=DIRECTION('',(0.9238872301196647,0,-0.38266484816587715));
#1015=FACE_SURFACE('',(#1020),#1016,.T.);
#1016=PLANE('',#1017);
#1017=AXIS2_PLACEMENT_3D('',#159,#1018,#1019);
#1018=DIRECTION('',(0,-1,0));
#1019=DIRECTION('',(-0.0365989844824578,0,0.9993300327393613));
#1020=FACE_BOUND('',#1021,.T.);
#1021=EDGE_LOOP('',(#1022,#1023,#1024));
#1022=ORIENTED_EDGE('',*,*,#1025,.T.);
#1023=ORIENTED_EDGE('',*,*,#1026,.T.);
#1024=ORIENTED_EDGE('',*,*,#1027,.T.);
#1025=EDGE_CURVE('',#160,#182,#1028,.F.);
#1026=EDGE_CURVE('',#182,#158,#1029,.T.);
#1027=EDGE_CURVE('',#158,#160,#1030,.T.);
#1028=LINE('',#159,#1031);
#1029=LINE('',#181,#1032);
#1030=LINE('',#157,#1033);
#1031=VECTOR('',#1034,1.0);
#1032=VECTOR('',#1035,1.0);
#1033=VECTOR('',#1036,1.0);
#1034=DIRECTION('',(-0.0365989844824578,0,0.9993300327393613));
#1035=DIRECTION('',(0.03318444931589043,0,-0.999449244495988));
#1036=DIRECTION('',(0.9914437572613084,0,-0.13053457851305142));
#1037=FACE_SURFACE('',(#1042),#1038,.T.);
#1038=PLANE('',#1039);
#1039=AXIS2_PLACEMENT_3D('',#157,#1040,#1041);
#1040=DIRECTION('',(-0,-1,0));
#1041=DIRECTION('',(-0.03318444931589043,0,0.999449244495988));
#1042=FACE_BOUND('',#1043,.T.);
#1043=EDGE_LOOP('',(#1044,#1045,#1046));
#1044=ORIENTED_EDGE('',*,*,#1047,.T.);
#1045=ORIENTED_EDGE('',*,*,#1048,.T.);
#1046=ORIENTED_EDGE('',*,*,#1049,.T.);
#1047=EDGE_CURVE('',#158,#182,#1050,.F.);
#1048=EDGE_CURVE('',#182,#156,#1051,.T.);
#1049=EDGE_CURVE('',#156,#158,#1052,.T.);
#1050=LINE('',#157,#1053);
#1051=LINE('',#181,#1054);
#1052=LINE('',#155,#1055);
#1053=VECTOR('',#1056,1.0);
#1054=VECTOR('',#1057,1.0);
#1055=VECTOR('',#1058,1.0);
#1056=DIRECTION('',(-0.03318444931589043,0,0.999449244495988));
#1057=DIRECTION('',(0.02973864629954262,0,-0.999557708647315));
#1058=DIRECTION('',(0.9914442794149332,0,0.13053061256044057));
#1059=FACE_SURFACE('',(#1064),#1060,.T.);
#1060=PLANE('',#1061);
#1061=AXIS2_PLACEMENT_3D('',#155,#1062,#1063);
#1062=DIRECTION('',(-0,-1,0));
#1063=DIRECTION('',(-0.02973864629954262,0,0.999557708647315));
#1064=FACE_BOUND('',#1065,.T.);
#1065=EDGE_LOOP('',(#1066,#1067,#1068));
#1066=ORIENTED_EDGE('',*,*,#1069,.T.);
#1067=ORIENTED_EDGE('',*,*,#1070,.T.);
#1068=ORIENTED_EDGE('',*,*,#1071,.T.);
#1069=EDGE_CURVE('',#156,#182,#1072,.F.);
#1070=EDGE_CURVE('',#182,#154,#1073,.T.);
#1071=EDGE_CURVE('',#154,#156,#1074,.T.);
#1072=LINE('',#155,#1075);
#1073=LINE('',#181,#1076);
#1074=LINE('',#153,#1077);
#1075=VECTOR('',#1078,1.0);
#1076=VECTOR('',#1079,1.0);
#1077=VECTOR('',#1080,1.0);
#1078=DIRECTION('',(-0.02973864629954262,0,0.999557708647315));
#1079=DIRECTION('',(0.02650569498276252,0,-0.9996486623476674));
#1080=DIRECTION('',(0.9238827425000258,0,0.382675682674809));
#1081=FACE_SURFACE('',(#1086),#1082,.T.);
#1082=PLANE('',#1083);
#1083=AXIS2_PLACEMENT_3D('',#153,#1084,#1085);
#1084=DIRECTION('',(-0,-1,0));
#1085=DIRECTION('',(-0.02650569498276252,0,0.9996486623476674));
#1086=FACE_BOUND('',#1087,.T.);
#1087=EDGE_LOOP('',(#1088,#1089,#1090));
#1088=ORIENTED_EDGE('',*,*,#1091,.T.);
#1089=ORIENTED_EDGE('',*,*,#1092,.T.);
#1090=ORIENTED_EDGE('',*,*,#1093,.T.);
#1091=EDGE_CURVE('',#154,#182,#1094,.F.);
#1092=EDGE_CURVE('',#182,#152,#1095,.T.);
#1093=EDGE_CURVE('',#152,#154,#1096,.T.);
#1094=LINE('',#153,#1097);
#1095=LINE('',#181,#1098);
#1096=LINE('',#151,#1099);
#1097=VECTOR('',#1100,1.0);
#1098=VECTOR('',#1101,1.0);
#1099=VECTOR('',#1102,1.0);
#1100=DIRECTION('',(-0.02650569498276252,0,0.9996486623476674));
#1101=DIRECTION('',(0.02371257913695854,0,-0.9997188172634711));
#1102=DIRECTION('',(0.7933582005327457,0,0.6087550949663122));
#1103=FACE_SURFACE('',(#1108),#1104,.T.);
#1104=PLANE('',#1105);
#1105=AXIS2_PLACEMENT_3D('',#151,#1106,#1107);
#1106=DIRECTION('',(-0,-1,0));
#1107=DIRECTION('',(-0.02371257913695854,0,0.9997188172634711));
#1108=FACE_BOUND('',#1109,.T.);
#1109=EDGE_LOOP('',(#1110,#1111,#1112));
#1110=ORIENTED_EDGE('',*,*,#1113,.T.);
#1111=ORIENTED_EDGE('',*,*,#1114,.T.);
#1112=ORIENTED_EDGE('',*,*,#1115,.T.);
#1113=EDGE_CURVE('',#152,#182,#1116,.F.);
#1114=EDGE_CURVE('',#182,#184,#1117,.T.);
#1115=EDGE_CURVE('',#184,#152,#1118,.T.);
#1116=LINE('',#151,#1119);
#1117=LINE('',#181,#1120);
#1118=LINE('',#183,#1121);
#1119=VECTOR('',#1122,1.0);
#1120=VECTOR('',#1123,1.0);
#1121=VECTOR('',#1124,1.0);
#1122=DIRECTION('',(-0.02371257913695854,0,0.9997188172634711));
#1123=DIRECTION('',(0,0,-1));
#1124=DIRECTION('',(0.6305105898769106,0,0.7761806465334409));
#1125=FACE_SURFACE('',(#1130),#1126,.T.);
#1126=PLANE('',#1127);
#1127=AXIS2_PLACEMENT_3D('',#151,#1128,#1129);
#1128=DIRECTION('',(0,-1,0));
#1129=DIRECTION('',(-0.6305105898769106,0,-0.7761806465334409));
#1130=FACE_BOUND('',#1131,.T.);
#1131=EDGE_LOOP('',(#1132,#1133,#1134));
#1132=ORIENTED_EDGE('',*,*,#1135,.T.);
#1133=ORIENTED_EDGE('',*,*,#1136,.T.);
#1134=ORIENTED_EDGE('',*,*,#1137,.T.);
#1135=EDGE_CURVE('',#152,#184,#1138,.F.);
#1136=EDGE_CURVE('',#184,#150,#1139,.T.);
#1137=EDGE_CURVE('',#150,#152,#1140,.T.);
#1138=LINE('',#151,#1141);
#1139=LINE('',#183,#1142);
#1140=LINE('',#149,#1143);
#1141=VECTOR('',#1144,1.0);
#1142=VECTOR('',#1145,1.0);
#1143=VECTOR('',#1146,1.0);
#1144=DIRECTION('',(-0.6305105898769106,0,-0.7761806465334409));
#1145=DIRECTION('',(0.63268198282493,0,0.7744117177630482));
#1146=DIRECTION('',(0.608762495102159,0,0.7933525222478303));
#1147=FACE_SURFACE('',(#1152),#1148,.T.);
#1148=PLANE('',#1149);
#1149=AXIS2_PLACEMENT_3D('',#149,#1150,#1151);
#1150=DIRECTION('',(0,-1,0));
#1151=DIRECTION('',(-0.63268198282493,0,-0.7744117177630482));
#1152=FACE_BOUND('',#1153,.T.);
#1153=EDGE_LOOP('',(#1154,#1155,#1156));
#1154=ORIENTED_EDGE('',*,*,#1157,.T.);
#1155=ORIENTED_EDGE('',*,*,#1158,.T.);
#1156=ORIENTED_EDGE('',*,*,#1159,.T.);
#1157=EDGE_CURVE('',#150,#184,#1160,.F.);
#1158=EDGE_CURVE('',#184,#148,#1161,.T.);
#1159=EDGE_CURVE('',#148,#150,#1162,.T.);
#1160=LINE('',#149,#1163);
#1161=LINE('',#183,#1164);
#1162=LINE('',#147,#1165);
#1163=VECTOR('',#1166,1.0);
#1164=VECTOR('',#1167,1.0);
#1165=VECTOR('',#1168,1.0);
#1166=DIRECTION('',(-0.63268198282493,0,-0.7744117177630482));
#1167=DIRECTION('',(0.6573157587885006,0,0.7536152819896222));
#1168=DIRECTION('',(0.3826702653502323,0,0.9238849863574917));
#1169=FACE_SURFACE('',(#1174),#1170,.T.);
#1170=PLANE('',#1171);
#1171=AXIS2_PLACEMENT_3D('',#147,#1172,#1173);
#1172=DIRECTION('',(0,-1,0));
#1173=DIRECTION('',(-0.6573157587885006,0,-0.7536152819896222));
#1174=FACE_BOUND('',#1175,.T.);
#1175=EDGE_LOOP('',(#1176,#1177,#1178));
#1176=ORIENTED_EDGE('',*,*,#1179,.T.);
#1177=ORIENTED_EDGE('',*,*,#1180,.T.);
#1178=ORIENTED_EDGE('',*,*,#1181,.T.);
#1179=EDGE_CURVE('',#148,#184,#1182,.F.);
#1180=EDGE_CURVE('',#184,#146,#1183,.T.);
#1181=EDGE_CURVE('',#146,#148,#1184,.T.);
#1182=LINE('',#147,#1185);
#1183=LINE('',#183,#1186);
#1184=LINE('',#145,#1187);
#1185=VECTOR('',#1188,1.0);
#1186=VECTOR('',#1189,1.0);
#1187=VECTOR('',#1190,1.0);
#1188=DIRECTION('',(-0.6573157587885006,0,-0.7536152819896222));
#1189=DIRECTION('',(0.7071067811865476,0,0.7071067811865476));
#1190=DIRECTION('',(0.13051753401295846,0,0.9914460012099379));
#1191=FACE_SURFACE('',(#1196),#1192,.T.);
#1192=PLANE('',#1193);
#1193=AXIS2_PLACEMENT_3D('',#145,#1194,#1195);
#1194=DIRECTION('',(0,-1,-0));
#1195=DIRECTION('',(-0.7071067811865476,0,-0.7071067811865476));
#1196=FACE_BOUND('',#1197,.T.);
#1197=EDGE_LOOP('',(#1198,#1199,#1200));
#1198=ORIENTED_EDGE('',*,*,#1201,.T.);
#1199=ORIENTED_EDGE('',*,*,#1202,.T.);
#1200=ORIENTED_EDGE('',*,*,#1203,.T.);
#1201=EDGE_CURVE('',#146,#184,#1204,.F.);
#1202=EDGE_CURVE('',#184,#144,#1205,.T.);
#1203=EDGE_CURVE('',#144,#146,#1206,.T.);
#1204=LINE('',#145,#1207);
#1205=LINE('',#183,#1208);
#1206=LINE('',#143,#1209);
#1207=VECTOR('',#1210,1.0);
#1208=VECTOR('',#1211,1.0);
#1209=VECTOR('',#1212,1.0);
#1210=DIRECTION('',(-0.7071067811865476,0,-0.7071067811865476));
#1211=DIRECTION('',(0.7774153015557808,0,0.6289876381193309));
#1212=DIRECTION('',(-0.13051753401295846,0,0.9914460012099379));
#1213=FACE_SURFACE('',(#1218),#1214,.T.);
#1214=PLANE('',#1215);
#1215=AXIS2_PLACEMENT_3D('',#143,#1216,#1217);
#1216=DIRECTION('',(0,-1,-0));
#1217=DIRECTION('',(-0.7774153015557808,0,-0.6289876381193309));
#1218=FACE_BOUND('',#1219,.T.);
#1219=EDGE_LOOP('',(#1220,#1221,#1222));
#1220=ORIENTED_EDGE('',*,*,#1223,.T.);
#1221=ORIENTED_EDGE('',*,*,#1224,.T.);
#1222=ORIENTED_EDGE('',*,*,#1225,.T.);
#1223=EDGE_CURVE('',#144,#184,#1226,.F.);
#1224=EDGE_CURVE('',#184,#142,#1227,.T.);
#1225=EDGE_CURVE('',#142,#144,#1228,.T.);
#1226=LINE('',#143,#1229);
#1227=LINE('',#183,#1230);
#1228=LINE('',#141,#1231);
#1229=VECTOR('',#1232,1.0);
#1230=VECTOR('',#1233,1.0);
#1231=VECTOR('',#1234,1.0);
#1232=DIRECTION('',(-0.7774153015557808,0,-0.6289876381193309));
#1233=DIRECTION('',(0.8529416184914759,0,0.5220063174379612));
#1234=DIRECTION('',(-0.3826702653502323,0,0.9238849863574917));
#1235=FACE_SURFACE('',(#1240),#1236,.T.);
#1236=PLANE('',#1237);
#1237=AXIS2_PLACEMENT_3D('',#141,#1238,#1239);
#1238=DIRECTION('',(0,-1,-0));
#1239=DIRECTION('',(-0.8529416184914759,0,-0.5220063174379612));
#1240=FACE_BOUND('',#1241,.T.);
#1241=EDGE_LOOP('',(#1242,#1243,#1244));
#1242=ORIENTED_EDGE('',*,*,#1245,.T.);
#1243=ORIENTED_EDGE('',*,*,#1246,.T.);
#1244=ORIENTED_EDGE('',*,*,#1247,.T.);
#1245=EDGE_CURVE('',#142,#184,#1248,.F.);
#1246=EDGE_CURVE('',#184,#140,#1249,.T.);
#1247=EDGE_CURVE('',#140,#142,#1250,.T.);
#1248=LINE('',#141,#1251);
#1249=LINE('',#183,#1252);
#1250=LINE('',#139,#1253);
#1251=VECTOR('',#1254,1.0);
#1252=VECTOR('',#1255,1.0);
#1253=VECTOR('',#1256,1.0);
#1254=DIRECTION('',(-0.8529416184914759,0,-0.5220063174379612));
#1255=DIRECTION('',(0.9145572552174313,0,0.40445645863202434));
#1256=DIRECTION('',(-0.608762495102159,0,0.7933525222478303));
#1257=FACE_SURFACE('',(#1262),#1258,.T.);
#1258=PLANE('',#1259);
#1259=AXIS2_PLACEMENT_3D('',#139,#1260,#1261);
#1260=DIRECTION('',(0,-1,-0));
#1261=DIRECTION('',(-0.9145572552174313,0,-0.40445645863202434));
#1262=FACE_BOUND('',#1263,.T.);
#1263=EDGE_LOOP('',(#1264,#1265,#1266));
#1264=ORIENTED_EDGE('',*,*,#1267,.T.);
#1265=ORIENTED_EDGE('',*,*,#1268,.T.);
#1266=ORIENTED_EDGE('',*,*,#1269,.T.);
#1267=EDGE_CURVE('',#140,#184,#1270,.F.);
#1268=EDGE_CURVE('',#184,#138,#1271,.T.);
#1269=EDGE_CURVE('',#138,#140,#1272,.T.);
#1270=LINE('',#139,#1273);
#1271=LINE('',#183,#1274);
#1272=LINE('',#137,#1275);
#1273=VECTOR('',#1276,1.0);
#1274=VECTOR('',#1277,1.0);
#1275=VECTOR('',#1278,1.0);
#1276=DIRECTION('',(-0.9145572552174313,0,-0.40445645863202434));
#1277=DIRECTION('',(0.9532545753111645,0,0.3021683548095848));
#1278=DIRECTION('',(-0.7933582005327457,0,0.6087550949663122));
#1279=FACE_SURFACE('',(#1284),#1280,.T.);
#1280=PLANE('',#1281);
#1281=AXIS2_PLACEMENT_3D('',#137,#1282,#1283);
#1282=DIRECTION('',(0,-1,0));
#1283=DIRECTION('',(-0.9532545753111645,0,-0.3021683548095848));
#1284=FACE_BOUND('',#1285,.T.);
#1285=EDGE_LOOP('',(#1286,#1287,#1288));
#1286=ORIENTED_EDGE('',*,*,#1289,.T.);
#1287=ORIENTED_EDGE('',*,*,#1290,.T.);
#1288=ORIENTED_EDGE('',*,*,#1291,.T.);
#1289=EDGE_CURVE('',#138,#184,#1292,.F.);
#1290=EDGE_CURVE('',#184,#186,#1293,.T.);
#1291=EDGE_CURVE('',#186,#138,#1294,.T.);
#1292=LINE('',#137,#1295);
#1293=LINE('',#183,#1296);
#1294=LINE('',#185,#1297);
#1295=VECTOR('',#1298,1.0);
#1296=VECTOR('',#1299,1.0);
#1297=VECTOR('',#1300,1.0);
#1298=DIRECTION('',(-0.9532545753111645,0,-0.3021683548095848));
#1299=DIRECTION('',(0.13051555128738065,0,-0.9914462622210803));
#1300=DIRECTION('',(0.9105073345914669,0,0.4134929185066446));
#1301=FACE_SURFACE('',(#1306),#1302,.T.);
#1302=PLANE('',#1303);
#1303=AXIS2_PLACEMENT_3D('',#137,#1304,#1305);
#1304=DIRECTION('',(0,-1,0));
#1305=DIRECTION('',(-0.9105073345914669,0,-0.4134929185066446));
#1306=FACE_BOUND('',#1307,.T.);
#1307=EDGE_LOOP('',(#1308,#1309,#1310));
#1308=ORIENTED_EDGE('',*,*,#1311,.T.);
#1309=ORIENTED_EDGE('',*,*,#1312,.T.);
#1310=ORIENTED_EDGE('',*,*,#1313,.T.);
#1311=EDGE_CURVE('',#138,#186,#1314,.F.);
#1312=EDGE_CURVE('',#186,#188,#1315,.T.);
#1313=EDGE_CURVE('',#188,#138,#1316,.T.);
#1314=LINE('',#137,#1317);
#1315=LINE('',#185,#1318);
#1316=LINE('',#187,#1319);
#1317=VECTOR('',#1320,1.0);
#1318=VECTOR('',#1321,1.0);
#1319=VECTOR('',#1322,1.0);
#1320=DIRECTION('',(-0.9105073345914669,0,-0.4134929185066446));
#1321=DIRECTION('',(0.3826756826748283,0,-0.9238827425000179));
#1322=DIRECTION('',(0.8545794095722741,0,0.5193207416761856));
#1323=FACE_SURFACE('',(#1328),#1324,.T.);
#1324=PLANE('',#1325);
#1325=AXIS2_PLACEMENT_3D('',#181,#1326,#1327);
#1326=DIRECTION('',(0,-1,0));
#1327=DIRECTION('',(0.9997469414207205,0,-0.02249562446153664));
#1328=FACE_BOUND('',#1329,.T.);
#1329=EDGE_LOOP('',(#1330,#1331,#1332));
#1330=ORIENTED_EDGE('',*,*,#1333,.T.);
#1331=ORIENTED_EDGE('',*,*,#1334,.T.);
#1332=ORIENTED_EDGE('',*,*,#1335,.T.);
#1333=EDGE_CURVE('',#182,#92,#1336,.F.);
#1334=EDGE_CURVE('',#92,#170,#1337,.T.);
#1335=EDGE_CURVE('',#170,#182,#1338,.T.);
#1336=LINE('',#181,#1339);
#1337=LINE('',#91,#1340);
#1338=LINE('',#169,#1341);
#1339=VECTOR('',#1342,1.0);
#1340=VECTOR('',#1343,1.0);
#1341=VECTOR('',#1344,1.0);
#1342=DIRECTION('',(0.9997469414207205,0,-0.02249562446153664));
#1343=DIRECTION('',(-0.9994548556919205,0,0.03301501830746799));
#1344=DIRECTION('',(-0.7071067811865475,0,-0.7071067811865475));
#1345=FACE_SURFACE('',(#1350),#1346,.T.);
#1346=PLANE('',#1347);
#1347=AXIS2_PLACEMENT_3D('',#169,#1348,#1349);
#1348=DIRECTION('',(0,-1,0));
#1349=DIRECTION('',(0.9994548556919205,0,-0.03301501830746799));
#1350=FACE_BOUND('',#1351,.T.);
#1351=EDGE_LOOP('',(#1352,#1353,#1354));
#1352=ORIENTED_EDGE('',*,*,#1355,.T.);
#1353=ORIENTED_EDGE('',*,*,#1356,.T.);
#1354=ORIENTED_EDGE('',*,*,#1357,.T.);
#1355=EDGE_CURVE('',#170,#92,#1358,.F.);
#1356=EDGE_CURVE('',#92,#94,#1359,.T.);
#1357=EDGE_CURVE('',#94,#170,#1360,.T.);
#1358=LINE('',#169,#1361);
#1359=LINE('',#91,#1362);
#1360=LINE('',#93,#1363);
#1361=VECTOR('',#1364,1.0);
#1362=VECTOR('',#1365,1.0);
#1363=VECTOR('',#1366,1.0);
#1364=DIRECTION('',(0.9994548556919205,0,-0.03301501830746799));
#1365=DIRECTION('',(-0.6087836328072592,0,0.793336302223714));
#1366=DIRECTION('',(-0.9995213771217716,0,0.030935686134255704));
#1367=FACE_SURFACE('',(#1372),#1368,.T.);
#1368=PLANE('',#1369);
#1369=AXIS2_PLACEMENT_3D('',#169,#1370,#1371);
#1370=DIRECTION('',(0,-1,0));
#1371=DIRECTION('',(0.9995213771217716,0,-0.030935686134255704));
#1372=FACE_BOUND('',#1373,.T.);
#1373=EDGE_LOOP('',(#1374,#1375,#1376));
#1374=ORIENTED_EDGE('',*,*,#1377,.T.);
#1375=ORIENTED_EDGE('',*,*,#1378,.T.);
#1376=ORIENTED_EDGE('',*,*,#1379,.T.);
#1377=EDGE_CURVE('',#170,#94,#1380,.F.);
#1378=EDGE_CURVE('',#94,#96,#1381,.T.);
#1379=EDGE_CURVE('',#96,#170,#1382,.T.);
#1380=LINE('',#169,#1383);
#1381=LINE('',#93,#1384);
#1382=LINE('',#95,#1385);
#1383=VECTOR('',#1386,1.0);
#1384=VECTOR('',#1387,1.0);
#1385=VECTOR('',#1388,1.0);
#1386=DIRECTION('',(0.9995213771217716,0,-0.030935686134255704));
#1387=DIRECTION('',(-0.38264275276875864,0,0.9238963815025723));
#1388=DIRECTION('',(-0.9995943602590182,0,0.02848007967622354));
#1389=FACE_SURFACE('',(#1394),#1390,.T.);
#1390=PLANE('',#1391);
#1391=AXIS2_PLACEMENT_3D('',#95,#1392,#1393);
#1392=DIRECTION('',(0,-1,0));
#1393=DIRECTION('',(-0.13054815271159678,0,0.9914419699728216));
#1394=FACE_BOUND('',#1395,.T.);
#1395=EDGE_LOOP('',(#1396,#1397,#1398));
#1396=ORIENTED_EDGE('',*,*,#1399,.T.);
#1397=ORIENTED_EDGE('',*,*,#1400,.T.);
#1398=ORIENTED_EDGE('',*,*,#1401,.T.);
#1399=EDGE_CURVE('',#96,#98,#1402,.F.);
#1400=EDGE_CURVE('',#98,#170,#1403,.T.);
#1401=EDGE_CURVE('',#170,#96,#1404,.T.);
#1402=LINE('',#95,#1405);
#1403=LINE('',#97,#1406);
#1404=LINE('',#169,#1407);
#1405=VECTOR('',#1408,1.0);
#1406=VECTOR('',#1409,1.0);
#1407=VECTOR('',#1410,1.0);
#1408=DIRECTION('',(-0.13054815271159678,0,0.9914419699728216));
#1409=DIRECTION('',(-0.9996666296586297,0,0.025819170144600175));
#1410=DIRECTION('',(0.9995943602590182,0,-0.02848007967622354));
#1411=FACE_SURFACE('',(#1416),#1412,.T.);
#1412=PLANE('',#1413);
#1413=AXIS2_PLACEMENT_3D('',#169,#1414,#1415);
#1414=DIRECTION('',(0,-1,0));
#1415=DIRECTION('',(0.9996666296586297,0,-0.025819170144600175));
#1416=FACE_BOUND('',#1417,.T.);
#1417=EDGE_LOOP('',(#1418,#1419,#1420));
#1418=ORIENTED_EDGE('',*,*,#1421,.T.);
#1419=ORIENTED_EDGE('',*,*,#1422,.T.);
#1420=ORIENTED_EDGE('',*,*,#1423,.T.);
#1421=EDGE_CURVE('',#170,#98,#1424,.F.);
#1422=EDGE_CURVE('',#98,#100,#1425,.T.);
#1423=EDGE_CURVE('',#100,#170,#1426,.T.);
#1424=LINE('',#169,#1427);
#1425=LINE('',#97,#1428);
#1426=LINE('',#99,#1429);
#1427=VECTOR('',#1430,1.0);
#1428=VECTOR('',#1431,1.0);
#1429=VECTOR('',#1432,1.0);
#1430=DIRECTION('',(0.9996666296586297,0,-0.025819170144600175));
#1431=DIRECTION('',(0.13054815271159592,0,0.9914419699728219));
#1432=DIRECTION('',(-0.999732244868255,0,0.023139545602272372));
#1433=FACE_SURFACE('',(#1438),#1434,.T.);
#1434=PLANE('',#1435);
#1435=AXIS2_PLACEMENT_3D('',#169,#1436,#1437);
#1436=DIRECTION('',(0,-1,0));
#1437=DIRECTION('',(0.999732244868255,0,-0.023139545602272372));
#1438=FACE_BOUND('',#1439,.T.);
#1439=EDGE_LOOP('',(#1440,#1441,#1442));
#1440=ORIENTED_EDGE('',*,*,#1443,.T.);
#1441=ORIENTED_EDGE('',*,*,#1444,.T.);
#1442=ORIENTED_EDGE('',*,*,#1445,.T.);
#1443=EDGE_CURVE('',#170,#100,#1446,.F.);
#1444=EDGE_CURVE('',#100,#102,#1447,.T.);
#1445=EDGE_CURVE('',#102,#170,#1448,.T.);
#1446=LINE('',#169,#1449);
#1447=LINE('',#99,#1450);
#1448=LINE('',#101,#1451);
#1449=VECTOR('',#1452,1.0);
#1450=VECTOR('',#1453,1.0);
#1451=VECTOR('',#1454,1.0);
#1452=DIRECTION('',(0.999732244868255,0,-0.023139545602272372));
#1453=DIRECTION('',(0.3826427527687611,0,0.9238963815025714));
#1454=DIRECTION('',(-0.9997871938523266,0,0.020629275529939133));
#1455=FACE_SURFACE('',(#1460),#1456,.T.);
#1456=PLANE('',#1457);
#1457=AXIS2_PLACEMENT_3D('',#101,#1458,#1459);
#1458=DIRECTION('',(0,-1,0));
#1459=DIRECTION('',(0.6087854828585789,0,0.7933348825437131));
#1460=FACE_BOUND('',#1461,.T.);
#1461=EDGE_LOOP('',(#1462,#1463,#1464));
#1462=ORIENTED_EDGE('',*,*,#1465,.T.);
#1463=ORIENTED_EDGE('',*,*,#1466,.T.);
#1464=ORIENTED_EDGE('',*,*,#1467,.T.);
#1465=EDGE_CURVE('',#102,#104,#1468,.F.);
#1466=EDGE_CURVE('',#104,#170,#1469,.T.);
#1467=EDGE_CURVE('',#170,#102,#1470,.T.);
#1468=LINE('',#101,#1471);
#1469=LINE('',#103,#1472);
#1470=LINE('',#169,#1473);
#1471=VECTOR('',#1474,1.0);
#1472=VECTOR('',#1475,1.0);
#1473=VECTOR('',#1476,1.0);
#1474=DIRECTION('',(0.6087854828585789,0,0.7933348825437131));
#1475=DIRECTION('',(-0.9998295339126206,0,0.01846356184683138));
#1476=DIRECTION('',(0.9997871938523266,0,-0.020629275529939133));
#1477=FACE_SURFACE('',(#1482),#1478,.T.);
#1478=PLANE('',#1479);
#1479=AXIS2_PLACEMENT_3D('',#169,#1480,#1481);
#1480=DIRECTION('',(0,-1,0));
#1481=DIRECTION('',(0.9998295339126206,0,-0.01846356184683138));
#1482=FACE_BOUND('',#1483,.T.);
#1483=EDGE_LOOP('',(#1484,#1485,#1486));
#1484=ORIENTED_EDGE('',*,*,#1487,.T.);
#1485=ORIENTED_EDGE('',*,*,#1488,.T.);
#1486=ORIENTED_EDGE('',*,*,#1489,.T.);
#1487=EDGE_CURVE('',#170,#104,#1490,.F.);
#1488=EDGE_CURVE('',#104,#42,#1491,.T.);
#1489=EDGE_CURVE('',#42,#170,#1492,.T.);
#1490=LINE('',#169,#1493);
#1491=LINE('',#103,#1494);
#1492=LINE('',#41,#1495);
#1493=VECTOR('',#1496,1.0);
#1494=VECTOR('',#1497,1.0);
#1495=VECTOR('',#1498,1.0);
#1496=DIRECTION('',(0.9998295339126206,0,-0.01846356184683138));
#1497=DIRECTION('',(0.77617905467747,0,0.6305125495023783));
#1498=DIRECTION('',(-1,0,0));
#1499=FACE_SURFACE('',(#1504),#1500,.T.);
#1500=PLANE('',#1501);
#1501=AXIS2_PLACEMENT_3D('',#41,#1502,#1503);
#1502=DIRECTION('',(0,-1,0));
#1503=DIRECTION('',(-0.77617905467747,0,-0.6305125495023783));
#1504=FACE_BOUND('',#1505,.T.);
#1505=EDGE_LOOP('',(#1506,#1507,#1508));
#1506=ORIENTED_EDGE('',*,*,#1509,.T.);
#1507=ORIENTED_EDGE('',*,*,#1510,.T.);
#1508=ORIENTED_EDGE('',*,*,#1511,.T.);
#1509=EDGE_CURVE('',#42,#104,#1512,.F.);
#1510=EDGE_CURVE('',#104,#106,#1513,.T.);
#1511=EDGE_CURVE('',#106,#42,#1514,.T.);
#1512=LINE('',#41,#1515);
#1513=LINE('',#103,#1516);
#1514=LINE('',#105,#1517);
#1515=VECTOR('',#1518,1.0);
#1516=VECTOR('',#1519,1.0);
#1517=VECTOR('',#1520,1.0);
#1518=DIRECTION('',(-0.77617905467747,0,-0.6305125495023783));
#1519=DIRECTION('',(0.7933468437558232,0,0.6087698953649676));
#1520=DIRECTION('',(0.7744105794796748,0,0.6326833760973605));
#1521=FACE_SURFACE('',(#1526),#1522,.T.);
#1522=PLANE('',#1523);
#1523=AXIS2_PLACEMENT_3D('',#41,#1524,#1525);
#1524=DIRECTION('',(0,-1,0));
#1525=DIRECTION('',(-0.7744105794796748,0,-0.6326833760973605));
#1526=FACE_BOUND('',#1527,.T.);
#1527=EDGE_LOOP('',(#1528,#1529,#1530));
#1528=ORIENTED_EDGE('',*,*,#1531,.T.);
#1529=ORIENTED_EDGE('',*,*,#1532,.T.);
#1530=ORIENTED_EDGE('',*,*,#1533,.T.);
#1531=EDGE_CURVE('',#42,#106,#1534,.F.);
#1532=EDGE_CURVE('',#106,#108,#1535,.T.);
#1533=EDGE_CURVE('',#108,#42,#1536,.T.);
#1534=LINE('',#41,#1537);
#1535=LINE('',#105,#1538);
#1536=LINE('',#107,#1539);
#1537=VECTOR('',#1540,1.0);
#1538=VECTOR('',#1541,1.0);
#1539=VECTOR('',#1542,1.0);
#1540=DIRECTION('',(-0.7744105794796748,0,-0.6326833760973605));
#1541=DIRECTION('',(0.923881812944589,0,0.3826779268656862));
#1542=DIRECTION('',(0.7536141169640526,0,0.6573170944928264));
#1543=FACE_SURFACE('',(#1548),#1544,.T.);
#1544=PLANE('',#1545);
#1545=AXIS2_PLACEMENT_3D('',#107,#1546,#1547);
#1546=DIRECTION('',(0,-1,0));
#1547=DIRECTION('',(0.9914447487517183,0,0.1305270476669197));
#1548=FACE_BOUND('',#1549,.T.);
#1549=EDGE_LOOP('',(#1550,#1551,#1552));
#1550=ORIENTED_EDGE('',*,*,#1553,.T.);
#1551=ORIENTED_EDGE('',*,*,#1554,.T.);
#1552=ORIENTED_EDGE('',*,*,#1555,.T.);
#1553=EDGE_CURVE('',#108,#110,#1556,.F.);
#1554=EDGE_CURVE('',#110,#42,#1557,.T.);
#1555=EDGE_CURVE('',#42,#108,#1558,.T.);
#1556=LINE('',#107,#1559);
#1557=LINE('',#109,#1560);
#1558=LINE('',#41,#1561);
#1559=VECTOR('',#1562,1.0);
#1560=VECTOR('',#1563,1.0);
#1561=VECTOR('',#1564,1.0);
#1562=DIRECTION('',(0.9914447487517183,0,0.1305270476669197));
#1563=DIRECTION('',(0.7071067811865476,0,0.7071067811865476));
#1564=DIRECTION('',(-0.7536141169640526,0,-0.6573170944928264));
#1565=FACE_SURFACE('',(#1570),#1566,.T.);
#1566=PLANE('',#1567);
#1567=AXIS2_PLACEMENT_3D('',#41,#1568,#1569);
#1568=DIRECTION('',(0,-1,0));
#1569=DIRECTION('',(-0.7071067811865476,0,-0.7071067811865476));
#1570=FACE_BOUND('',#1571,.T.);
#1571=EDGE_LOOP('',(#1572,#1573,#1574));
#1572=ORIENTED_EDGE('',*,*,#1575,.T.);
#1573=ORIENTED_EDGE('',*,*,#1576,.T.);
#1574=ORIENTED_EDGE('',*,*,#1577,.T.);
#1575=EDGE_CURVE('',#42,#110,#1578,.F.);
#1576=EDGE_CURVE('',#110,#112,#1579,.T.);
#1577=EDGE_CURVE('',#112,#42,#1580,.T.);
#1578=LINE('',#41,#1581);
#1579=LINE('',#109,#1582);
#1580=LINE('',#111,#1583);
#1581=VECTOR('',#1584,1.0);
#1582=VECTOR('',#1585,1.0);
#1583=VECTOR('',#1586,1.0);
#1584=DIRECTION('',(-0.7071067811865476,0,-0.7071067811865476));
#1585=DIRECTION('',(0.9914447487517163,0,-0.13052704766693377));
#1586=DIRECTION('',(0.6289883676216783,0,0.7774147113327714));
#1587=FACE_SURFACE('',(#1592),#1588,.T.);
#1588=PLANE('',#1589);
#1589=AXIS2_PLACEMENT_3D('',#41,#1590,#1591);
#1590=DIRECTION('',(0,-1,0));
#1591=DIRECTION('',(-0.6289883676216783,0,-0.7774147113327714));
#1592=FACE_BOUND('',#1593,.T.);
#1593=EDGE_LOOP('',(#1594,#1595,#1596));
#1594=ORIENTED_EDGE('',*,*,#1597,.T.);
#1595=ORIENTED_EDGE('',*,*,#1598,.T.);
#1596=ORIENTED_EDGE('',*,*,#1599,.T.);
#1597=EDGE_CURVE('',#42,#112,#1600,.F.);
#1598=EDGE_CURVE('',#112,#114,#1601,.T.);
#1599=EDGE_CURVE('',#114,#42,#1602,.T.);
#1600=LINE('',#41,#1603);
#1601=LINE('',#111,#1604);
#1602=LINE('',#113,#1605);
#1603=VECTOR('',#1606,1.0);
#1604=VECTOR('',#1607,1.0);
#1605=VECTOR('',#1608,1.0);
#1606=DIRECTION('',(-0.6289883676216783,0,-0.7774147113327714));
#1607=DIRECTION('',(0.923881812944605,0,-0.38267792686564767));
#1608=DIRECTION('',(0.5220049229295747,0,0.852942471938928));
#1609=FACE_SURFACE('',(#1614),#1610,.T.);
#1610=PLANE('',#1611);
#1611=AXIS2_PLACEMENT_3D('',#115,#1612,#1613);
#1612=DIRECTION('',(0,-1,0));
#1613=DIRECTION('',(0.9145575454048447,0,0.4044558024593855));
#1614=FACE_BOUND('',#1615,.T.);
#1615=EDGE_LOOP('',(#1616,#1617,#1618));
#1616=ORIENTED_EDGE('',*,*,#1619,.T.);
#1617=ORIENTED_EDGE('',*,*,#1620,.T.);
#1618=ORIENTED_EDGE('',*,*,#1621,.T.);
#1619=EDGE_CURVE('',#116,#54,#1622,.F.);
#1620=EDGE_CURVE('',#54,#114,#1623,.T.);
#1621=EDGE_CURVE('',#114,#116,#1624,.T.);
#1622=LINE('',#115,#1625);
#1623=LINE('',#53,#1626);
#1624=LINE('',#113,#1627);
#1625=VECTOR('',#1628,1.0);
#1626=VECTOR('',#1629,1.0);
#1627=VECTOR('',#1630,1.0);
#1628=DIRECTION('',(0.9145575454048447,0,0.4044558024593855));
#1629=DIRECTION('',(-0.9532543007321932,0,-0.302169221026195));
#1630=DIRECTION('',(0.7933468437557828,0,-0.6087698953650201));
#1631=FACE_SURFACE('',(#1636),#1632,.T.);
#1632=PLANE('',#1633);
#1633=AXIS2_PLACEMENT_3D('',#113,#1634,#1635);
#1634=DIRECTION('',(0,-1,0));
#1635=DIRECTION('',(0.9532543007321932,0,0.302169221026195));
#1636=FACE_BOUND('',#1637,.T.);
#1637=EDGE_LOOP('',(#1638,#1639,#1640));
#1638=ORIENTED_EDGE('',*,*,#1641,.T.);
#1639=ORIENTED_EDGE('',*,*,#1642,.T.);
#1640=ORIENTED_EDGE('',*,*,#1643,.T.);
#1641=EDGE_CURVE('',#114,#54,#1644,.F.);
#1642=EDGE_CURVE('',#54,#52,#1645,.T.);
#1643=EDGE_CURVE('',#52,#114,#1646,.T.);
#1644=LINE('',#113,#1647);
#1645=LINE('',#53,#1648);
#1646=LINE('',#51,#1649);
#1647=VECTOR('',#1650,1.0);
#1648=VECTOR('',#1651,1.0);
#1649=VECTOR('',#1652,1.0);
#1650=DIRECTION('',(0.9532543007321932,0,0.302169221026195));
#1651=DIRECTION('',(-0.13048790633420723,0,0.9914499010542666));
#1652=DIRECTION('',(-0.9105084911825991,0,-0.4134903716949005));
#1653=FACE_SURFACE('',(#1658),#1654,.T.);
#1654=PLANE('',#1655);
#1655=AXIS2_PLACEMENT_3D('',#113,#1656,#1657);
#1656=DIRECTION('',(0,-1,0));
#1657=DIRECTION('',(0.9105084911825991,0,0.4134903716949005));
#1658=FACE_BOUND('',#1659,.T.);
#1659=EDGE_LOOP('',(#1660,#1661,#1662));
#1660=ORIENTED_EDGE('',*,*,#1663,.T.);
#1661=ORIENTED_EDGE('',*,*,#1664,.T.);
#1662=ORIENTED_EDGE('',*,*,#1665,.T.);
#1663=EDGE_CURVE('',#114,#52,#1666,.F.);
#1664=EDGE_CURVE('',#52,#50,#1667,.T.);
#1665=EDGE_CURVE('',#50,#114,#1668,.T.);
#1666=LINE('',#113,#1669);
#1667=LINE('',#51,#1670);
#1668=LINE('',#49,#1671);
#1669=VECTOR('',#1672,1.0);
#1670=VECTOR('',#1673,1.0);
#1671=VECTOR('',#1674,1.0);
#1672=DIRECTION('',(0.9105084911825991,0,0.4134903716949005));
#1673=DIRECTION('',(-0.38274738033605527,0,0.9238530418015015));
#1674=DIRECTION('',(-0.8545770268864128,0,-0.5193246625358547));
#1675=FACE_SURFACE('',(#1680),#1676,.T.);
#1676=PLANE('',#1677);
#1677=AXIS2_PLACEMENT_3D('',#115,#1678,#1679);
#1678=DIRECTION('',(0,-1,0));
#1679=DIRECTION('',(0.6087469064973243,0,-0.7933644835949852));
#1680=FACE_BOUND('',#1681,.T.);
#1681=EDGE_LOOP('',(#1682,#1683,#1684));
#1682=ORIENTED_EDGE('',*,*,#1685,.T.);
#1683=ORIENTED_EDGE('',*,*,#1686,.T.);
#1684=ORIENTED_EDGE('',*,*,#1687,.T.);
#1685=EDGE_CURVE('',#116,#118,#1688,.F.);
#1686=EDGE_CURVE('',#118,#54,#1689,.T.);
#1687=EDGE_CURVE('',#54,#116,#1690,.T.);
#1688=LINE('',#115,#1691);
#1689=LINE('',#117,#1692);
#1690=LINE('',#53,#1693);
#1691=VECTOR('',#1694,1.0);
#1692=VECTOR('',#1695,1.0);
#1693=VECTOR('',#1696,1.0);
#1694=DIRECTION('',(0.6087469064973243,0,-0.7933644835949852));
#1695=DIRECTION('',(0.8529438943361553,0,0.5220025987623755));
#1696=DIRECTION('',(-0.9145575454048447,0,-0.4044558024593855));
#1697=FACE_SURFACE('',(#1702),#1698,.T.);
#1698=PLANE('',#1699);
#1699=AXIS2_PLACEMENT_3D('',#53,#1700,#1701);
#1700=DIRECTION('',(0,-1,0));
#1701=DIRECTION('',(-0.8529438943361553,0,-0.5220025987623755));
#1702=FACE_BOUND('',#1703,.T.);
#1703=EDGE_LOOP('',(#1704,#1705,#1706));
#1704=ORIENTED_EDGE('',*,*,#1707,.T.);
#1705=ORIENTED_EDGE('',*,*,#1708,.T.);
#1706=ORIENTED_EDGE('',*,*,#1709,.T.);
#1707=EDGE_CURVE('',#54,#118,#1710,.F.);
#1708=EDGE_CURVE('',#118,#120,#1711,.T.);
#1709=EDGE_CURVE('',#120,#54,#1712,.T.);
#1710=LINE('',#53,#1713);
#1711=LINE('',#117,#1714);
#1712=LINE('',#119,#1715);
#1713=VECTOR('',#1716,1.0);
#1714=VECTOR('',#1717,1.0);
#1715=VECTOR('',#1718,1.0);
#1716=DIRECTION('',(-0.8529438943361553,0,-0.5220025987623755));
#1717=DIRECTION('',(0.38274738033605527,0,-0.9238530418015015));
#1718=DIRECTION('',(0.7774134498307244,0,0.6289899268051053));
#1719=FACE_SURFACE('',(#1724),#1720,.T.);
#1720=PLANE('',#1721);
#1721=AXIS2_PLACEMENT_3D('',#167,#1722,#1723);
#1722=DIRECTION('',(0,-1,0));
#1723=DIRECTION('',(0.13054765691048803,0,-0.9914420352573223));
#1724=FACE_BOUND('',#1725,.T.);
#1725=EDGE_LOOP('',(#1726,#1727,#1728));
#1726=ORIENTED_EDGE('',*,*,#1729,.T.);
#1727=ORIENTED_EDGE('',*,*,#1730,.T.);
#1728=ORIENTED_EDGE('',*,*,#1731,.T.);
#1729=EDGE_CURVE('',#168,#122,#1732,.F.);
#1730=EDGE_CURVE('',#122,#198,#1733,.T.);
#1731=EDGE_CURVE('',#198,#168,#1734,.T.);
#1732=LINE('',#167,#1735);
#1733=LINE('',#121,#1736);
#1734=LINE('',#197,#1737);
#1735=VECTOR('',#1738,1.0);
#1736=VECTOR('',#1739,1.0);
#1737=VECTOR('',#1740,1.0);
#1738=DIRECTION('',(0.13054765691048803,0,-0.9914420352573223));
#1739=DIRECTION('',(0.9996666296586297,0,-0.025819170144600175));
#1740=DIRECTION('',(-0.9995943599651295,0,0.02848008999113694));
#1741=FACE_SURFACE('',(#1746),#1742,.T.);
#1742=PLANE('',#1743);
#1743=AXIS2_PLACEMENT_3D('',#197,#1744,#1745);
#1744=DIRECTION('',(0,-1,0));
#1745=DIRECTION('',(-0.9996666296586297,0,0.025819170144600175));
#1746=FACE_BOUND('',#1747,.T.);
#1747=EDGE_LOOP('',(#1748,#1749,#1750));
#1748=ORIENTED_EDGE('',*,*,#1751,.T.);
#1749=ORIENTED_EDGE('',*,*,#1752,.T.);
#1750=ORIENTED_EDGE('',*,*,#1753,.T.);
#1751=EDGE_CURVE('',#198,#122,#1754,.F.);
#1752=EDGE_CURVE('',#122,#124,#1755,.T.);
#1753=EDGE_CURVE('',#124,#198,#1756,.T.);
#1754=LINE('',#197,#1757);
#1755=LINE('',#121,#1758);
#1756=LINE('',#123,#1759);
#1757=VECTOR('',#1760,1.0);
#1758=VECTOR('',#1761,1.0);
#1759=VECTOR('',#1762,1.0);
#1760=DIRECTION('',(-0.9996666296586297,0,0.025819170144600175));
#1761=DIRECTION('',(-0.13054765691048803,0,-0.9914420352573223));
#1762=DIRECTION('',(0.9997322451070999,0,-0.02313953528308985));
#1763=FACE_SURFACE('',(#1768),#1764,.T.);
#1764=PLANE('',#1765);
#1765=AXIS2_PLACEMENT_3D('',#197,#1766,#1767);
#1766=DIRECTION('',(0,-1,0));
#1767=DIRECTION('',(-0.9997322451070999,0,0.02313953528308985));
#1768=FACE_BOUND('',#1769,.T.);
#1769=EDGE_LOOP('',(#1770,#1771,#1772));
#1770=ORIENTED_EDGE('',*,*,#1773,.T.);
#1771=ORIENTED_EDGE('',*,*,#1774,.T.);
#1772=ORIENTED_EDGE('',*,*,#1775,.T.);
#1773=EDGE_CURVE('',#198,#124,#1776,.F.);
#1774=EDGE_CURVE('',#124,#126,#1777,.T.);
#1775=EDGE_CURVE('',#126,#198,#1778,.T.);
#1776=LINE('',#197,#1779);
#1777=LINE('',#123,#1780);
#1778=LINE('',#125,#1781);
#1779=VECTOR('',#1782,1.0);
#1780=VECTOR('',#1783,1.0);
#1781=VECTOR('',#1784,1.0);
#1782=DIRECTION('',(-0.9997322451070999,0,0.02313953528308985));
#1783=DIRECTION('',(-0.38267026535018583,0,-0.923884986357511));
#1784=DIRECTION('',(0.9997871938874432,0,-0.02062927382803349));
#1785=FACE_SURFACE('',(#1790),#1786,.T.);
#1786=PLANE('',#1787);
#1787=AXIS2_PLACEMENT_3D('',#125,#1788,#1789);
#1788=DIRECTION('',(0,-1,-0));
#1789=DIRECTION('',(-0.6087624951021932,0,-0.7933525222478038));
#1790=FACE_BOUND('',#1791,.T.);
#1791=EDGE_LOOP('',(#1792,#1793,#1794));
#1792=ORIENTED_EDGE('',*,*,#1795,.T.);
#1793=ORIENTED_EDGE('',*,*,#1796,.T.);
#1794=ORIENTED_EDGE('',*,*,#1797,.T.);
#1795=EDGE_CURVE('',#126,#128,#1798,.F.);
#1796=EDGE_CURVE('',#128,#198,#1799,.T.);
#1797=EDGE_CURVE('',#198,#126,#1800,.T.);
#1798=LINE('',#125,#1801);
#1799=LINE('',#127,#1802);
#1800=LINE('',#197,#1803);
#1801=VECTOR('',#1804,1.0);
#1802=VECTOR('',#1805,1.0);
#1803=VECTOR('',#1806,1.0);
#1804=DIRECTION('',(-0.6087624951021932,0,-0.7933525222478038));
#1805=DIRECTION('',(0.9998295342928382,0,-0.01846354125747405));
#1806=DIRECTION('',(-0.9997871938874432,0,0.02062927382803349));
#1807=FACE_SURFACE('',(#1812),#1808,.T.);
#1808=PLANE('',#1809);
#1809=AXIS2_PLACEMENT_3D('',#197,#1810,#1811);
#1810=DIRECTION('',(0,-1,0));
#1811=DIRECTION('',(-0.9998295342928382,0,0.01846354125747405));
#1812=FACE_BOUND('',#1813,.T.);
#1813=EDGE_LOOP('',(#1814,#1815,#1816));
#1814=ORIENTED_EDGE('',*,*,#1817,.T.);
#1815=ORIENTED_EDGE('',*,*,#1818,.T.);
#1816=ORIENTED_EDGE('',*,*,#1819,.T.);
#1817=EDGE_CURVE('',#198,#128,#1820,.F.);
#1818=EDGE_CURVE('',#128,#196,#1821,.T.);
#1819=EDGE_CURVE('',#196,#198,#1822,.T.);
#1820=LINE('',#197,#1823);
#1821=LINE('',#127,#1824);
#1822=LINE('',#195,#1825);
#1823=VECTOR('',#1826,1.0);
#1824=VECTOR('',#1827,1.0);
#1825=VECTOR('',#1828,1.0);
#1826=DIRECTION('',(-0.9998295342928382,0,0.01846354125747405));
#1827=DIRECTION('',(-0.7761793988885262,0,-0.6305121257684472));
#1828=DIRECTION('',(1,0,0));
#1829=FACE_SURFACE('',(#1834),#1830,.T.);
#1830=PLANE('',#1831);
#1831=AXIS2_PLACEMENT_3D('',#195,#1832,#1833);
#1832=DIRECTION('',(0,-1,0));
#1833=DIRECTION('',(0.7761793988885262,0,0.6305121257684472));
#1834=FACE_BOUND('',#1835,.T.);
#1835=EDGE_LOOP('',(#1836,#1837,#1838));
#1836=ORIENTED_EDGE('',*,*,#1839,.T.);
#1837=ORIENTED_EDGE('',*,*,#1840,.T.);
#1838=ORIENTED_EDGE('',*,*,#1841,.T.);
#1839=EDGE_CURVE('',#196,#128,#1842,.F.);
#1840=EDGE_CURVE('',#128,#130,#1843,.T.);
#1841=EDGE_CURVE('',#130,#196,#1844,.T.);
#1842=LINE('',#195,#1845);
#1843=LINE('',#127,#1846);
#1844=LINE('',#129,#1847);
#1845=VECTOR('',#1848,1.0);
#1846=VECTOR('',#1849,1.0);
#1847=VECTOR('',#1850,1.0);
#1848=DIRECTION('',(0.7761793988885262,0,0.6305121257684472));
#1849=DIRECTION('',(-0.7933468437558128,0,-0.6087698953649809));
#1850=DIRECTION('',(-0.7744109589073731,0,-0.6326829116738991));
#1851=FACE_SURFACE('',(#1856),#1852,.T.);
#1852=PLANE('',#1853);
#1853=AXIS2_PLACEMENT_3D('',#195,#1854,#1855);
#1854=DIRECTION('',(0,-1,0));
#1855=DIRECTION('',(0.7744109589073731,0,0.6326829116738991));
#1856=FACE_BOUND('',#1857,.T.);
#1857=EDGE_LOOP('',(#1858,#1859,#1860));
#1858=ORIENTED_EDGE('',*,*,#1861,.T.);
#1859=ORIENTED_EDGE('',*,*,#1862,.T.);
#1860=ORIENTED_EDGE('',*,*,#1863,.T.);
#1861=EDGE_CURVE('',#196,#130,#1864,.F.);
#1862=EDGE_CURVE('',#130,#132,#1865,.T.);
#1863=EDGE_CURVE('',#132,#196,#1866,.T.);
#1864=LINE('',#195,#1867);
#1865=LINE('',#129,#1868);
#1866=LINE('',#131,#1869);
#1867=VECTOR('',#1870,1.0);
#1868=VECTOR('',#1871,1.0);
#1869=VECTOR('',#1872,1.0);
#1870=DIRECTION('',(0.7744109589073731,0,0.6326829116738991));
#1871=DIRECTION('',(-0.9238818129445898,0,-0.38267792686568436));
#1872=DIRECTION('',(-0.7536145414688937,0,-0.6573166077976651));
#1873=FACE_SURFACE('',(#1878),#1874,.T.);
#1874=PLANE('',#1875);
#1875=AXIS2_PLACEMENT_3D('',#131,#1876,#1877);
#1876=DIRECTION('',(0,-1,0));
#1877=DIRECTION('',(-0.9914457401869079,0,-0.1305195167981957));
#1878=FACE_BOUND('',#1879,.T.);
#1879=EDGE_LOOP('',(#1880,#1881,#1882));
#1880=ORIENTED_EDGE('',*,*,#1883,.T.);
#1881=ORIENTED_EDGE('',*,*,#1884,.T.);
#1882=ORIENTED_EDGE('',*,*,#1885,.T.);
#1883=EDGE_CURVE('',#132,#134,#1886,.F.);
#1884=EDGE_CURVE('',#134,#196,#1887,.T.);
#1885=EDGE_CURVE('',#196,#132,#1888,.T.);
#1886=LINE('',#131,#1889);
#1887=LINE('',#133,#1890);
#1888=LINE('',#195,#1891);
#1889=VECTOR('',#1892,1.0);
#1890=VECTOR('',#1893,1.0);
#1891=VECTOR('',#1894,1.0);
#1892=DIRECTION('',(-0.9914457401869079,0,-0.1305195167981957));
#1893=DIRECTION('',(-0.7071067811865476,0,-0.7071067811865476));
#1894=DIRECTION('',(0.7536145414688937,0,0.6573166077976651));
#1895=FACE_SURFACE('',(#1900),#1896,.T.);
#1896=PLANE('',#1897);
#1897=AXIS2_PLACEMENT_3D('',#195,#1898,#1899);
#1898=DIRECTION('',(0,-1,0));
#1899=DIRECTION('',(0.7071067811865476,0,0.7071067811865476));
#1900=FACE_BOUND('',#1901,.T.);
#1901=EDGE_LOOP('',(#1902,#1903,#1904));
#1902=ORIENTED_EDGE('',*,*,#1905,.T.);
#1903=ORIENTED_EDGE('',*,*,#1906,.T.);
#1904=ORIENTED_EDGE('',*,*,#1907,.T.);
#1905=EDGE_CURVE('',#196,#134,#1908,.F.);
#1906=EDGE_CURVE('',#134,#136,#1909,.T.);
#1907=EDGE_CURVE('',#136,#196,#1910,.T.);
#1908=LINE('',#195,#1911);
#1909=LINE('',#133,#1912);
#1910=LINE('',#135,#1913);
#1911=VECTOR('',#1914,1.0);
#1912=VECTOR('',#1915,1.0);
#1913=VECTOR('',#1916,1.0);
#1914=DIRECTION('',(0.7071067811865476,0,0.7071067811865476));
#1915=DIRECTION('',(-0.9914462622210863,0,0.1305155512873342));
#1916=DIRECTION('',(-0.6289864130114614,0,-0.7774162927588896));
#1917=FACE_SURFACE('',(#1922),#1918,.T.);
#1918=PLANE('',#1919);
#1919=AXIS2_PLACEMENT_3D('',#195,#1920,#1921);
#1920=DIRECTION('',(0,-1,0));
#1921=DIRECTION('',(0.6289864130114614,0,0.7774162927588896));
#1922=FACE_BOUND('',#1923,.T.);
#1923=EDGE_LOOP('',(#1924,#1925,#1926));
#1924=ORIENTED_EDGE('',*,*,#1927,.T.);
#1925=ORIENTED_EDGE('',*,*,#1928,.T.);
#1926=ORIENTED_EDGE('',*,*,#1929,.T.);
#1927=EDGE_CURVE('',#196,#136,#1930,.F.);
#1928=EDGE_CURVE('',#136,#138,#1931,.T.);
#1929=EDGE_CURVE('',#138,#196,#1932,.T.);
#1930=LINE('',#195,#1933);
#1931=LINE('',#135,#1934);
#1932=LINE('',#137,#1935);
#1933=VECTOR('',#1936,1.0);
#1934=VECTOR('',#1937,1.0);
#1935=VECTOR('',#1938,1.0);
#1936=DIRECTION('',(0.6289864130114614,0,0.7774162927588896));
#1937=DIRECTION('',(-0.9238773250445074,0,0.3826887616178527));
#1938=DIRECTION('',(-0.5220053877650312,0,-0.8529421874572035));
#1939=FACE_SURFACE('',(#1944),#1940,.T.);
#1940=PLANE('',#1941);
#1941=AXIS2_PLACEMENT_3D('',#69,#1942,#1943);
#1942=DIRECTION('',(-0,-1,0));
#1943=DIRECTION('',(-0.9997469411914951,0,0.02249563464873671));
#1944=FACE_BOUND('',#1945,.T.);
#1945=EDGE_LOOP('',(#1946,#1947,#1948));
#1946=ORIENTED_EDGE('',*,*,#1949,.T.);
#1947=ORIENTED_EDGE('',*,*,#1950,.T.);
#1948=ORIENTED_EDGE('',*,*,#1951,.T.);
#1949=EDGE_CURVE('',#70,#164,#1952,.F.);
#1950=EDGE_CURVE('',#164,#198,#1953,.T.);
#1951=EDGE_CURVE('',#198,#70,#1954,.T.);
#1952=LINE('',#69,#1955);
#1953=LINE('',#163,#1956);
#1954=LINE('',#197,#1957);
#1955=VECTOR('',#1958,1.0);
#1956=VECTOR('',#1959,1.0);
#1957=VECTOR('',#1960,1.0);
#1958=DIRECTION('',(-0.9997469411914951,0,0.02249563464873671));
#1959=DIRECTION('',(0.9994548553522382,0,-0.03301502859057746));
#1960=DIRECTION('',(0.7071067811865475,0,0.7071067811865475));
#1961=FACE_SURFACE('',(#1966),#1962,.T.);
#1962=PLANE('',#1963);
#1963=AXIS2_PLACEMENT_3D('',#197,#1964,#1965);
#1964=DIRECTION('',(0,-1,0));
#1965=DIRECTION('',(-0.9994548553522382,0,0.03301502859057746));
#1966=FACE_BOUND('',#1967,.T.);
#1967=EDGE_LOOP('',(#1968,#1969,#1970));
#1968=ORIENTED_EDGE('',*,*,#1971,.T.);
#1969=ORIENTED_EDGE('',*,*,#1972,.T.);
#1970=ORIENTED_EDGE('',*,*,#1973,.T.);
#1971=EDGE_CURVE('',#198,#164,#1974,.F.);
#1972=EDGE_CURVE('',#164,#166,#1975,.T.);
#1973=EDGE_CURVE('',#166,#198,#1976,.T.);
#1974=LINE('',#197,#1977);
#1975=LINE('',#163,#1978);
#1976=LINE('',#165,#1979);
#1977=VECTOR('',#1980,1.0);
#1978=VECTOR('',#1981,1.0);
#1979=VECTOR('',#1982,1.0);
#1980=DIRECTION('',(-0.9994548553522382,0,0.03301502859057746));
#1981=DIRECTION('',(0.6087624951021932,0,-0.7933525222478038));
#1982=DIRECTION('',(0.9995213772007209,0,-0.030935683583432908));
#1983=FACE_SURFACE('',(#1988),#1984,.T.);
#1984=PLANE('',#1985);
#1985=AXIS2_PLACEMENT_3D('',#197,#1986,#1987);
#1986=DIRECTION('',(0,-1,0));
#1987=DIRECTION('',(-0.9995213772007209,0,0.030935683583432908));
#1988=FACE_BOUND('',#1989,.T.);
#1989=EDGE_LOOP('',(#1990,#1991,#1992));
#1990=ORIENTED_EDGE('',*,*,#1993,.T.);
#1991=ORIENTED_EDGE('',*,*,#1994,.T.);
#1992=ORIENTED_EDGE('',*,*,#1995,.T.);
#1993=EDGE_CURVE('',#198,#166,#1996,.F.);
#1994=EDGE_CURVE('',#166,#168,#1997,.T.);
#1995=EDGE_CURVE('',#168,#198,#1998,.T.);
#1996=LINE('',#197,#1999);
#1997=LINE('',#165,#2000);
#1998=LINE('',#167,#2001);
#1999=VECTOR('',#2002,1.0);
#2000=VECTOR('',#2003,1.0);
#2001=VECTOR('',#2004,1.0);
#2002=DIRECTION('',(-0.9995213772007209,0,0.030935683583432908));
#2003=DIRECTION('',(0.38267026535018583,0,-0.923884986357511));
#2004=DIRECTION('',(0.9995943599651295,0,-0.02848008999113694));
#2005=FACE_SURFACE('',(#2010),#2006,.T.);
#2006=PLANE('',#2007);
#2007=AXIS2_PLACEMENT_3D('',#113,#2008,#2009);
#2008=DIRECTION('',(0,-1,0));
#2009=DIRECTION('',(0.8545770268864128,0,0.5193246625358547));
#2010=FACE_BOUND('',#2011,.T.);
#2011=EDGE_LOOP('',(#2012,#2013,#2014));
#2012=ORIENTED_EDGE('',*,*,#2015,.T.);
#2013=ORIENTED_EDGE('',*,*,#2016,.T.);
#2014=ORIENTED_EDGE('',*,*,#2017,.T.);
#2015=EDGE_CURVE('',#114,#50,#2018,.F.);
#2016=EDGE_CURVE('',#50,#42,#2019,.T.);
#2017=EDGE_CURVE('',#42,#114,#2020,.T.);
#2018=LINE('',#113,#2021);
#2019=LINE('',#49,#2022);
#2020=LINE('',#41,#2023);
#2021=VECTOR('',#2024,1.0);
#2022=VECTOR('',#2025,1.0);
#2023=VECTOR('',#2026,1.0);
#2024=DIRECTION('',(0.8545770268864128,0,0.5193246625358547));
#2025=DIRECTION('',(-0.8660230528096032,0,0.5000040719857541));
#2026=DIRECTION('',(-0.5220049229295747,0,-0.852942471938928));
#2027=FACE_SURFACE('',(#2032),#2028,.T.);
#2028=PLANE('',#2029);
#2029=AXIS2_PLACEMENT_3D('',#41,#2030,#2031);
#2030=DIRECTION('',(0,-1,0));
#2031=DIRECTION('',(0.8660230528096032,0,-0.5000040719857541));
#2032=FACE_BOUND('',#2033,.T.);
#2033=EDGE_LOOP('',(#2034,#2035,#2036));
#2034=ORIENTED_EDGE('',*,*,#2037,.T.);
#2035=ORIENTED_EDGE('',*,*,#2038,.T.);
#2036=ORIENTED_EDGE('',*,*,#2039,.T.);
#2037=EDGE_CURVE('',#42,#50,#2040,.F.);
#2038=EDGE_CURVE('',#50,#48,#2041,.T.);
#2039=EDGE_CURVE('',#48,#42,#2042,.T.);
#2040=LINE('',#41,#2043);
#2041=LINE('',#49,#2044);
#2042=LINE('',#47,#2045);
#2043=VECTOR('',#2046,1.0);
#2044=VECTOR('',#2047,1.0);
#2045=VECTOR('',#2048,1.0);
#2046=DIRECTION('',(0.8660230528096032,0,-0.5000040719857541));
#2047=DIRECTION('',(-0.6087469064973243,0,0.7933644835949852));
#2048=DIRECTION('',(-0.9238786394879819,0,0.3826855883069489));
#2049=FACE_SURFACE('',(#2054),#2050,.T.);
#2050=PLANE('',#2051);
#2051=AXIS2_PLACEMENT_3D('',#41,#2052,#2053);
#2052=DIRECTION('',(0,-1,0));
#2053=DIRECTION('',(0.9238786394879819,0,-0.3826855883069489));
#2054=FACE_BOUND('',#2055,.T.);
#2055=EDGE_LOOP('',(#2056,#2057,#2058));
#2056=ORIENTED_EDGE('',*,*,#2059,.T.);
#2057=ORIENTED_EDGE('',*,*,#2060,.T.);
#2058=ORIENTED_EDGE('',*,*,#2061,.T.);
#2059=EDGE_CURVE('',#42,#48,#2062,.F.);
#2060=EDGE_CURVE('',#48,#46,#2063,.T.);
#2061=EDGE_CURVE('',#46,#42,#2064,.T.);
#2062=LINE('',#41,#2065);
#2063=LINE('',#47,#2066);
#2064=LINE('',#45,#2067);
#2065=VECTOR('',#2068,1.0);
#2066=VECTOR('',#2069,1.0);
#2067=VECTOR('',#2070,1.0);
#2068=DIRECTION('',(0.9238786394879819,0,-0.3826855883069489));
#2069=DIRECTION('',(-0.7933468437557828,0,0.6087698953650201));
#2070=DIRECTION('',(-0.9659261142385615,0,0.25881797045799115));
#2071=FACE_SURFACE('',(#2076),#2072,.T.);
#2072=PLANE('',#2073);
#2073=AXIS2_PLACEMENT_3D('',#45,#2074,#2075);
#2074=DIRECTION('',(0,-1,0));
#2075=DIRECTION('',(-0.923881812944605,0,0.38267792686564767));
#2076=FACE_BOUND('',#2077,.T.);
#2077=EDGE_LOOP('',(#2078,#2079,#2080));
#2078=ORIENTED_EDGE('',*,*,#2081,.T.);
#2079=ORIENTED_EDGE('',*,*,#2082,.T.);
#2080=ORIENTED_EDGE('',*,*,#2083,.T.);
#2081=EDGE_CURVE('',#46,#44,#2084,.F.);
#2082=EDGE_CURVE('',#44,#42,#2085,.T.);
#2083=EDGE_CURVE('',#42,#46,#2086,.T.);
#2084=LINE('',#45,#2087);
#2085=LINE('',#43,#2088);
#2086=LINE('',#41,#2089);
#2087=VECTOR('',#2090,1.0);
#2088=VECTOR('',#2091,1.0);
#2089=VECTOR('',#2092,1.0);
#2090=DIRECTION('',(-0.923881812944605,0,0.38267792686564767));
#2091=DIRECTION('',(-0.9914447487517163,0,0.13052704766693377));
#2092=DIRECTION('',(0.9659261142385615,0,-0.25881797045799115));
#2093=FACE_SURFACE('',(#2098),#2094,.T.);
#2094=PLANE('',#2095);
#2095=AXIS2_PLACEMENT_3D('',#171,#2096,#2097);
#2096=DIRECTION('',(0,-1,-0));
#2097=DIRECTION('',(-0.9238773250445146,0,-0.3826887616178353));
#2098=FACE_BOUND('',#2099,.T.);
#2099=EDGE_LOOP('',(#2100,#2101,#2102));
#2100=ORIENTED_EDGE('',*,*,#2103,.T.);
#2101=ORIENTED_EDGE('',*,*,#2104,.T.);
#2102=ORIENTED_EDGE('',*,*,#2105,.T.);
#2103=EDGE_CURVE('',#172,#174,#2106,.F.);
#2104=EDGE_CURVE('',#174,#170,#2107,.T.);
#2105=EDGE_CURVE('',#170,#172,#2108,.T.);
#2106=LINE('',#171,#2109);
#2107=LINE('',#173,#2110);
#2108=LINE('',#169,#2111);
#2109=VECTOR('',#2112,1.0);
#2110=VECTOR('',#2113,1.0);
#2111=VECTOR('',#2114,1.0);
#2112=DIRECTION('',(-0.9238773250445146,0,-0.3826887616178353));
#2113=DIRECTION('',(0.9659261142385615,0,0.25881797045799115));
#2114=DIRECTION('',(-0.9914452708456175,0,-0.13052308193518955));
#2115=FACE_SURFACE('',(#2120),#2116,.T.);
#2116=PLANE('',#2117);
#2117=AXIS2_PLACEMENT_3D('',#169,#2118,#2119);
#2118=DIRECTION('',(0,-1,0));
#2119=DIRECTION('',(-0.9659261142385615,0,-0.25881797045799115));
#2120=FACE_BOUND('',#2121,.T.);
#2121=EDGE_LOOP('',(#2122,#2123,#2124));
#2122=ORIENTED_EDGE('',*,*,#2125,.T.);
#2123=ORIENTED_EDGE('',*,*,#2126,.T.);
#2124=ORIENTED_EDGE('',*,*,#2127,.T.);
#2125=EDGE_CURVE('',#170,#174,#2128,.F.);
#2126=EDGE_CURVE('',#174,#176,#2129,.T.);
#2127=EDGE_CURVE('',#176,#170,#2130,.T.);
#2128=LINE('',#169,#2131);
#2129=LINE('',#173,#2132);
#2130=LINE('',#175,#2133);
#2131=VECTOR('',#2134,1.0);
#2132=VECTOR('',#2135,1.0);
#2133=VECTOR('',#2136,1.0);
#2134=DIRECTION('',(-0.9659261142385615,0,-0.25881797045799115));
#2135=DIRECTION('',(-0.7933582005327358,0,-0.608755094966325));
#2136=DIRECTION('',(0.9238801702213284,0,0.38268189279322995));
#2137=FACE_SURFACE('',(#2142),#2138,.T.);
#2138=PLANE('',#2139);
#2139=AXIS2_PLACEMENT_3D('',#169,#2140,#2141);
#2140=DIRECTION('',(0,-1,0));
#2141=DIRECTION('',(-0.9238801702213284,0,-0.38268189279322995));
#2142=FACE_BOUND('',#2143,.T.);
#2143=EDGE_LOOP('',(#2144,#2145,#2146));
#2144=ORIENTED_EDGE('',*,*,#2147,.T.);
#2145=ORIENTED_EDGE('',*,*,#2148,.T.);
#2146=ORIENTED_EDGE('',*,*,#2149,.T.);
#2147=EDGE_CURVE('',#170,#176,#2150,.F.);
#2148=EDGE_CURVE('',#176,#178,#2151,.T.);
#2149=EDGE_CURVE('',#178,#170,#2152,.T.);
#2150=LINE('',#169,#2153);
#2151=LINE('',#175,#2154);
#2152=LINE('',#177,#2155);
#2153=VECTOR('',#2156,1.0);
#2154=VECTOR('',#2157,1.0);
#2155=VECTOR('',#2158,1.0);
#2156=DIRECTION('',(-0.9238801702213284,0,-0.38268189279322995));
#2157=DIRECTION('',(-0.6087661952177046,0,-0.7933496830277047));
#2158=DIRECTION('',(0.8660270528241962,0,0.49999714376847876));
#2159=FACE_SURFACE('',(#2164),#2160,.T.);
#2160=PLANE('',#2161);
#2161=AXIS2_PLACEMENT_3D('',#177,#2162,#2163);
#2162=DIRECTION('',(0,-1,-0));
#2163=DIRECTION('',(-0.38266891104099554,0,-0.9238855473069696));
#2164=FACE_BOUND('',#2165,.T.);
#2165=EDGE_LOOP('',(#2166,#2167,#2168));
#2166=ORIENTED_EDGE('',*,*,#2169,.T.);
#2167=ORIENTED_EDGE('',*,*,#2170,.T.);
#2168=ORIENTED_EDGE('',*,*,#2171,.T.);
#2169=EDGE_CURVE('',#178,#180,#2172,.F.);
#2170=EDGE_CURVE('',#180,#170,#2173,.T.);
#2171=EDGE_CURVE('',#170,#178,#2174,.T.);
#2172=LINE('',#177,#2175);
#2173=LINE('',#179,#2176);
#2174=LINE('',#169,#2177);
#2175=VECTOR('',#2178,1.0);
#2176=VECTOR('',#2179,1.0);
#2177=VECTOR('',#2180,1.0);
#2178=DIRECTION('',(-0.38266891104099554,0,-0.9238855473069696));
#2179=DIRECTION('',(0.7933539840344317,0,0.608760590065335));
#2180=DIRECTION('',(-0.8660270528241962,0,-0.49999714376847876));
#2181=FACE_SURFACE('',(#2186),#2182,.T.);
#2182=PLANE('',#2183);
#2183=AXIS2_PLACEMENT_3D('',#169,#2184,#2185);
#2184=DIRECTION('',(0,-1,0));
#2185=DIRECTION('',(-0.7933539840344317,0,-0.608760590065335));
#2186=FACE_BOUND('',#2187,.T.);
#2187=EDGE_LOOP('',(#2188,#2189,#2190));
#2188=ORIENTED_EDGE('',*,*,#2191,.T.);
#2189=ORIENTED_EDGE('',*,*,#2192,.T.);
#2190=ORIENTED_EDGE('',*,*,#2193,.T.);
#2191=EDGE_CURVE('',#170,#180,#2194,.F.);
#2192=EDGE_CURVE('',#180,#182,#2195,.T.);
#2193=EDGE_CURVE('',#182,#170,#2196,.T.);
#2194=LINE('',#169,#2197);
#2195=LINE('',#179,#2198);
#2196=LINE('',#181,#2199);
#2197=VECTOR('',#2200,1.0);
#2198=VECTOR('',#2201,1.0);
#2199=VECTOR('',#2202,1.0);
#2200=DIRECTION('',(-0.7933539840344317,0,-0.608760590065335));
#2201=DIRECTION('',(-0.13051802970368315,0,-0.9914459359552937));
#2202=DIRECTION('',(0.7071067811865475,0,0.7071067811865475));
#2203=FACE_SURFACE('',(#2208),#2204,.T.);
#2204=PLANE('',#2205);
#2205=AXIS2_PLACEMENT_3D('',#137,#2206,#2207);
#2206=DIRECTION('',(0,-1,0));
#2207=DIRECTION('',(-0.8545794095722741,0,-0.5193207416761856));
#2208=FACE_BOUND('',#2209,.T.);
#2209=EDGE_LOOP('',(#2210,#2211,#2212));
#2210=ORIENTED_EDGE('',*,*,#2213,.T.);
#2211=ORIENTED_EDGE('',*,*,#2214,.T.);
#2212=ORIENTED_EDGE('',*,*,#2215,.T.);
#2213=EDGE_CURVE('',#138,#188,#2216,.F.);
#2214=EDGE_CURVE('',#188,#196,#2217,.T.);
#2215=EDGE_CURVE('',#196,#138,#2218,.T.);
#2216=LINE('',#137,#2219);
#2217=LINE('',#187,#2220);
#2218=LINE('',#195,#2221);
#2219=VECTOR('',#2222,1.0);
#2220=VECTOR('',#2223,1.0);
#2221=VECTOR('',#2224,1.0);
#2222=DIRECTION('',(-0.8545794095722741,0,-0.5193207416761856));
#2223=DIRECTION('',(0.8660270528241962,0,-0.49999714376847876));
#2224=DIRECTION('',(0.5220053877650312,0,0.8529421874572035));
#2225=FACE_SURFACE('',(#2230),#2226,.T.);
#2226=PLANE('',#2227);
#2227=AXIS2_PLACEMENT_3D('',#195,#2228,#2229);
#2228=DIRECTION('',(0,-1,0));
#2229=DIRECTION('',(-0.8660270528241962,0,0.49999714376847876));
#2230=FACE_BOUND('',#2231,.T.);
#2231=EDGE_LOOP('',(#2232,#2233,#2234));
#2232=ORIENTED_EDGE('',*,*,#2235,.T.);
#2233=ORIENTED_EDGE('',*,*,#2236,.T.);
#2234=ORIENTED_EDGE('',*,*,#2237,.T.);
#2235=EDGE_CURVE('',#196,#188,#2238,.F.);
#2236=EDGE_CURVE('',#188,#190,#2239,.T.);
#2237=EDGE_CURVE('',#190,#196,#2240,.T.);
#2238=LINE('',#195,#2241);
#2239=LINE('',#187,#2242);
#2240=LINE('',#189,#2243);
#2241=VECTOR('',#2244,1.0);
#2242=VECTOR('',#2245,1.0);
#2243=VECTOR('',#2246,1.0);
#2244=DIRECTION('',(-0.8660270528241962,0,0.49999714376847876));
#2245=DIRECTION('',(0.6087550949663122,0,-0.7933582005327457));
#2246=DIRECTION('',(0.9238829418162262,0,-0.3826752014711634));
#2247=FACE_SURFACE('',(#2252),#2248,.T.);
#2248=PLANE('',#2249);
#2249=AXIS2_PLACEMENT_3D('',#195,#2250,#2251);
#2250=DIRECTION('',(0,-1,0));
#2251=DIRECTION('',(-0.9238829418162262,0,0.3826752014711634));
#2252=FACE_BOUND('',#2253,.T.);
#2253=EDGE_LOOP('',(#2254,#2255,#2256));
#2254=ORIENTED_EDGE('',*,*,#2257,.T.);
#2255=ORIENTED_EDGE('',*,*,#2258,.T.);
#2256=ORIENTED_EDGE('',*,*,#2259,.T.);
#2257=EDGE_CURVE('',#196,#190,#2260,.F.);
#2258=EDGE_CURVE('',#190,#192,#2261,.T.);
#2259=EDGE_CURVE('',#192,#196,#2262,.T.);
#2260=LINE('',#195,#2263);
#2261=LINE('',#189,#2264);
#2262=LINE('',#191,#2265);
#2263=VECTOR('',#2266,1.0);
#2264=VECTOR('',#2267,1.0);
#2265=VECTOR('',#2268,1.0);
#2266=DIRECTION('',(-0.9238829418162262,0,0.3826752014711634));
#2267=DIRECTION('',(0.7933582005327194,0,-0.6087550949663465));
#2268=DIRECTION('',(0.9659290119538889,0,-0.2588071557468692));
#2269=FACE_SURFACE('',(#2274),#2270,.T.);
#2270=PLANE('',#2271);
#2271=AXIS2_PLACEMENT_3D('',#191,#2272,#2273);
#2272=DIRECTION('',(0,-1,0));
#2273=DIRECTION('',(0.9238827425000258,0,-0.382675682674809));
#2274=FACE_BOUND('',#2275,.T.);
#2275=EDGE_LOOP('',(#2276,#2277,#2278));
#2276=ORIENTED_EDGE('',*,*,#2279,.T.);
#2277=ORIENTED_EDGE('',*,*,#2280,.T.);
#2278=ORIENTED_EDGE('',*,*,#2281,.T.);
#2279=EDGE_CURVE('',#192,#194,#2282,.F.);
#2280=EDGE_CURVE('',#194,#196,#2283,.T.);
#2281=EDGE_CURVE('',#196,#192,#2284,.T.);
#2282=LINE('',#191,#2285);
#2283=LINE('',#193,#2286);
#2284=LINE('',#195,#2287);
#2285=VECTOR('',#2288,1.0);
#2286=VECTOR('',#2289,1.0);
#2287=VECTOR('',#2290,1.0);
#2288=DIRECTION('',(0.9238827425000258,0,-0.382675682674809));
#2289=DIRECTION('',(0.9914462622210863,0,-0.1305155512873342));
#2290=DIRECTION('',(-0.9659290119538889,0,0.2588071557468692));
#2291=FACE_SURFACE('',(#2296),#2292,.T.);
#2292=PLANE('',#2293);
#2293=AXIS2_PLACEMENT_3D('',#199,#2294,#2295);
#2294=DIRECTION('',(-0,-1,0));
#2295=DIRECTION('',(0.9238872301196728,0,0.38266484816585794));
#2296=FACE_BOUND('',#2297,.T.);
#2297=EDGE_LOOP('',(#2298,#2299,#2300));
#2298=ORIENTED_EDGE('',*,*,#2301,.T.);
#2299=ORIENTED_EDGE('',*,*,#2302,.T.);
#2300=ORIENTED_EDGE('',*,*,#2303,.T.);
#2301=EDGE_CURVE('',#200,#202,#2304,.F.);
#2302=EDGE_CURVE('',#202,#198,#2305,.T.);
#2303=EDGE_CURVE('',#198,#200,#2306,.T.);
#2304=LINE('',#199,#2307);
#2305=LINE('',#201,#2308);
#2306=LINE('',#197,#2309);
#2307=VECTOR('',#2310,1.0);
#2308=VECTOR('',#2311,1.0);
#2309=VECTOR('',#2312,1.0);
#2310=DIRECTION('',(0.9238872301196728,0,0.38266484816585794));
#2311=DIRECTION('',(-0.9659290119538889,0,-0.2588071557468692));
#2312=DIRECTION('',(0.991445740186907,0,0.13051951679820276));
#2313=FACE_SURFACE('',(#2318),#2314,.T.);
#2314=PLANE('',#2315);
#2315=AXIS2_PLACEMENT_3D('',#197,#2316,#2317);
#2316=DIRECTION('',(0,-1,0));
#2317=DIRECTION('',(0.9659290119538889,0,0.2588071557468692));
#2318=FACE_BOUND('',#2319,.T.);
#2319=EDGE_LOOP('',(#2320,#2321,#2322));
#2320=ORIENTED_EDGE('',*,*,#2323,.T.);
#2321=ORIENTED_EDGE('',*,*,#2324,.T.);
#2322=ORIENTED_EDGE('',*,*,#2325,.T.);
#2323=EDGE_CURVE('',#198,#202,#2326,.F.);
#2324=EDGE_CURVE('',#202,#204,#2327,.T.);
#2325=EDGE_CURVE('',#204,#198,#2328,.T.);
#2326=LINE('',#197,#2329);
#2327=LINE('',#201,#2330);
#2328=LINE('',#203,#2331);
#2329=VECTOR('',#2332,1.0);
#2330=VECTOR('',#2333,1.0);
#2331=VECTOR('',#2334,1.0);
#2332=DIRECTION('',(0.9659290119538889,0,0.2588071557468692));
#2333=DIRECTION('',(0.7933468437557664,0,0.6087698953650417));
#2334=DIRECTION('',(-0.9238814111318179,0,-0.3826788969424377));
#2335=FACE_SURFACE('',(#2340),#2336,.T.);
#2336=PLANE('',#2337);
#2337=AXIS2_PLACEMENT_3D('',#197,#2338,#2339);
#2338=DIRECTION('',(0,-1,0));
#2339=DIRECTION('',(0.9238814111318179,0,0.3826788969424377));
#2340=FACE_BOUND('',#2341,.T.);
#2341=EDGE_LOOP('',(#2342,#2343,#2344));
#2342=ORIENTED_EDGE('',*,*,#2345,.T.);
#2343=ORIENTED_EDGE('',*,*,#2346,.T.);
#2344=ORIENTED_EDGE('',*,*,#2347,.T.);
#2345=EDGE_CURVE('',#198,#204,#2348,.F.);
#2346=EDGE_CURVE('',#204,#206,#2349,.T.);
#2347=EDGE_CURVE('',#206,#198,#2350,.T.);
#2348=LINE('',#197,#2351);
#2349=LINE('',#203,#2352);
#2350=LINE('',#205,#2353);
#2351=VECTOR('',#2354,1.0);
#2352=VECTOR('',#2355,1.0);
#2353=VECTOR('',#2356,1.0);
#2354=DIRECTION('',(0.9238814111318179,0,0.3826788969424377));
#2355=DIRECTION('',(0.6087358061834954,0,0.7933730007191636));
#2356=DIRECTION('',(-0.8660230528096032,0,-0.5000040719857541));
#2357=FACE_SURFACE('',(#2362),#2358,.T.);
#2358=PLANE('',#2359);
#2359=AXIS2_PLACEMENT_3D('',#205,#2360,#2361);
#2360=DIRECTION('',(-0,-1,0));
#2361=DIRECTION('',(0.38275415288186404,0,0.9238502359428648));
#2362=FACE_BOUND('',#2363,.T.);
#2363=EDGE_LOOP('',(#2364,#2365,#2366));
#2364=ORIENTED_EDGE('',*,*,#2367,.T.);
#2365=ORIENTED_EDGE('',*,*,#2368,.T.);
#2366=ORIENTED_EDGE('',*,*,#2369,.T.);
#2367=EDGE_CURVE('',#206,#208,#2370,.F.);
#2368=EDGE_CURVE('',#208,#198,#2371,.T.);
#2369=EDGE_CURVE('',#198,#206,#2372,.T.);
#2370=LINE('',#205,#2373);
#2371=LINE('',#207,#2374);
#2372=LINE('',#197,#2375);
#2373=VECTOR('',#2376,1.0);
#2374=VECTOR('',#2377,1.0);
#2375=VECTOR('',#2378,1.0);
#2376=DIRECTION('',(0.38275415288186404,0,0.9238502359428648));
#2377=DIRECTION('',(-0.7933584024164253,0,-0.6087548318619387));
#2378=DIRECTION('',(0.8660230528096032,0,0.5000040719857541));
#2379=FACE_SURFACE('',(#2384),#2380,.T.);
#2380=PLANE('',#2381);
#2381=AXIS2_PLACEMENT_3D('',#197,#2382,#2383);
#2382=DIRECTION('',(0,-1,0));
#2383=DIRECTION('',(0.7933584024164253,0,0.6087548318619387));
#2384=FACE_BOUND('',#2385,.T.);
#2385=EDGE_LOOP('',(#2386,#2387,#2388));
#2386=ORIENTED_EDGE('',*,*,#2389,.T.);
#2387=ORIENTED_EDGE('',*,*,#2390,.T.);
#2388=ORIENTED_EDGE('',*,*,#2391,.T.);
#2389=EDGE_CURVE('',#198,#208,#2392,.F.);
#2390=EDGE_CURVE('',#208,#70,#2393,.T.);
#2391=EDGE_CURVE('',#70,#198,#2394,.T.);
#2392=LINE('',#197,#2395);
#2393=LINE('',#207,#2396);
#2394=LINE('',#69,#2397);
#2395=VECTOR('',#2398,1.0);
#2396=VECTOR('',#2399,1.0);
#2397=VECTOR('',#2400,1.0);
#2398=DIRECTION('',(0.7933584024164253,0,0.6087548318619387));
#2399=DIRECTION('',(0.13048542847010078,0,0.9914502271707712));
#2400=DIRECTION('',(-0.7071067811865475,0,-0.7071067811865475));
#2401=FACE_SURFACE('',(#2406),#2402,.T.);
#2402=PLANE('',#2403);
#2403=AXIS2_PLACEMENT_3D('',#221,#2404,#2405);
#2404=DIRECTION('',(-0.9914459359552938,0,0.13051802970368317));
#2405=DIRECTION('',(0,-1,0));
#2406=FACE_BOUND('',#2407,.T.);
#2407=EDGE_LOOP('',(#2408,#2409,#2410));
#2408=ORIENTED_EDGE('',*,*,#2411,.T.);
#2409=ORIENTED_EDGE('',*,*,#2412,.T.);
#2410=ORIENTED_EDGE('',*,*,#2413,.T.);
#2411=EDGE_CURVE('',#222,#182,#2414,.F.);
#2412=EDGE_CURVE('',#182,#220,#2415,.T.);
#2413=EDGE_CURVE('',#220,#222,#2416,.T.);
#2414=LINE('',#221,#2417);
#2415=LINE('',#181,#2418);
#2416=LINE('',#219,#2419);
#2417=VECTOR('',#2420,1.0);
#2418=VECTOR('',#2421,1.0);
#2419=VECTOR('',#2422,1.0);
#2420=DIRECTION('',(0,-1,0));
#2421=DIRECTION('',(0.007558847185544402,0.9983215641858665,0.057418797538005016));
#2422=DIRECTION('',(-0.13051802970368315,0,-0.9914459359552937));
#2423=FACE_SURFACE('',(#2428),#2424,.T.);
#2424=PLANE('',#2425);
#2425=AXIS2_PLACEMENT_3D('',#219,#2426,#2427);
#2426=DIRECTION('',(-0.9914459359552938,0,0.13051802970368317));
#2427=DIRECTION('',(-0.007558847185544402,-0.9983215641858665,-0.057418797538005016));
#2428=FACE_BOUND('',#2429,.T.);
#2429=EDGE_LOOP('',(#2430,#2431,#2432));
#2430=ORIENTED_EDGE('',*,*,#2433,.T.);
#2431=ORIENTED_EDGE('',*,*,#2434,.T.);
#2432=ORIENTED_EDGE('',*,*,#2435,.T.);
#2433=EDGE_CURVE('',#220,#182,#2436,.F.);
#2434=EDGE_CURVE('',#182,#180,#2437,.T.);
#2435=EDGE_CURVE('',#180,#220,#2438,.T.);
#2436=LINE('',#219,#2439);
#2437=LINE('',#181,#2440);
#2438=LINE('',#179,#2441);
#2439=VECTOR('',#2442,1.0);
#2440=VECTOR('',#2443,1.0);
#2441=VECTOR('',#2444,1.0);
#2442=DIRECTION('',(-0.007558847185544402,-0.9983215641858665,-0.057418797538005016));
#2443=DIRECTION('',(0.13051802970368315,0,0.9914459359552937));
#2444=DIRECTION('',(0,1,0));
#2445=FACE_SURFACE('',(#2450),#2446,.T.);
#2446=PLANE('',#2447);
#2447=AXIS2_PLACEMENT_3D('',#219,#2448,#2449);
#2448=DIRECTION('',(-0.9238855473069696,0,0.3826689110409956));
#2449=DIRECTION('',(0,-1,0));
#2450=FACE_BOUND('',#2451,.T.);
#2451=EDGE_LOOP('',(#2452,#2453,#2454));
#2452=ORIENTED_EDGE('',*,*,#2455,.T.);
#2453=ORIENTED_EDGE('',*,*,#2456,.T.);
#2454=ORIENTED_EDGE('',*,*,#2457,.T.);
#2455=EDGE_CURVE('',#220,#180,#2458,.F.);
#2456=EDGE_CURVE('',#180,#218,#2459,.T.);
#2457=EDGE_CURVE('',#218,#220,#2460,.T.);
#2458=LINE('',#219,#2461);
#2459=LINE('',#179,#2462);
#2460=LINE('',#217,#2463);
#2461=VECTOR('',#2464,1.0);
#2462=VECTOR('',#2465,1.0);
#2463=VECTOR('',#2466,1.0);
#2464=DIRECTION('',(0,-1,0));
#2465=DIRECTION('',(0.022161851704487128,0.998321581146302,0.05350582161387677));
#2466=DIRECTION('',(-0.38266891104099554,0,-0.9238855473069696));
#2467=FACE_SURFACE('',(#2472),#2468,.T.);
#2468=PLANE('',#2469);
#2469=AXIS2_PLACEMENT_3D('',#217,#2470,#2471);
#2470=DIRECTION('',(-0.9238855473069696,0,0.3826689110409956));
#2471=DIRECTION('',(-0.022161851704487128,-0.998321581146302,-0.05350582161387677));
#2472=FACE_BOUND('',#2473,.T.);
#2473=EDGE_LOOP('',(#2474,#2475,#2476));
#2474=ORIENTED_EDGE('',*,*,#2477,.T.);
#2475=ORIENTED_EDGE('',*,*,#2478,.T.);
#2476=ORIENTED_EDGE('',*,*,#2479,.T.);
#2477=EDGE_CURVE('',#218,#180,#2480,.F.);
#2478=EDGE_CURVE('',#180,#178,#2481,.T.);
#2479=EDGE_CURVE('',#178,#218,#2482,.T.);
#2480=LINE('',#217,#2483);
#2481=LINE('',#179,#2484);
#2482=LINE('',#177,#2485);
#2483=VECTOR('',#2486,1.0);
#2484=VECTOR('',#2487,1.0);
#2485=VECTOR('',#2488,1.0);
#2486=DIRECTION('',(-0.022161851704487128,-0.998321581146302,-0.05350582161387677));
#2487=DIRECTION('',(0.38266891104099554,0,0.9238855473069696));
#2488=DIRECTION('',(0,1,0));
#2489=FACE_SURFACE('',(#2494),#2490,.T.);
#2490=PLANE('',#2491);
#2491=AXIS2_PLACEMENT_3D('',#217,#2492,#2493);
#2492=DIRECTION('',(-0.7933496830277048,0,0.6087661952177046));
#2493=DIRECTION('',(0,-1,0));
#2494=FACE_BOUND('',#2495,.T.);
#2495=EDGE_LOOP('',(#2496,#2497,#2498));
#2496=ORIENTED_EDGE('',*,*,#2499,.T.);
#2497=ORIENTED_EDGE('',*,*,#2500,.T.);
#2498=ORIENTED_EDGE('',*,*,#2501,.T.);
#2499=EDGE_CURVE('',#218,#178,#2502,.F.);
#2500=EDGE_CURVE('',#178,#216,#2503,.T.);
#2501=EDGE_CURVE('',#216,#218,#2504,.T.);
#2502=LINE('',#217,#2505);
#2503=LINE('',#177,#2506);
#2504=LINE('',#215,#2507);
#2505=VECTOR('',#2508,1.0);
#2506=VECTOR('',#2509,1.0);
#2507=VECTOR('',#2510,1.0);
#2508=DIRECTION('',(0,-1,0));
#2509=DIRECTION('',(0.03525628041444682,0.9983215571672277,0.04594630764859493));
#2510=DIRECTION('',(-0.6087661952177046,0,-0.7933496830277047));
#2511=FACE_SURFACE('',(#2516),#2512,.T.);
#2512=PLANE('',#2513);
#2513=AXIS2_PLACEMENT_3D('',#215,#2514,#2515);
#2514=DIRECTION('',(-0.7933496830277048,0,0.6087661952177046));
#2515=DIRECTION('',(-0.03525628041444682,-0.9983215571672277,-0.04594630764859493));
#2516=FACE_BOUND('',#2517,.T.);
#2517=EDGE_LOOP('',(#2518,#2519,#2520));
#2518=ORIENTED_EDGE('',*,*,#2521,.T.);
#2519=ORIENTED_EDGE('',*,*,#2522,.T.);
#2520=ORIENTED_EDGE('',*,*,#2523,.T.);
#2521=EDGE_CURVE('',#216,#178,#2524,.F.);
#2522=EDGE_CURVE('',#178,#176,#2525,.T.);
#2523=EDGE_CURVE('',#176,#216,#2526,.T.);
#2524=LINE('',#215,#2527);
#2525=LINE('',#177,#2528);
#2526=LINE('',#175,#2529);
#2527=VECTOR('',#2530,1.0);
#2528=VECTOR('',#2531,1.0);
#2529=VECTOR('',#2532,1.0);
#2530=DIRECTION('',(-0.03525628041444682,-0.9983215571672277,-0.04594630764859493));
#2531=DIRECTION('',(0.6087661952177046,0,0.7933496830277047));
#2532=DIRECTION('',(0,1,0));
#2533=FACE_SURFACE('',(#2538),#2534,.T.);
#2534=PLANE('',#2535);
#2535=AXIS2_PLACEMENT_3D('',#215,#2536,#2537);
#2536=DIRECTION('',(-0.6087550949663251,0,0.7933582005327359));
#2537=DIRECTION('',(0,-1,0));
#2538=FACE_BOUND('',#2539,.T.);
#2539=EDGE_LOOP('',(#2540,#2541,#2542));
#2540=ORIENTED_EDGE('',*,*,#2543,.T.);
#2541=ORIENTED_EDGE('',*,*,#2544,.T.);
#2542=ORIENTED_EDGE('',*,*,#2545,.T.);
#2543=EDGE_CURVE('',#216,#176,#2546,.F.);
#2544=EDGE_CURVE('',#176,#214,#2547,.T.);
#2545=EDGE_CURVE('',#214,#216,#2548,.T.);
#2546=LINE('',#215,#2549);
#2547=LINE('',#175,#2550);
#2548=LINE('',#213,#2551);
#2549=VECTOR('',#2552,1.0);
#2550=VECTOR('',#2553,1.0);
#2551=VECTOR('',#2554,1.0);
#2552=DIRECTION('',(0,-1,0));
#2553=DIRECTION('',(0.04594763593385473,0.9983214961100816,0.035256278258180965));
#2554=DIRECTION('',(-0.7933582005327358,0,-0.608755094966325));
#2555=FACE_SURFACE('',(#2560),#2556,.T.);
#2556=PLANE('',#2557);
#2557=AXIS2_PLACEMENT_3D('',#213,#2558,#2559);
#2558=DIRECTION('',(-0.6087550949663251,0,0.7933582005327359));
#2559=DIRECTION('',(-0.04594763593385473,-0.9983214961100816,-0.035256278258180965));
#2560=FACE_BOUND('',#2561,.T.);
#2561=EDGE_LOOP('',(#2562,#2563,#2564));
#2562=ORIENTED_EDGE('',*,*,#2565,.T.);
#2563=ORIENTED_EDGE('',*,*,#2566,.T.);
#2564=ORIENTED_EDGE('',*,*,#2567,.T.);
#2565=EDGE_CURVE('',#214,#176,#2568,.F.);
#2566=EDGE_CURVE('',#176,#174,#2569,.T.);
#2567=EDGE_CURVE('',#174,#214,#2570,.T.);
#2568=LINE('',#213,#2571);
#2569=LINE('',#175,#2572);
#2570=LINE('',#173,#2573);
#2571=VECTOR('',#2574,1.0);
#2572=VECTOR('',#2575,1.0);
#2573=VECTOR('',#2576,1.0);
#2574=DIRECTION('',(-0.04594763593385473,-0.9983214961100816,-0.035256278258180965));
#2575=DIRECTION('',(0.7933582005327358,0,0.608755094966325));
#2576=DIRECTION('',(0,1,0));
#2577=FACE_SURFACE('',(#2582),#2578,.T.);
#2578=PLANE('',#2579);
#2579=AXIS2_PLACEMENT_3D('',#213,#2580,#2581);
#2580=DIRECTION('',(-0.3826887616178353,0,0.9238773250445146));
#2581=DIRECTION('',(0,-1,0));
#2582=FACE_BOUND('',#2583,.T.);
#2583=EDGE_LOOP('',(#2584,#2585,#2586));
#2584=ORIENTED_EDGE('',*,*,#2587,.T.);
#2585=ORIENTED_EDGE('',*,*,#2588,.T.);
#2586=ORIENTED_EDGE('',*,*,#2589,.T.);
#2587=EDGE_CURVE('',#214,#174,#2590,.F.);
#2588=EDGE_CURVE('',#174,#212,#2591,.T.);
#2589=EDGE_CURVE('',#212,#214,#2592,.T.);
#2590=LINE('',#213,#2593);
#2591=LINE('',#173,#2594);
#2592=LINE('',#211,#2595);
#2593=VECTOR('',#2596,1.0);
#2594=VECTOR('',#2597,1.0);
#2595=VECTOR('',#2598,1.0);
#2596=DIRECTION('',(0,-1,0));
#2597=DIRECTION('',(0.05350471449094621,0.9983216207634588,0.022162739980948757));
#2598=DIRECTION('',(-0.9238773250445146,0,-0.3826887616178353));
#2599=FACE_SURFACE('',(#2604),#2600,.T.);
#2600=PLANE('',#2601);
#2601=AXIS2_PLACEMENT_3D('',#211,#2602,#2603);
#2602=DIRECTION('',(-0.3826887616178353,0,0.9238773250445146));
#2603=DIRECTION('',(-0.05350471449094621,-0.9983216207634588,-0.022162739980948757));
#2604=FACE_BOUND('',#2605,.T.);
#2605=EDGE_LOOP('',(#2606,#2607,#2608));
#2606=ORIENTED_EDGE('',*,*,#2609,.T.);
#2607=ORIENTED_EDGE('',*,*,#2610,.T.);
#2608=ORIENTED_EDGE('',*,*,#2611,.T.);
#2609=EDGE_CURVE('',#212,#174,#2612,.F.);
#2610=EDGE_CURVE('',#174,#172,#2613,.T.);
#2611=EDGE_CURVE('',#172,#212,#2614,.T.);
#2612=LINE('',#211,#2615);
#2613=LINE('',#173,#2616);
#2614=LINE('',#171,#2617);
#2615=VECTOR('',#2618,1.0);
#2616=VECTOR('',#2619,1.0);
#2617=VECTOR('',#2620,1.0);
#2618=DIRECTION('',(-0.05350471449094621,-0.9983216207634588,-0.022162739980948757));
#2619=DIRECTION('',(0.9238773250445146,0,0.3826887616178353));
#2620=DIRECTION('',(0,1,0));
#2621=FACE_SURFACE('',(#2626),#2622,.T.);
#2622=PLANE('',#2623);
#2623=AXIS2_PLACEMENT_3D('',#211,#2624,#2625);
#2624=DIRECTION('',(-0.13052308193518955,0,0.9914452708456175));
#2625=DIRECTION('',(0,-1,0));
#2626=FACE_BOUND('',#2627,.T.);
#2627=EDGE_LOOP('',(#2628,#2629,#2630));
#2628=ORIENTED_EDGE('',*,*,#2631,.T.);
#2629=ORIENTED_EDGE('',*,*,#2632,.T.);
#2630=ORIENTED_EDGE('',*,*,#2633,.T.);
#2631=EDGE_CURVE('',#212,#172,#2634,.F.);
#2632=EDGE_CURVE('',#172,#210,#2635,.T.);
#2633=EDGE_CURVE('',#210,#212,#2636,.T.);
#2634=LINE('',#211,#2637);
#2635=LINE('',#171,#2638);
#2636=LINE('',#209,#2639);
#2637=VECTOR('',#2640,1.0);
#2638=VECTOR('',#2641,1.0);
#2639=VECTOR('',#2642,1.0);
#2640=DIRECTION('',(0,-1,0));
#2641=DIRECTION('',(0.057419902934402064,0.9983214972522615,0.007559290377193815));
#2642=DIRECTION('',(-0.9914452708456175,0,-0.13052308193518955));
#2643=FACE_SURFACE('',(#2648),#2644,.T.);
#2644=PLANE('',#2645);
#2645=AXIS2_PLACEMENT_3D('',#209,#2646,#2647);
#2646=DIRECTION('',(-0.13052308193518955,0,0.9914452708456175));
#2647=DIRECTION('',(-0.057419902934402064,-0.9983214972522615,-0.007559290377193815));
#2648=FACE_BOUND('',#2649,.T.);
#2649=EDGE_LOOP('',(#2650,#2651,#2652));
#2650=ORIENTED_EDGE('',*,*,#2653,.T.);
#2651=ORIENTED_EDGE('',*,*,#2654,.T.);
#2652=ORIENTED_EDGE('',*,*,#2655,.T.);
#2653=EDGE_CURVE('',#210,#172,#2656,.F.);
#2654=EDGE_CURVE('',#172,#170,#2657,.T.);
#2655=EDGE_CURVE('',#170,#210,#2658,.T.);
#2656=LINE('',#209,#2659);
#2657=LINE('',#171,#2660);
#2658=LINE('',#169,#2661);
#2659=VECTOR('',#2662,1.0);
#2660=VECTOR('',#2663,1.0);
#2661=VECTOR('',#2664,1.0);
#2662=DIRECTION('',(-0.057419902934402064,-0.9983214972522615,-0.007559290377193815));
#2663=DIRECTION('',(0.9914452708456175,0,0.13052308193518955));
#2664=DIRECTION('',(0,1,0));
#2665=FACE_SURFACE('',(#2670),#2666,.T.);
#2666=PLANE('',#2667);
#2667=AXIS2_PLACEMENT_3D('',#221,#2668,#2669);
#2668=DIRECTION('',(-1,-0,-0));
#2669=DIRECTION('',(0,0,-1));
#2670=FACE_BOUND('',#2671,.T.);
#2671=EDGE_LOOP('',(#2672,#2673,#2674));
#2672=ORIENTED_EDGE('',*,*,#2675,.T.);
#2673=ORIENTED_EDGE('',*,*,#2676,.T.);
#2674=ORIENTED_EDGE('',*,*,#2677,.T.);
#2675=EDGE_CURVE('',#222,#224,#2678,.F.);
#2676=EDGE_CURVE('',#224,#182,#2679,.T.);
#2677=EDGE_CURVE('',#182,#222,#2680,.T.);
#2678=LINE('',#221,#2681);
#2679=LINE('',#223,#2682);
#2680=LINE('',#181,#2683);
#2681=VECTOR('',#2684,1.0);
#2682=VECTOR('',#2685,1.0);
#2683=VECTOR('',#2686,1.0);
#2684=DIRECTION('',(0,0,-1));
#2685=DIRECTION('',(0,-0.05774780402412236,0.9983312031236886));
#2686=DIRECTION('',(0,1,0));
#2687=FACE_SURFACE('',(#2692),#2688,.T.);
#2688=PLANE('',#2689);
#2689=AXIS2_PLACEMENT_3D('',#181,#2690,#2691);
#2690=DIRECTION('',(-1,0,0));
#2691=DIRECTION('',(0,0.05774780402412236,-0.9983312031236886));
#2692=FACE_BOUND('',#2693,.T.);
#2693=EDGE_LOOP('',(#2694,#2695,#2696));
#2694=ORIENTED_EDGE('',*,*,#2697,.T.);
#2695=ORIENTED_EDGE('',*,*,#2698,.T.);
#2696=ORIENTED_EDGE('',*,*,#2699,.T.);
#2697=EDGE_CURVE('',#182,#224,#2700,.F.);
#2698=EDGE_CURVE('',#224,#184,#2701,.T.);
#2699=EDGE_CURVE('',#184,#182,#2702,.T.);
#2700=LINE('',#181,#2703);
#2701=LINE('',#223,#2704);
#2702=LINE('',#183,#2705);
#2703=VECTOR('',#2706,1.0);
#2704=VECTOR('',#2707,1.0);
#2705=VECTOR('',#2708,1.0);
#2706=DIRECTION('',(0,0.05774780402412236,-0.9983312031236886));
#2707=DIRECTION('',(0,-1,0));
#2708=DIRECTION('',(0,0,1));
#2709=FACE_SURFACE('',(#2714),#2710,.T.);
#2710=PLANE('',#2711);
#2711=AXIS2_PLACEMENT_3D('',#235,#2712,#2713);
#2712=DIRECTION('',(-0.1305155512873342,-0,-0.9914462622210864));
#2713=DIRECTION('',(0,-1,0));
#2714=FACE_BOUND('',#2715,.T.);
#2715=EDGE_LOOP('',(#2716,#2717,#2718));
#2716=ORIENTED_EDGE('',*,*,#2719,.T.);
#2717=ORIENTED_EDGE('',*,*,#2720,.T.);
#2718=ORIENTED_EDGE('',*,*,#2721,.T.);
#2719=EDGE_CURVE('',#236,#196,#2722,.F.);
#2720=EDGE_CURVE('',#196,#234,#2723,.T.);
#2721=EDGE_CURVE('',#234,#236,#2724,.T.);
#2722=LINE('',#235,#2725);
#2723=LINE('',#195,#2726);
#2724=LINE('',#233,#2727);
#2725=VECTOR('',#2728,1.0);
#2726=VECTOR('',#2729,1.0);
#2727=VECTOR('',#2730,1.0);
#2728=DIRECTION('',(0,-1,0));
#2729=DIRECTION('',(-0.057419903126985375,0.9983215006005788,0.007558846704101712));
#2730=DIRECTION('',(0.9914462622210863,0,-0.1305155512873342));
#2731=FACE_SURFACE('',(#2736),#2732,.T.);
#2732=PLANE('',#2733);
#2733=AXIS2_PLACEMENT_3D('',#233,#2734,#2735);
#2734=DIRECTION('',(-0.1305155512873342,-0,-0.9914462622210864));
#2735=DIRECTION('',(0.057419903126985375,-0.9983215006005788,-0.007558846704101712));
#2736=FACE_BOUND('',#2737,.T.);
#2737=EDGE_LOOP('',(#2738,#2739,#2740));
#2738=ORIENTED_EDGE('',*,*,#2741,.T.);
#2739=ORIENTED_EDGE('',*,*,#2742,.T.);
#2740=ORIENTED_EDGE('',*,*,#2743,.T.);
#2741=EDGE_CURVE('',#234,#196,#2744,.F.);
#2742=EDGE_CURVE('',#196,#194,#2745,.T.);
#2743=EDGE_CURVE('',#194,#234,#2746,.T.);
#2744=LINE('',#233,#2747);
#2745=LINE('',#195,#2748);
#2746=LINE('',#193,#2749);
#2747=VECTOR('',#2750,1.0);
#2748=VECTOR('',#2751,1.0);
#2749=VECTOR('',#2752,1.0);
#2750=DIRECTION('',(0.057419903126985375,-0.9983215006005788,-0.007558846704101712));
#2751=DIRECTION('',(-0.9914462622210863,0,0.1305155512873342));
#2752=DIRECTION('',(0,1,0));
#2753=FACE_SURFACE('',(#2758),#2754,.T.);
#2754=PLANE('',#2755);
#2755=AXIS2_PLACEMENT_3D('',#233,#2756,#2757);
#2756=DIRECTION('',(-0.382675682674809,-0,-0.9238827425000258));
#2757=DIRECTION('',(0,-1,0));
#2758=FACE_BOUND('',#2759,.T.);
#2759=EDGE_LOOP('',(#2760,#2761,#2762));
#2760=ORIENTED_EDGE('',*,*,#2763,.T.);
#2761=ORIENTED_EDGE('',*,*,#2764,.T.);
#2762=ORIENTED_EDGE('',*,*,#2765,.T.);
#2763=EDGE_CURVE('',#234,#194,#2766,.F.);
#2764=EDGE_CURVE('',#194,#232,#2767,.T.);
#2765=EDGE_CURVE('',#232,#234,#2768,.T.);
#2766=LINE('',#233,#2769);
#2767=LINE('',#193,#2770);
#2768=LINE('',#231,#2771);
#2769=VECTOR('',#2772,1.0);
#2770=VECTOR('',#2773,1.0);
#2771=VECTOR('',#2774,1.0);
#2772=DIRECTION('',(0,-1,0));
#2773=DIRECTION('',(-0.053504715543210374,0.9983216403972064,0.02216185301980454));
#2774=DIRECTION('',(0.9238827425000258,0,-0.382675682674809));
#2775=FACE_SURFACE('',(#2780),#2776,.T.);
#2776=PLANE('',#2777);
#2777=AXIS2_PLACEMENT_3D('',#231,#2778,#2779);
#2778=DIRECTION('',(-0.382675682674809,-0,-0.9238827425000258));
#2779=DIRECTION('',(0.053504715543210374,-0.9983216403972064,-0.02216185301980454));
#2780=FACE_BOUND('',#2781,.T.);
#2781=EDGE_LOOP('',(#2782,#2783,#2784));
#2782=ORIENTED_EDGE('',*,*,#2785,.T.);
#2783=ORIENTED_EDGE('',*,*,#2786,.T.);
#2784=ORIENTED_EDGE('',*,*,#2787,.T.);
#2785=EDGE_CURVE('',#232,#194,#2788,.F.);
#2786=EDGE_CURVE('',#194,#192,#2789,.T.);
#2787=EDGE_CURVE('',#192,#232,#2790,.T.);
#2788=LINE('',#231,#2791);
#2789=LINE('',#193,#2792);
#2790=LINE('',#191,#2793);
#2791=VECTOR('',#2794,1.0);
#2792=VECTOR('',#2795,1.0);
#2793=VECTOR('',#2796,1.0);
#2794=DIRECTION('',(0.053504715543210374,-0.9983216403972064,-0.02216185301980454));
#2795=DIRECTION('',(-0.9238827425000258,0,0.382675682674809));
#2796=DIRECTION('',(0,1,0));
#2797=FACE_SURFACE('',(#2802),#2798,.T.);
#2798=PLANE('',#2799);
#2799=AXIS2_PLACEMENT_3D('',#231,#2800,#2801);
#2800=DIRECTION('',(-0.6087550949663464,-0,-0.7933582005327193));
#2801=DIRECTION('',(0,-1,0));
#2802=FACE_BOUND('',#2803,.T.);
#2803=EDGE_LOOP('',(#2804,#2805,#2806));
#2804=ORIENTED_EDGE('',*,*,#2807,.T.);
#2805=ORIENTED_EDGE('',*,*,#2808,.T.);
#2806=ORIENTED_EDGE('',*,*,#2809,.T.);
#2807=EDGE_CURVE('',#232,#192,#2810,.F.);
#2808=EDGE_CURVE('',#192,#230,#2811,.T.);
#2809=EDGE_CURVE('',#230,#232,#2812,.T.);
#2810=LINE('',#231,#2813);
#2811=LINE('',#191,#2814);
#2812=LINE('',#229,#2815);
#2813=VECTOR('',#2816,1.0);
#2814=VECTOR('',#2817,1.0);
#2815=VECTOR('',#2818,1.0);
#2816=DIRECTION('',(0,-1,0));
#2817=DIRECTION('',(-0.04594763593385473,0.9983214961100816,0.035256278258182935));
#2818=DIRECTION('',(0.7933582005327194,0,-0.6087550949663465));
#2819=FACE_SURFACE('',(#2824),#2820,.T.);
#2820=PLANE('',#2821);
#2821=AXIS2_PLACEMENT_3D('',#229,#2822,#2823);
#2822=DIRECTION('',(-0.6087550949663464,-0,-0.7933582005327193));
#2823=DIRECTION('',(0.04594763593385473,-0.9983214961100816,-0.035256278258182935));
#2824=FACE_BOUND('',#2825,.T.);
#2825=EDGE_LOOP('',(#2826,#2827,#2828));
#2826=ORIENTED_EDGE('',*,*,#2829,.T.);
#2827=ORIENTED_EDGE('',*,*,#2830,.T.);
#2828=ORIENTED_EDGE('',*,*,#2831,.T.);
#2829=EDGE_CURVE('',#230,#192,#2832,.F.);
#2830=EDGE_CURVE('',#192,#190,#2833,.T.);
#2831=EDGE_CURVE('',#190,#230,#2834,.T.);
#2832=LINE('',#229,#2835);
#2833=LINE('',#191,#2836);
#2834=LINE('',#189,#2837);
#2835=VECTOR('',#2838,1.0);
#2836=VECTOR('',#2839,1.0);
#2837=VECTOR('',#2840,1.0);
#2838=DIRECTION('',(0.04594763593385473,-0.9983214961100816,-0.035256278258182935));
#2839=DIRECTION('',(-0.7933582005327194,0,0.6087550949663465));
#2840=DIRECTION('',(0,1,0));
#2841=FACE_SURFACE('',(#2846),#2842,.T.);
#2842=PLANE('',#2843);
#2843=AXIS2_PLACEMENT_3D('',#229,#2844,#2845);
#2844=DIRECTION('',(-0.7933582005327456,-0,-0.6087550949663122));
#2845=DIRECTION('',(0,-1,0));
#2846=FACE_BOUND('',#2847,.T.);
#2847=EDGE_LOOP('',(#2848,#2849,#2850));
#2848=ORIENTED_EDGE('',*,*,#2851,.T.);
#2849=ORIENTED_EDGE('',*,*,#2852,.T.);
#2850=ORIENTED_EDGE('',*,*,#2853,.T.);
#2851=EDGE_CURVE('',#230,#190,#2854,.F.);
#2852=EDGE_CURVE('',#190,#228,#2855,.T.);
#2853=EDGE_CURVE('',#228,#230,#2856,.T.);
#2854=LINE('',#229,#2857);
#2855=LINE('',#189,#2858);
#2856=LINE('',#227,#2859);
#2857=VECTOR('',#2860,1.0);
#2858=VECTOR('',#2861,1.0);
#2859=VECTOR('',#2862,1.0);
#2860=DIRECTION('',(0,-1,0));
#2861=DIRECTION('',(-0.03525627825817978,0.9983214961100816,0.04594763593385473));
#2862=DIRECTION('',(0.6087550949663122,0,-0.7933582005327457));
#2863=FACE_SURFACE('',(#2868),#2864,.T.);
#2864=PLANE('',#2865);
#2865=AXIS2_PLACEMENT_3D('',#227,#2866,#2867);
#2866=DIRECTION('',(-0.7933582005327456,-0,-0.6087550949663122));
#2867=DIRECTION('',(0.03525627825817978,-0.9983214961100816,-0.04594763593385473));
#2868=FACE_BOUND('',#2869,.T.);
#2869=EDGE_LOOP('',(#2870,#2871,#2872));
#2870=ORIENTED_EDGE('',*,*,#2873,.T.);
#2871=ORIENTED_EDGE('',*,*,#2874,.T.);
#2872=ORIENTED_EDGE('',*,*,#2875,.T.);
#2873=EDGE_CURVE('',#228,#190,#2876,.F.);
#2874=EDGE_CURVE('',#190,#188,#2877,.T.);
#2875=EDGE_CURVE('',#188,#228,#2878,.T.);
#2876=LINE('',#227,#2879);
#2877=LINE('',#189,#2880);
#2878=LINE('',#187,#2881);
#2879=VECTOR('',#2882,1.0);
#2880=VECTOR('',#2883,1.0);
#2881=VECTOR('',#2884,1.0);
#2882=DIRECTION('',(0.03525627825817978,-0.9983214961100816,-0.04594763593385473));
#2883=DIRECTION('',(-0.6087550949663122,0,0.7933582005327457));
#2884=DIRECTION('',(0,1,0));
#2885=FACE_SURFACE('',(#2890),#2886,.T.);
#2886=PLANE('',#2887);
#2887=AXIS2_PLACEMENT_3D('',#227,#2888,#2889);
#2888=DIRECTION('',(-0.9238827425000178,-0,-0.38267568267482827));
#2889=DIRECTION('',(0,-1,0));
#2890=FACE_BOUND('',#2891,.T.);
#2891=EDGE_LOOP('',(#2892,#2893,#2894));
#2892=ORIENTED_EDGE('',*,*,#2895,.T.);
#2893=ORIENTED_EDGE('',*,*,#2896,.T.);
#2894=ORIENTED_EDGE('',*,*,#2897,.T.);
#2895=EDGE_CURVE('',#228,#188,#2898,.F.);
#2896=EDGE_CURVE('',#188,#226,#2899,.T.);
#2897=EDGE_CURVE('',#226,#228,#2900,.T.);
#2898=LINE('',#227,#2901);
#2899=LINE('',#187,#2902);
#2900=LINE('',#225,#2903);
#2901=VECTOR('',#2904,1.0);
#2902=VECTOR('',#2905,1.0);
#2903=VECTOR('',#2906,1.0);
#2904=DIRECTION('',(0,-1,0));
#2905=DIRECTION('',(-0.022161853019804542,0.9983216403972065,0.05350471554320723));
#2906=DIRECTION('',(0.3826756826748283,0,-0.9238827425000179));
#2907=FACE_SURFACE('',(#2912),#2908,.T.);
#2908=PLANE('',#2909);
#2909=AXIS2_PLACEMENT_3D('',#225,#2910,#2911);
#2910=DIRECTION('',(-0.9238827425000178,-0,-0.38267568267482827));
#2911=DIRECTION('',(0.022161853019804542,-0.9983216403972065,-0.05350471554320723));
#2912=FACE_BOUND('',#2913,.T.);
#2913=EDGE_LOOP('',(#2914,#2915,#2916));
#2914=ORIENTED_EDGE('',*,*,#2917,.T.);
#2915=ORIENTED_EDGE('',*,*,#2918,.T.);
#2916=ORIENTED_EDGE('',*,*,#2919,.T.);
#2917=EDGE_CURVE('',#226,#188,#2920,.F.);
#2918=EDGE_CURVE('',#188,#186,#2921,.T.);
#2919=EDGE_CURVE('',#186,#226,#2922,.T.);
#2920=LINE('',#225,#2923);
#2921=LINE('',#187,#2924);
#2922=LINE('',#185,#2925);
#2923=VECTOR('',#2926,1.0);
#2924=VECTOR('',#2927,1.0);
#2925=VECTOR('',#2928,1.0);
#2926=DIRECTION('',(0.022161853019804542,-0.9983216403972065,-0.05350471554320723));
#2927=DIRECTION('',(-0.3826756826748283,0,0.9238827425000179));
#2928=DIRECTION('',(0,1,0));
#2929=FACE_SURFACE('',(#2934),#2930,.T.);
#2930=PLANE('',#2931);
#2931=AXIS2_PLACEMENT_3D('',#225,#2932,#2933);
#2932=DIRECTION('',(-0.9914462622210803,-0,-0.13051555128738065));
#2933=DIRECTION('',(0,-1,0));
#2934=FACE_BOUND('',#2935,.T.);
#2935=EDGE_LOOP('',(#2936,#2937,#2938));
#2936=ORIENTED_EDGE('',*,*,#2939,.T.);
#2937=ORIENTED_EDGE('',*,*,#2940,.T.);
#2938=ORIENTED_EDGE('',*,*,#2941,.T.);
#2939=EDGE_CURVE('',#226,#186,#2942,.F.);
#2940=EDGE_CURVE('',#186,#224,#2943,.T.);
#2941=EDGE_CURVE('',#224,#226,#2944,.T.);
#2942=LINE('',#225,#2945);
#2943=LINE('',#185,#2946);
#2944=LINE('',#223,#2947);
#2945=VECTOR('',#2948,1.0);
#2946=VECTOR('',#2949,1.0);
#2947=VECTOR('',#2950,1.0);
#2948=DIRECTION('',(0,-1,0));
#2949=DIRECTION('',(-0.007558846704104863,0.9983215006005787,0.05741990312698852));
#2950=DIRECTION('',(0.13051555128738065,0,-0.9914462622210803));
#2951=FACE_SURFACE('',(#2956),#2952,.T.);
#2952=PLANE('',#2953);
#2953=AXIS2_PLACEMENT_3D('',#223,#2954,#2955);
#2954=DIRECTION('',(-0.9914462622210803,-0,-0.13051555128738065));
#2955=DIRECTION('',(0.007558846704104863,-0.9983215006005787,-0.05741990312698852));
#2956=FACE_BOUND('',#2957,.T.);
#2957=EDGE_LOOP('',(#2958,#2959,#2960));
#2958=ORIENTED_EDGE('',*,*,#2961,.T.);
#2959=ORIENTED_EDGE('',*,*,#2962,.T.);
#2960=ORIENTED_EDGE('',*,*,#2963,.T.);
#2961=EDGE_CURVE('',#224,#186,#2964,.F.);
#2962=EDGE_CURVE('',#186,#184,#2965,.T.);
#2963=EDGE_CURVE('',#184,#224,#2966,.T.);
#2964=LINE('',#223,#2967);
#2965=LINE('',#185,#2968);
#2966=LINE('',#183,#2969);
#2967=VECTOR('',#2970,1.0);
#2968=VECTOR('',#2971,1.0);
#2969=VECTOR('',#2972,1.0);
#2970=DIRECTION('',(0.007558846704104863,-0.9983215006005787,-0.05741990312698852));
#2971=DIRECTION('',(-0.13051555128738065,0,0.9914462622210803));
#2972=DIRECTION('',(0,1,0));
#2973=FACE_SURFACE('',(#2978),#2974,.T.);
#2974=PLANE('',#2975);
#2975=AXIS2_PLACEMENT_3D('',#71,#2976,#2977);
#2976=DIRECTION('',(0.9914502271707712,0,-0.13048542847010078));
#2977=DIRECTION('',(0,-1,0));
#2978=FACE_BOUND('',#2979,.T.);
#2979=EDGE_LOOP('',(#2980,#2981,#2982));
#2980=ORIENTED_EDGE('',*,*,#2983,.T.);
#2981=ORIENTED_EDGE('',*,*,#2984,.T.);
#2982=ORIENTED_EDGE('',*,*,#2985,.T.);
#2983=EDGE_CURVE('',#72,#70,#2986,.F.);
#2984=EDGE_CURVE('',#70,#248,#2987,.T.);
#2985=EDGE_CURVE('',#248,#72,#2988,.T.);
#2986=LINE('',#71,#2989);
#2987=LINE('',#69,#2990);
#2988=LINE('',#247,#2991);
#2989=VECTOR('',#2992,1.0);
#2990=VECTOR('',#2993,1.0);
#2991=VECTOR('',#2994,1.0);
#2992=DIRECTION('',(0,-1,0));
#2993=DIRECTION('',(-0.007557072011693392,0.998321513991883,-0.057419903897208725));
#2994=DIRECTION('',(0.13048542847010078,0,0.9914502271707712));
#2995=FACE_SURFACE('',(#3000),#2996,.T.);
#2996=PLANE('',#2997);
#2997=AXIS2_PLACEMENT_3D('',#247,#2998,#2999);
#2998=DIRECTION('',(0.9914502271707712,0,-0.13048542847010078));
#2999=DIRECTION('',(0.007557072011693392,-0.998321513991883,0.057419903897208725));
#3000=FACE_BOUND('',#3001,.T.);
#3001=EDGE_LOOP('',(#3002,#3003,#3004));
#3002=ORIENTED_EDGE('',*,*,#3005,.T.);
#3003=ORIENTED_EDGE('',*,*,#3006,.T.);
#3004=ORIENTED_EDGE('',*,*,#3007,.T.);
#3005=EDGE_CURVE('',#248,#70,#3008,.F.);
#3006=EDGE_CURVE('',#70,#208,#3009,.T.);
#3007=EDGE_CURVE('',#208,#248,#3010,.T.);
#3008=LINE('',#247,#3011);
#3009=LINE('',#69,#3012);
#3010=LINE('',#207,#3013);
#3011=VECTOR('',#3014,1.0);
#3012=VECTOR('',#3015,1.0);
#3013=VECTOR('',#3016,1.0);
#3014=DIRECTION('',(0.007557072011693392,-0.998321513991883,0.057419903897208725));
#3015=DIRECTION('',(-0.13048542847010078,0,-0.9914502271707712));
#3016=DIRECTION('',(0,1,0));
#3017=FACE_SURFACE('',(#3022),#3018,.T.);
#3018=PLANE('',#3019);
#3019=AXIS2_PLACEMENT_3D('',#247,#3020,#3021);
#3020=DIRECTION('',(0.9238502359428645,0,-0.382754152881864));
#3021=DIRECTION('',(0,-1,0));
#3022=FACE_BOUND('',#3023,.T.);
#3023=EDGE_LOOP('',(#3024,#3025,#3026));
#3024=ORIENTED_EDGE('',*,*,#3027,.T.);
#3025=ORIENTED_EDGE('',*,*,#3028,.T.);
#3026=ORIENTED_EDGE('',*,*,#3029,.T.);
#3027=EDGE_CURVE('',#248,#208,#3030,.F.);
#3028=EDGE_CURVE('',#208,#246,#3031,.T.);
#3029=EDGE_CURVE('',#246,#248,#3032,.T.);
#3030=LINE('',#247,#3033);
#3031=LINE('',#207,#3034);
#3032=LINE('',#245,#3035);
#3033=VECTOR('',#3036,1.0);
#3034=VECTOR('',#3037,1.0);
#3035=VECTOR('',#3038,1.0);
#3036=DIRECTION('',(0,-1,0));
#3037=DIRECTION('',(-0.022167174785891947,0.9983215225829468,-0.05350470922899125));
#3038=DIRECTION('',(0.38275415288186404,0,0.9238502359428648));
#3039=FACE_SURFACE('',(#3044),#3040,.T.);
#3040=PLANE('',#3041);
#3041=AXIS2_PLACEMENT_3D('',#245,#3042,#3043);
#3042=DIRECTION('',(0.9238502359428645,0,-0.382754152881864));
#3043=DIRECTION('',(0.022167174785891947,-0.9983215225829468,0.05350470922899125));
#3044=FACE_BOUND('',#3045,.T.);
#3045=EDGE_LOOP('',(#3046,#3047,#3048));
#3046=ORIENTED_EDGE('',*,*,#3049,.T.);
#3047=ORIENTED_EDGE('',*,*,#3050,.T.);
#3048=ORIENTED_EDGE('',*,*,#3051,.T.);
#3049=EDGE_CURVE('',#246,#208,#3052,.F.);
#3050=EDGE_CURVE('',#208,#206,#3053,.T.);
#3051=EDGE_CURVE('',#206,#246,#3054,.T.);
#3052=LINE('',#245,#3055);
#3053=LINE('',#207,#3056);
#3054=LINE('',#205,#3057);
#3055=VECTOR('',#3058,1.0);
#3056=VECTOR('',#3059,1.0);
#3057=VECTOR('',#3060,1.0);
#3058=DIRECTION('',(0.022167174785891947,-0.9983215225829468,0.05350470922899125));
#3059=DIRECTION('',(-0.38275415288186404,0,-0.9238502359428648));
#3060=DIRECTION('',(0,1,0));
#3061=FACE_SURFACE('',(#3066),#3062,.T.);
#3062=PLANE('',#3063);
#3063=AXIS2_PLACEMENT_3D('',#245,#3064,#3065);
#3064=DIRECTION('',(0.7933730007191636,0,-0.6087358061834954));
#3065=DIRECTION('',(0,-1,0));
#3066=FACE_BOUND('',#3067,.T.);
#3067=EDGE_LOOP('',(#3068,#3069,#3070));
#3068=ORIENTED_EDGE('',*,*,#3071,.T.);
#3069=ORIENTED_EDGE('',*,*,#3072,.T.);
#3070=ORIENTED_EDGE('',*,*,#3073,.T.);
#3071=EDGE_CURVE('',#246,#206,#3074,.F.);
#3072=EDGE_CURVE('',#206,#244,#3075,.T.);
#3073=EDGE_CURVE('',#244,#246,#3076,.T.);
#3074=LINE('',#245,#3077);
#3075=LINE('',#205,#3078);
#3076=LINE('',#243,#3079);
#3077=VECTOR('',#3080,1.0);
#3078=VECTOR('',#3081,1.0);
#3079=VECTOR('',#3082,1.0);
#3080=DIRECTION('',(0,-1,0));
#3081=DIRECTION('',(-0.035254505670318535,0.9983215585761099,-0.045947638808846746));
#3082=DIRECTION('',(0.6087358061834954,0,0.7933730007191636));
#3083=FACE_SURFACE('',(#3088),#3084,.T.);
#3084=PLANE('',#3085);
#3085=AXIS2_PLACEMENT_3D('',#243,#3086,#3087);
#3086=DIRECTION('',(0.7933730007191636,0,-0.6087358061834954));
#3087=DIRECTION('',(0.035254505670318535,-0.9983215585761099,0.045947638808846746));
#3088=FACE_BOUND('',#3089,.T.);
#3089=EDGE_LOOP('',(#3090,#3091,#3092));
#3090=ORIENTED_EDGE('',*,*,#3093,.T.);
#3091=ORIENTED_EDGE('',*,*,#3094,.T.);
#3092=ORIENTED_EDGE('',*,*,#3095,.T.);
#3093=EDGE_CURVE('',#244,#206,#3096,.F.);
#3094=EDGE_CURVE('',#206,#204,#3097,.T.);
#3095=EDGE_CURVE('',#204,#244,#3098,.T.);
#3096=LINE('',#243,#3099);
#3097=LINE('',#205,#3100);
#3098=LINE('',#203,#3101);
#3099=VECTOR('',#3102,1.0);
#3100=VECTOR('',#3103,1.0);
#3101=VECTOR('',#3104,1.0);
#3102=DIRECTION('',(0.035254505670318535,-0.9983215585761099,0.045947638808846746));
#3103=DIRECTION('',(-0.6087358061834954,0,-0.7933730007191636));
#3104=DIRECTION('',(0,1,0));
#3105=FACE_SURFACE('',(#3110),#3106,.T.);
#3106=PLANE('',#3107);
#3107=AXIS2_PLACEMENT_3D('',#243,#3108,#3109);
#3108=DIRECTION('',(0.6087698953650416,0,-0.7933468437557664));
#3109=DIRECTION('',(0,-1,0));
#3110=FACE_BOUND('',#3111,.T.);
#3111=EDGE_LOOP('',(#3112,#3113,#3114));
#3112=ORIENTED_EDGE('',*,*,#3115,.T.);
#3113=ORIENTED_EDGE('',*,*,#3116,.T.);
#3114=ORIENTED_EDGE('',*,*,#3117,.T.);
#3115=EDGE_CURVE('',#244,#204,#3118,.F.);
#3116=EDGE_CURVE('',#204,#242,#3119,.T.);
#3117=EDGE_CURVE('',#242,#244,#3120,.T.);
#3118=LINE('',#243,#3121);
#3119=LINE('',#203,#3122);
#3120=LINE('',#241,#3123);
#3121=VECTOR('',#3124,1.0);
#3122=VECTOR('',#3125,1.0);
#3123=VECTOR('',#3126,1.0);
#3124=DIRECTION('',(0,-1,0));
#3125=DIRECTION('',(-0.04594586488678384,0.9983215775192193,-0.03525628113319186));
#3126=DIRECTION('',(0.7933468437557664,0,0.6087698953650417));
#3127=FACE_SURFACE('',(#3132),#3128,.T.);
#3128=PLANE('',#3129);
#3129=AXIS2_PLACEMENT_3D('',#241,#3130,#3131);
#3130=DIRECTION('',(0.6087698953650416,0,-0.7933468437557664));
#3131=DIRECTION('',(0.04594586488678384,-0.9983215775192193,0.03525628113319186));
#3132=FACE_BOUND('',#3133,.T.);
#3133=EDGE_LOOP('',(#3134,#3135,#3136));
#3134=ORIENTED_EDGE('',*,*,#3137,.T.);
#3135=ORIENTED_EDGE('',*,*,#3138,.T.);
#3136=ORIENTED_EDGE('',*,*,#3139,.T.);
#3137=EDGE_CURVE('',#242,#204,#3140,.F.);
#3138=EDGE_CURVE('',#204,#202,#3141,.T.);
#3139=EDGE_CURVE('',#202,#242,#3142,.T.);
#3140=LINE('',#241,#3143);
#3141=LINE('',#203,#3144);
#3142=LINE('',#201,#3145);
#3143=VECTOR('',#3146,1.0);
#3144=VECTOR('',#3147,1.0);
#3145=VECTOR('',#3148,1.0);
#3146=DIRECTION('',(0.04594586488678384,-0.9983215775192193,0.03525628113319186));
#3147=DIRECTION('',(-0.7933468437557664,0,-0.6087698953650417));
#3148=DIRECTION('',(0,1,0));
#3149=FACE_SURFACE('',(#3154),#3150,.T.);
#3150=PLANE('',#3151);
#3151=AXIS2_PLACEMENT_3D('',#241,#3152,#3153);
#3152=DIRECTION('',(0.3826648481658579,0,-0.9238872301196727));
#3153=DIRECTION('',(0,-1,0));
#3154=FACE_BOUND('',#3155,.T.);
#3155=EDGE_LOOP('',(#3156,#3157,#3158));
#3156=ORIENTED_EDGE('',*,*,#3159,.T.);
#3157=ORIENTED_EDGE('',*,*,#3160,.T.);
#3158=ORIENTED_EDGE('',*,*,#3161,.T.);
#3159=EDGE_CURVE('',#242,#202,#3162,.F.);
#3160=EDGE_CURVE('',#202,#240,#3163,.T.);
#3161=EDGE_CURVE('',#240,#242,#3164,.T.);
#3162=LINE('',#241,#3165);
#3163=LINE('',#201,#3166);
#3164=LINE('',#239,#3167);
#3165=VECTOR('',#3168,1.0);
#3166=VECTOR('',#3169,1.0);
#3167=VECTOR('',#3170,1.0);
#3168=DIRECTION('',(0,-1,0));
#3169=DIRECTION('',(-0.053506485256184594,0.9983215455951747,-0.022161850915283703));
#3170=DIRECTION('',(0.9238872301196728,0,0.38266484816585794));
#3171=FACE_SURFACE('',(#3176),#3172,.T.);
#3172=PLANE('',#3173);
#3173=AXIS2_PLACEMENT_3D('',#239,#3174,#3175);
#3174=DIRECTION('',(0.3826648481658579,0,-0.9238872301196727));
#3175=DIRECTION('',(0.053506485256184594,-0.9983215455951747,0.022161850915283703));
#3176=FACE_BOUND('',#3177,.T.);
#3177=EDGE_LOOP('',(#3178,#3179,#3180));
#3178=ORIENTED_EDGE('',*,*,#3181,.T.);
#3179=ORIENTED_EDGE('',*,*,#3182,.T.);
#3180=ORIENTED_EDGE('',*,*,#3183,.T.);
#3181=EDGE_CURVE('',#240,#202,#3184,.F.);
#3182=EDGE_CURVE('',#202,#200,#3185,.T.);
#3183=EDGE_CURVE('',#200,#240,#3186,.T.);
#3184=LINE('',#239,#3187);
#3185=LINE('',#201,#3188);
#3186=LINE('',#199,#3189);
#3187=VECTOR('',#3190,1.0);
#3188=VECTOR('',#3191,1.0);
#3189=VECTOR('',#3192,1.0);
#3190=DIRECTION('',(0.053506485256184594,-0.9983215455951747,0.022161850915283703));
#3191=DIRECTION('',(-0.9238872301196728,0,-0.38266484816585794));
#3192=DIRECTION('',(0,1,0));
#3193=FACE_SURFACE('',(#3198),#3194,.T.);
#3194=PLANE('',#3195);
#3195=AXIS2_PLACEMENT_3D('',#239,#3196,#3197);
#3196=DIRECTION('',(0.13051951679820273,0,-0.9914457401869069));
#3197=DIRECTION('',(0,-1,0));
#3198=FACE_BOUND('',#3199,.T.);
#3199=EDGE_LOOP('',(#3200,#3201,#3202));
#3200=ORIENTED_EDGE('',*,*,#3203,.T.);
#3201=ORIENTED_EDGE('',*,*,#3204,.T.);
#3202=ORIENTED_EDGE('',*,*,#3205,.T.);
#3203=EDGE_CURVE('',#240,#200,#3206,.F.);
#3204=EDGE_CURVE('',#200,#238,#3207,.T.);
#3205=EDGE_CURVE('',#238,#240,#3208,.T.);
#3206=LINE('',#239,#3209);
#3207=LINE('',#199,#3210);
#3208=LINE('',#237,#3211);
#3209=VECTOR('',#3212,1.0);
#3210=VECTOR('',#3213,1.0);
#3211=VECTOR('',#3214,1.0);
#3212=DIRECTION('',(0,-1,0));
#3213=DIRECTION('',(-0.057418134184512894,0.9983216023364556,-0.007558847474400555));
#3214=DIRECTION('',(0.991445740186907,0,0.13051951679820276));
#3215=FACE_SURFACE('',(#3220),#3216,.T.);
#3216=PLANE('',#3217);
#3217=AXIS2_PLACEMENT_3D('',#237,#3218,#3219);
#3218=DIRECTION('',(0.13051951679820273,0,-0.9914457401869069));
#3219=DIRECTION('',(0.057418134184512894,-0.9983216023364556,0.007558847474400555));
#3220=FACE_BOUND('',#3221,.T.);
#3221=EDGE_LOOP('',(#3222,#3223,#3224));
#3222=ORIENTED_EDGE('',*,*,#3225,.T.);
#3223=ORIENTED_EDGE('',*,*,#3226,.T.);
#3224=ORIENTED_EDGE('',*,*,#3227,.T.);
#3225=EDGE_CURVE('',#238,#200,#3228,.F.);
#3226=EDGE_CURVE('',#200,#198,#3229,.T.);
#3227=EDGE_CURVE('',#198,#238,#3230,.T.);
#3228=LINE('',#237,#3231);
#3229=LINE('',#199,#3232);
#3230=LINE('',#197,#3233);
#3231=VECTOR('',#3234,1.0);
#3232=VECTOR('',#3235,1.0);
#3233=VECTOR('',#3236,1.0);
#3234=DIRECTION('',(0.057418134184512894,-0.9983216023364556,0.007558847474400555));
#3235=DIRECTION('',(-0.991445740186907,0,-0.13051951679820276));
#3236=DIRECTION('',(0,1,0));
#3237=FACE_SURFACE('',(#3242),#3238,.T.);
#3238=PLANE('',#3239);
#3239=AXIS2_PLACEMENT_3D('',#65,#3240,#3241);
#3240=DIRECTION('',(0,1,0));
#3241=DIRECTION('',(0.923881812944605,0,-0.38267792686564767));
#3242=FACE_BOUND('',#3243,.T.);
#3243=EDGE_LOOP('',(#3244,#3245,#3246));
#3244=ORIENTED_EDGE('',*,*,#3247,.T.);
#3245=ORIENTED_EDGE('',*,*,#3248,.T.);
#3246=ORIENTED_EDGE('',*,*,#3249,.T.);
#3247=EDGE_CURVE('',#66,#64,#3250,.F.);
#3248=EDGE_CURVE('',#64,#68,#3251,.T.);
#3249=EDGE_CURVE('',#68,#66,#3252,.T.);
#3250=LINE('',#65,#3253);
#3251=LINE('',#63,#3254);
#3252=LINE('',#67,#3255);
#3253=VECTOR('',#3256,1.0);
#3254=VECTOR('',#3257,1.0);
#3255=VECTOR('',#3258,1.0);
#3256=DIRECTION('',(0.923881812944605,0,-0.38267792686564767));
#3257=DIRECTION('',(-0.9659261142385615,0,0.25881797045799115));
#3258=DIRECTION('',(0.9914447487517163,0,-0.13052704766693377));
#3259=FACE_SURFACE('',(#3264),#3260,.T.);
#3260=PLANE('',#3261);
#3261=AXIS2_PLACEMENT_3D('',#67,#3262,#3263);
#3262=DIRECTION('',(0,1,0));
#3263=DIRECTION('',(0.9659261142385615,0,-0.25881797045799115));
#3264=FACE_BOUND('',#3265,.T.);
#3265=EDGE_LOOP('',(#3266,#3267,#3268));
#3266=ORIENTED_EDGE('',*,*,#3269,.T.);
#3267=ORIENTED_EDGE('',*,*,#3270,.T.);
#3268=ORIENTED_EDGE('',*,*,#3271,.T.);
#3269=EDGE_CURVE('',#68,#64,#3272,.F.);
#3270=EDGE_CURVE('',#64,#62,#3273,.T.);
#3271=EDGE_CURVE('',#62,#68,#3274,.T.);
#3272=LINE('',#67,#3275);
#3273=LINE('',#63,#3276);
#3274=LINE('',#61,#3277);
#3275=VECTOR('',#3278,1.0);
#3276=VECTOR('',#3279,1.0);
#3277=VECTOR('',#3280,1.0);
#3278=DIRECTION('',(0.9659261142385615,0,-0.25881797045799115));
#3279=DIRECTION('',(0.7933468437557828,0,-0.6087698953650201));
#3280=DIRECTION('',(-0.9238786394879819,0,0.3826855883069489));
#3281=FACE_SURFACE('',(#3286),#3282,.T.);
#3282=PLANE('',#3283);
#3283=AXIS2_PLACEMENT_3D('',#67,#3284,#3285);
#3284=DIRECTION('',(0,1,0));
#3285=DIRECTION('',(0.9238786394879819,0,-0.3826855883069489));
#3286=FACE_BOUND('',#3287,.T.);
#3287=EDGE_LOOP('',(#3288,#3289,#3290));
#3288=ORIENTED_EDGE('',*,*,#3291,.T.);
#3289=ORIENTED_EDGE('',*,*,#3292,.T.);
#3290=ORIENTED_EDGE('',*,*,#3293,.T.);
#3291=EDGE_CURVE('',#68,#62,#3294,.F.);
#3292=EDGE_CURVE('',#62,#60,#3295,.T.);
#3293=EDGE_CURVE('',#60,#68,#3296,.T.);
#3294=LINE('',#67,#3297);
#3295=LINE('',#61,#3298);
#3296=LINE('',#59,#3299);
#3297=VECTOR('',#3300,1.0);
#3298=VECTOR('',#3301,1.0);
#3299=VECTOR('',#3302,1.0);
#3300=DIRECTION('',(0.9238786394879819,0,-0.3826855883069489));
#3301=DIRECTION('',(0.6087469064973243,0,-0.7933644835949852));
#3302=DIRECTION('',(-0.8660230528096032,0,0.5000040719857541));
#3303=FACE_SURFACE('',(#3308),#3304,.T.);
#3304=PLANE('',#3305);
#3305=AXIS2_PLACEMENT_3D('',#67,#3306,#3307);
#3306=DIRECTION('',(0,1,0));
#3307=DIRECTION('',(0.8660230528096032,0,-0.5000040719857541));
#3308=FACE_BOUND('',#3309,.T.);
#3309=EDGE_LOOP('',(#3310,#3311,#3312));
#3310=ORIENTED_EDGE('',*,*,#3313,.T.);
#3311=ORIENTED_EDGE('',*,*,#3314,.T.);
#3312=ORIENTED_EDGE('',*,*,#3315,.T.);
#3313=EDGE_CURVE('',#68,#60,#3316,.F.);
#3314=EDGE_CURVE('',#60,#274,#3317,.T.);
#3315=EDGE_CURVE('',#274,#68,#3318,.T.);
#3316=LINE('',#67,#3319);
#3317=LINE('',#59,#3320);
#3318=LINE('',#273,#3321);
#3319=VECTOR('',#3322,1.0);
#3320=VECTOR('',#3323,1.0);
#3321=VECTOR('',#3324,1.0);
#3322=DIRECTION('',(0.8660230528096032,0,-0.5000040719857541));
#3323=DIRECTION('',(-0.8545770268864128,0,-0.5193246625358547));
#3324=DIRECTION('',(0.5220049229295747,0,0.852942471938928));
#3325=FACE_SURFACE('',(#3330),#3326,.T.);
#3326=PLANE('',#3327);
#3327=AXIS2_PLACEMENT_3D('',#273,#3328,#3329);
#3328=DIRECTION('',(0,1,0));
#3329=DIRECTION('',(0.8545770268864128,0,0.5193246625358547));
#3330=FACE_BOUND('',#3331,.T.);
#3331=EDGE_LOOP('',(#3332,#3333,#3334));
#3332=ORIENTED_EDGE('',*,*,#3335,.T.);
#3333=ORIENTED_EDGE('',*,*,#3336,.T.);
#3334=ORIENTED_EDGE('',*,*,#3337,.T.);
#3335=EDGE_CURVE('',#274,#60,#3338,.F.);
#3336=EDGE_CURVE('',#60,#58,#3339,.T.);
#3337=EDGE_CURVE('',#58,#274,#3340,.T.);
#3338=LINE('',#273,#3341);
#3339=LINE('',#59,#3342);
#3340=LINE('',#57,#3343);
#3341=VECTOR('',#3344,1.0);
#3342=VECTOR('',#3345,1.0);
#3343=VECTOR('',#3346,1.0);
#3344=DIRECTION('',(0.8545770268864128,0,0.5193246625358547));
#3345=DIRECTION('',(0.38274738033605527,0,-0.9238530418015015));
#3346=DIRECTION('',(-0.9105084911825991,0,-0.4134903716949005));
#3347=FACE_SURFACE('',(#3352),#3348,.T.);
#3348=PLANE('',#3349);
#3349=AXIS2_PLACEMENT_3D('',#273,#3350,#3351);
#3350=DIRECTION('',(0,1,0));
#3351=DIRECTION('',(0.9105084911825991,0,0.4134903716949005));
#3352=FACE_BOUND('',#3353,.T.);
#3353=EDGE_LOOP('',(#3354,#3355,#3356));
#3354=ORIENTED_EDGE('',*,*,#3357,.T.);
#3355=ORIENTED_EDGE('',*,*,#3358,.T.);
#3356=ORIENTED_EDGE('',*,*,#3359,.T.);
#3357=EDGE_CURVE('',#274,#58,#3360,.F.);
#3358=EDGE_CURVE('',#58,#56,#3361,.T.);
#3359=EDGE_CURVE('',#56,#274,#3362,.T.);
#3360=LINE('',#273,#3363);
#3361=LINE('',#57,#3364);
#3362=LINE('',#55,#3365);
#3363=VECTOR('',#3366,1.0);
#3364=VECTOR('',#3367,1.0);
#3365=VECTOR('',#3368,1.0);
#3366=DIRECTION('',(0.9105084911825991,0,0.4134903716949005));
#3367=DIRECTION('',(0.13048790633420723,0,-0.9914499010542666));
#3368=DIRECTION('',(-0.9532543007321932,0,-0.302169221026195));
#3369=FACE_SURFACE('',(#3374),#3370,.T.);
#3370=PLANE('',#3371);
#3371=AXIS2_PLACEMENT_3D('',#71,#3372,#3373);
#3372=DIRECTION('',(0,1,-0));
#3373=DIRECTION('',(-0.15317645844485794,0,0.9881988527509484));
#3374=FACE_BOUND('',#3375,.T.);
#3375=EDGE_LOOP('',(#3376,#3377,#3378));
#3376=ORIENTED_EDGE('',*,*,#3379,.T.);
#3377=ORIENTED_EDGE('',*,*,#3380,.T.);
#3378=ORIENTED_EDGE('',*,*,#3381,.T.);
#3379=EDGE_CURVE('',#72,#252,#3382,.F.);
#3380=EDGE_CURVE('',#252,#56,#3383,.T.);
#3381=EDGE_CURVE('',#56,#72,#3384,.T.);
#3382=LINE('',#71,#3385);
#3383=LINE('',#251,#3386);
#3384=LINE('',#55,#3387);
#3385=VECTOR('',#3388,1.0);
#3386=VECTOR('',#3389,1.0);
#3387=VECTOR('',#3390,1.0);
#3388=DIRECTION('',(-0.15317645844485794,0,0.9881988527509484));
#3389=DIRECTION('',(0.10550686579831114,0,0.9944185744792869));
#3390=DIRECTION('',(0,0,-1));
#3391=FACE_SURFACE('',(#3396),#3392,.T.);
#3392=PLANE('',#3393);
#3393=AXIS2_PLACEMENT_3D('',#55,#3394,#3395);
#3394=DIRECTION('',(0,1,0));
#3395=DIRECTION('',(-0.10550686579831114,0,-0.9944185744792869));
#3396=FACE_BOUND('',#3397,.T.);
#3397=EDGE_LOOP('',(#3398,#3399,#3400));
#3398=ORIENTED_EDGE('',*,*,#3401,.T.);
#3399=ORIENTED_EDGE('',*,*,#3402,.T.);
#3400=ORIENTED_EDGE('',*,*,#3403,.T.);
#3401=EDGE_CURVE('',#56,#252,#3404,.F.);
#3402=EDGE_CURVE('',#252,#308,#3405,.T.);
#3403=EDGE_CURVE('',#308,#56,#3406,.T.);
#3404=LINE('',#55,#3407);
#3405=LINE('',#251,#3408);
#3406=LINE('',#307,#3409);
#3407=VECTOR('',#3410,1.0);
#3408=VECTOR('',#3411,1.0);
#3409=VECTOR('',#3412,1.0);
#3410=DIRECTION('',(-0.10550686579831114,0,-0.9944185744792869));
#3411=DIRECTION('',(0.07047859641580653,0,0.9975132918649544));
#3412=DIRECTION('',(0.6305124569196165,0,0.7761791298850985));
#3413=FACE_SURFACE('',(#3418),#3414,.T.);
#3414=PLANE('',#3415);
#3415=AXIS2_PLACEMENT_3D('',#55,#3416,#3417);
#3416=DIRECTION('',(0,1,0));
#3417=DIRECTION('',(-0.6305124569196165,0,-0.7761791298850985));
#3418=FACE_BOUND('',#3419,.T.);
#3419=EDGE_LOOP('',(#3420,#3421,#3422));
#3420=ORIENTED_EDGE('',*,*,#3423,.T.);
#3421=ORIENTED_EDGE('',*,*,#3424,.T.);
#3422=ORIENTED_EDGE('',*,*,#3425,.T.);
#3423=EDGE_CURVE('',#56,#308,#3426,.F.);
#3424=EDGE_CURVE('',#308,#310,#3427,.T.);
#3425=EDGE_CURVE('',#310,#56,#3428,.T.);
#3426=LINE('',#55,#3429);
#3427=LINE('',#307,#3430);
#3428=LINE('',#309,#3431);
#3429=VECTOR('',#3432,1.0);
#3430=VECTOR('',#3433,1.0);
#3431=VECTOR('',#3434,1.0);
#3432=DIRECTION('',(-0.6305124569196165,0,-0.7761791298850985));
#3433=DIRECTION('',(0.6087450564251833,0,0.793365903148037));
#3434=DIRECTION('',(0.6326856982044363,0,0.7744086823425762));
#3435=FACE_SURFACE('',(#3440),#3436,.T.);
#3436=PLANE('',#3437);
#3437=AXIS2_PLACEMENT_3D('',#247,#3438,#3439);
#3438=DIRECTION('',(0,1,-0));
#3439=DIRECTION('',(-0.7933584024164253,0,-0.6087548318619387));
#3440=FACE_BOUND('',#3441,.T.);
#3441=EDGE_LOOP('',(#3442,#3443,#3444));
#3442=ORIENTED_EDGE('',*,*,#3445,.T.);
#3443=ORIENTED_EDGE('',*,*,#3446,.T.);
#3444=ORIENTED_EDGE('',*,*,#3447,.T.);
#3445=EDGE_CURVE('',#248,#238,#3448,.F.);
#3446=EDGE_CURVE('',#238,#72,#3449,.T.);
#3447=EDGE_CURVE('',#72,#248,#3450,.T.);
#3448=LINE('',#247,#3451);
#3449=LINE('',#237,#3452);
#3450=LINE('',#71,#3453);
#3451=VECTOR('',#3454,1.0);
#3452=VECTOR('',#3455,1.0);
#3453=VECTOR('',#3456,1.0);
#3454=DIRECTION('',(-0.7933584024164253,0,-0.6087548318619387));
#3455=DIRECTION('',(0.7071067811865475,0,0.7071067811865475));
#3456=DIRECTION('',(-0.13048542847010078,0,-0.9914502271707712));
#3457=FACE_SURFACE('',(#3462),#3458,.T.);
#3458=PLANE('',#3459);
#3459=AXIS2_PLACEMENT_3D('',#71,#3460,#3461);
#3460=DIRECTION('',(0,1,0));
#3461=DIRECTION('',(-0.7071067811865475,0,-0.7071067811865475));
#3462=FACE_BOUND('',#3463,.T.);
#3463=EDGE_LOOP('',(#3464,#3465,#3466));
#3464=ORIENTED_EDGE('',*,*,#3467,.T.);
#3465=ORIENTED_EDGE('',*,*,#3468,.T.);
#3466=ORIENTED_EDGE('',*,*,#3469,.T.);
#3467=EDGE_CURVE('',#72,#238,#3470,.F.);
#3468=EDGE_CURVE('',#238,#250,#3471,.T.);
#3469=EDGE_CURVE('',#250,#72,#3472,.T.);
#3470=LINE('',#71,#3473);
#3471=LINE('',#237,#3474);
#3472=LINE('',#249,#3475);
#3473=VECTOR('',#3476,1.0);
#3474=VECTOR('',#3477,1.0);
#3475=VECTOR('',#3478,1.0);
#3476=DIRECTION('',(-0.7071067811865475,0,-0.7071067811865475));
#3477=DIRECTION('',(-0.6227458074066257,0,0.7824242195621693));
#3478=DIRECTION('',(0.7824242195621705,0,-0.6227458074066244));
#3479=FACE_SURFACE('',(#3484),#3480,.T.);
#3480=PLANE('',#3481);
#3481=AXIS2_PLACEMENT_3D('',#71,#3482,#3483);
#3482=DIRECTION('',(0,1,0));
#3483=DIRECTION('',(-0.7824242195621705,0,0.6227458074066244));
#3484=FACE_BOUND('',#3485,.T.);
#3485=EDGE_LOOP('',(#3486,#3487,#3488));
#3486=ORIENTED_EDGE('',*,*,#3489,.T.);
#3487=ORIENTED_EDGE('',*,*,#3490,.T.);
#3488=ORIENTED_EDGE('',*,*,#3491,.T.);
#3489=EDGE_CURVE('',#72,#250,#3492,.F.);
#3490=EDGE_CURVE('',#250,#252,#3493,.T.);
#3491=EDGE_CURVE('',#252,#72,#3494,.T.);
#3492=LINE('',#71,#3495);
#3493=LINE('',#249,#3496);
#3494=LINE('',#251,#3497);
#3495=VECTOR('',#3498,1.0);
#3496=VECTOR('',#3499,1.0);
#3497=VECTOR('',#3500,1.0);
#3498=DIRECTION('',(-0.7824242195621705,0,0.6227458074066244));
#3499=DIRECTION('',(0,0,1));
#3500=DIRECTION('',(0.15317645844485794,0,-0.9881988527509484));
#3501=FACE_SURFACE('',(#3506),#3502,.T.);
#3502=PLANE('',#3503);
#3503=AXIS2_PLACEMENT_3D('',#247,#3504,#3505);
#3504=DIRECTION('',(0,1,0));
#3505=DIRECTION('',(-0.38275415288186404,0,-0.9238502359428648));
#3506=FACE_BOUND('',#3507,.T.);
#3507=EDGE_LOOP('',(#3508,#3509,#3510));
#3508=ORIENTED_EDGE('',*,*,#3511,.T.);
#3509=ORIENTED_EDGE('',*,*,#3512,.T.);
#3510=ORIENTED_EDGE('',*,*,#3513,.T.);
#3511=EDGE_CURVE('',#248,#246,#3514,.F.);
#3512=EDGE_CURVE('',#246,#238,#3515,.T.);
#3513=EDGE_CURVE('',#238,#248,#3516,.T.);
#3514=LINE('',#247,#3517);
#3515=LINE('',#245,#3518);
#3516=LINE('',#237,#3519);
#3517=VECTOR('',#3520,1.0);
#3518=VECTOR('',#3521,1.0);
#3519=VECTOR('',#3522,1.0);
#3520=DIRECTION('',(-0.38275415288186404,0,-0.9238502359428648));
#3521=DIRECTION('',(-0.8660230528096032,0,-0.5000040719857541));
#3522=DIRECTION('',(0.7933584024164253,0,0.6087548318619387));
#3523=FACE_SURFACE('',(#3528),#3524,.T.);
#3524=PLANE('',#3525);
#3525=AXIS2_PLACEMENT_3D('',#237,#3526,#3527);
#3526=DIRECTION('',(0,1,0));
#3527=DIRECTION('',(0.8660230528096032,0,0.5000040719857541));
#3528=FACE_BOUND('',#3529,.T.);
#3529=EDGE_LOOP('',(#3530,#3531,#3532));
#3530=ORIENTED_EDGE('',*,*,#3533,.T.);
#3531=ORIENTED_EDGE('',*,*,#3534,.T.);
#3532=ORIENTED_EDGE('',*,*,#3535,.T.);
#3533=EDGE_CURVE('',#238,#246,#3536,.F.);
#3534=EDGE_CURVE('',#246,#244,#3537,.T.);
#3535=EDGE_CURVE('',#244,#238,#3538,.T.);
#3536=LINE('',#237,#3539);
#3537=LINE('',#245,#3540);
#3538=LINE('',#243,#3541);
#3539=VECTOR('',#3542,1.0);
#3540=VECTOR('',#3543,1.0);
#3541=VECTOR('',#3544,1.0);
#3542=DIRECTION('',(0.8660230528096032,0,0.5000040719857541));
#3543=DIRECTION('',(-0.6087358061834954,0,-0.7933730007191636));
#3544=DIRECTION('',(-0.9238814111318179,0,-0.3826788969424377));
#3545=FACE_SURFACE('',(#3550),#3546,.T.);
#3546=PLANE('',#3547);
#3547=AXIS2_PLACEMENT_3D('',#237,#3548,#3549);
#3548=DIRECTION('',(0,1,0));
#3549=DIRECTION('',(0.9238814111318179,0,0.3826788969424377));
#3550=FACE_BOUND('',#3551,.T.);
#3551=EDGE_LOOP('',(#3552,#3553,#3554));
#3552=ORIENTED_EDGE('',*,*,#3555,.T.);
#3553=ORIENTED_EDGE('',*,*,#3556,.T.);
#3554=ORIENTED_EDGE('',*,*,#3557,.T.);
#3555=EDGE_CURVE('',#238,#244,#3558,.F.);
#3556=EDGE_CURVE('',#244,#242,#3559,.T.);
#3557=EDGE_CURVE('',#242,#238,#3560,.T.);
#3558=LINE('',#237,#3561);
#3559=LINE('',#243,#3562);
#3560=LINE('',#241,#3563);
#3561=VECTOR('',#3564,1.0);
#3562=VECTOR('',#3565,1.0);
#3563=VECTOR('',#3566,1.0);
#3564=DIRECTION('',(0.9238814111318179,0,0.3826788969424377));
#3565=DIRECTION('',(-0.7933468437557664,0,-0.6087698953650417));
#3566=DIRECTION('',(-0.9659290119538889,0,-0.2588071557468692));
#3567=FACE_SURFACE('',(#3572),#3568,.T.);
#3568=PLANE('',#3569);
#3569=AXIS2_PLACEMENT_3D('',#241,#3570,#3571);
#3570=DIRECTION('',(0,1,0));
#3571=DIRECTION('',(-0.9238872301196728,0,-0.38266484816585794));
#3572=FACE_BOUND('',#3573,.T.);
#3573=EDGE_LOOP('',(#3574,#3575,#3576));
#3574=ORIENTED_EDGE('',*,*,#3577,.T.);
#3575=ORIENTED_EDGE('',*,*,#3578,.T.);
#3576=ORIENTED_EDGE('',*,*,#3579,.T.);
#3577=EDGE_CURVE('',#242,#240,#3580,.F.);
#3578=EDGE_CURVE('',#240,#238,#3581,.T.);
#3579=EDGE_CURVE('',#238,#242,#3582,.T.);
#3580=LINE('',#241,#3583);
#3581=LINE('',#239,#3584);
#3582=LINE('',#237,#3585);
#3583=VECTOR('',#3586,1.0);
#3584=VECTOR('',#3587,1.0);
#3585=VECTOR('',#3588,1.0);
#3586=DIRECTION('',(-0.9238872301196728,0,-0.38266484816585794));
#3587=DIRECTION('',(-0.991445740186907,0,-0.13051951679820276));
#3588=DIRECTION('',(0.9659290119538889,0,0.2588071557468692));
#3589=FACE_SURFACE('',(#3594),#3590,.T.);
#3590=PLANE('',#3591);
#3591=AXIS2_PLACEMENT_3D('',#249,#3592,#3593);
#3592=DIRECTION('',(0,1,0));
#3593=DIRECTION('',(0.6227458074066257,0,-0.7824242195621693));
#3594=FACE_BOUND('',#3595,.T.);
#3595=EDGE_LOOP('',(#3596,#3597,#3598));
#3596=ORIENTED_EDGE('',*,*,#3599,.T.);
#3597=ORIENTED_EDGE('',*,*,#3600,.T.);
#3598=ORIENTED_EDGE('',*,*,#3601,.T.);
#3599=EDGE_CURVE('',#250,#238,#3602,.F.);
#3600=EDGE_CURVE('',#238,#264,#3603,.T.);
#3601=EDGE_CURVE('',#264,#250,#3604,.T.);
#3602=LINE('',#249,#3605);
#3603=LINE('',#237,#3606);
#3604=LINE('',#263,#3607);
#3605=VECTOR('',#3608,1.0);
#3606=VECTOR('',#3609,1.0);
#3607=VECTOR('',#3610,1.0);
#3608=DIRECTION('',(0.6227458074066257,0,-0.7824242195621693));
#3609=DIRECTION('',(-0.9979850290462191,0,0.06344983687620527));
#3610=DIRECTION('',(1,0,0));
#3611=FACE_SURFACE('',(#3616),#3612,.T.);
#3612=PLANE('',#3613);
#3613=AXIS2_PLACEMENT_3D('',#263,#3614,#3615);
#3614=DIRECTION('',(0,1,0));
#3615=DIRECTION('',(0.9979850290462191,0,-0.06344983687620527));
#3616=FACE_BOUND('',#3617,.T.);
#3617=EDGE_LOOP('',(#3618,#3619,#3620));
#3618=ORIENTED_EDGE('',*,*,#3621,.T.);
#3619=ORIENTED_EDGE('',*,*,#3622,.T.);
#3620=ORIENTED_EDGE('',*,*,#3623,.T.);
#3621=EDGE_CURVE('',#264,#238,#3624,.F.);
#3622=EDGE_CURVE('',#238,#236,#3625,.T.);
#3623=EDGE_CURVE('',#236,#264,#3626,.T.);
#3624=LINE('',#263,#3627);
#3625=LINE('',#237,#3628);
#3626=LINE('',#235,#3629);
#3627=VECTOR('',#3630,1.0);
#3628=VECTOR('',#3631,1.0);
#3629=VECTOR('',#3632,1.0);
#3630=DIRECTION('',(0.9979850290462191,0,-0.06344983687620527));
#3631=DIRECTION('',(-1,0,0));
#3632=DIRECTION('',(0.9765460221691235,0,0.21530877034078735));
#3633=FACE_SURFACE('',(#3638),#3634,.T.);
#3634=PLANE('',#3635);
#3635=AXIS2_PLACEMENT_3D('',#263,#3636,#3637);
#3636=DIRECTION('',(0,1,0));
#3637=DIRECTION('',(-0.9765460221691235,0,-0.21530877034078735));
#3638=FACE_BOUND('',#3639,.T.);
#3639=EDGE_LOOP('',(#3640,#3641,#3642));
#3640=ORIENTED_EDGE('',*,*,#3643,.T.);
#3641=ORIENTED_EDGE('',*,*,#3644,.T.);
#3642=ORIENTED_EDGE('',*,*,#3645,.T.);
#3643=EDGE_CURVE('',#264,#236,#3646,.F.);
#3644=EDGE_CURVE('',#236,#354,#3647,.T.);
#3645=EDGE_CURVE('',#354,#264,#3648,.T.);
#3646=LINE('',#263,#3649);
#3647=LINE('',#235,#3650);
#3648=LINE('',#353,#3651);
#3649=VECTOR('',#3652,1.0);
#3650=VECTOR('',#3653,1.0);
#3651=VECTOR('',#3654,1.0);
#3652=DIRECTION('',(-0.9765460221691235,0,-0.21530877034078735));
#3653=DIRECTION('',(0.7744109589073731,0,0.6326829116738991));
#3654=DIRECTION('',(0.9872100050147539,0,0.1594252363923902));
#3655=FACE_SURFACE('',(#3660),#3656,.T.);
#3656=PLANE('',#3657);
#3657=AXIS2_PLACEMENT_3D('',#353,#3658,#3659);
#3658=DIRECTION('',(0,1,0));
#3659=DIRECTION('',(-0.7744109589073731,0,-0.6326829116738991));
#3660=FACE_BOUND('',#3661,.T.);
#3661=EDGE_LOOP('',(#3662,#3663,#3664));
#3662=ORIENTED_EDGE('',*,*,#3665,.T.);
#3663=ORIENTED_EDGE('',*,*,#3666,.T.);
#3664=ORIENTED_EDGE('',*,*,#3667,.T.);
#3665=EDGE_CURVE('',#354,#236,#3668,.F.);
#3666=EDGE_CURVE('',#236,#352,#3669,.T.);
#3667=EDGE_CURVE('',#352,#354,#3670,.T.);
#3668=LINE('',#353,#3671);
#3669=LINE('',#235,#3672);
#3670=LINE('',#351,#3673);
#3671=VECTOR('',#3674,1.0);
#3672=VECTOR('',#3675,1.0);
#3673=VECTOR('',#3676,1.0);
#3674=DIRECTION('',(-0.7744109589073731,0,-0.6326829116738991));
#3675=DIRECTION('',(0.7536145414688937,0,0.6573166077976651));
#3676=DIRECTION('',(0.9238818129445898,0,0.38267792686568436));
#3677=FACE_SURFACE('',(#3682),#3678,.T.);
#3678=PLANE('',#3679);
#3679=AXIS2_PLACEMENT_3D('',#351,#3680,#3681);
#3680=DIRECTION('',(0,1,0));
#3681=DIRECTION('',(-0.7536145414688937,0,-0.6573166077976651));
#3682=FACE_BOUND('',#3683,.T.);
#3683=EDGE_LOOP('',(#3684,#3685,#3686));
#3684=ORIENTED_EDGE('',*,*,#3687,.T.);
#3685=ORIENTED_EDGE('',*,*,#3688,.T.);
#3686=ORIENTED_EDGE('',*,*,#3689,.T.);
#3687=EDGE_CURVE('',#352,#236,#3690,.F.);
#3688=EDGE_CURVE('',#236,#350,#3691,.T.);
#3689=EDGE_CURVE('',#350,#352,#3692,.T.);
#3690=LINE('',#351,#3693);
#3691=LINE('',#235,#3694);
#3692=LINE('',#349,#3695);
#3693=VECTOR('',#3696,1.0);
#3694=VECTOR('',#3697,1.0);
#3695=VECTOR('',#3698,1.0);
#3696=DIRECTION('',(-0.7536145414688937,0,-0.6573166077976651));
#3697=DIRECTION('',(0.7071067811865476,0,0.7071067811865476));
#3698=DIRECTION('',(0.9914457401869079,0,0.1305195167981957));
#3699=FACE_SURFACE('',(#3704),#3700,.T.);
#3700=PLANE('',#3701);
#3701=AXIS2_PLACEMENT_3D('',#349,#3702,#3703);
#3702=DIRECTION('',(0,1,0));
#3703=DIRECTION('',(-0.7071067811865476,0,-0.7071067811865476));
#3704=FACE_BOUND('',#3705,.T.);
#3705=EDGE_LOOP('',(#3706,#3707,#3708));
#3706=ORIENTED_EDGE('',*,*,#3709,.T.);
#3707=ORIENTED_EDGE('',*,*,#3710,.T.);
#3708=ORIENTED_EDGE('',*,*,#3711,.T.);
#3709=EDGE_CURVE('',#350,#236,#3712,.F.);
#3710=EDGE_CURVE('',#236,#348,#3713,.T.);
#3711=EDGE_CURVE('',#348,#350,#3714,.T.);
#3712=LINE('',#349,#3715);
#3713=LINE('',#235,#3716);
#3714=LINE('',#347,#3717);
#3715=VECTOR('',#3718,1.0);
#3716=VECTOR('',#3719,1.0);
#3717=VECTOR('',#3720,1.0);
#3718=DIRECTION('',(-0.7071067811865476,0,-0.7071067811865476));
#3719=DIRECTION('',(0.6289864130114614,0,0.7774162927588896));
#3720=DIRECTION('',(0.9914462622210863,0,-0.1305155512873342));
#3721=FACE_SURFACE('',(#3726),#3722,.T.);
#3722=PLANE('',#3723);
#3723=AXIS2_PLACEMENT_3D('',#347,#3724,#3725);
#3724=DIRECTION('',(0,1,0));
#3725=DIRECTION('',(-0.6289864130114614,0,-0.7774162927588896));
#3726=FACE_BOUND('',#3727,.T.);
#3727=EDGE_LOOP('',(#3728,#3729,#3730));
#3728=ORIENTED_EDGE('',*,*,#3731,.T.);
#3729=ORIENTED_EDGE('',*,*,#3732,.T.);
#3730=ORIENTED_EDGE('',*,*,#3733,.T.);
#3731=EDGE_CURVE('',#348,#236,#3734,.F.);
#3732=EDGE_CURVE('',#236,#346,#3735,.T.);
#3733=EDGE_CURVE('',#346,#348,#3736,.T.);
#3734=LINE('',#347,#3737);
#3735=LINE('',#235,#3738);
#3736=LINE('',#345,#3739);
#3737=VECTOR('',#3740,1.0);
#3738=VECTOR('',#3741,1.0);
#3739=VECTOR('',#3742,1.0);
#3740=DIRECTION('',(-0.6289864130114614,0,-0.7774162927588896));
#3741=DIRECTION('',(0.5220053877650312,0,0.8529421874572035));
#3742=DIRECTION('',(0.9238773250445074,0,-0.3826887616178527));
#3743=FACE_SURFACE('',(#3748),#3744,.T.);
#3744=PLANE('',#3745);
#3745=AXIS2_PLACEMENT_3D('',#345,#3746,#3747);
#3746=DIRECTION('',(0,1,0));
#3747=DIRECTION('',(-0.5220053877650312,0,-0.8529421874572035));
#3748=FACE_BOUND('',#3749,.T.);
#3749=EDGE_LOOP('',(#3750,#3751,#3752));
#3750=ORIENTED_EDGE('',*,*,#3753,.T.);
#3751=ORIENTED_EDGE('',*,*,#3754,.T.);
#3752=ORIENTED_EDGE('',*,*,#3755,.T.);
#3753=EDGE_CURVE('',#346,#236,#3756,.F.);
#3754=EDGE_CURVE('',#236,#228,#3757,.T.);
#3755=EDGE_CURVE('',#228,#346,#3758,.T.);
#3756=LINE('',#345,#3759);
#3757=LINE('',#235,#3760);
#3758=LINE('',#227,#3761);
#3759=VECTOR('',#3762,1.0);
#3760=VECTOR('',#3763,1.0);
#3761=VECTOR('',#3764,1.0);
#3762=DIRECTION('',(-0.5220053877650312,0,-0.8529421874572035));
#3763=DIRECTION('',(-0.8660270528241962,0,0.49999714376847876));
#3764=DIRECTION('',(0.8545794095722741,0,0.5193207416761856));
#3765=FACE_SURFACE('',(#3770),#3766,.T.);
#3766=PLANE('',#3767);
#3767=AXIS2_PLACEMENT_3D('',#345,#3768,#3769);
#3768=DIRECTION('',(0,1,0));
#3769=DIRECTION('',(-0.8545794095722741,0,-0.5193207416761856));
#3770=FACE_BOUND('',#3771,.T.);
#3771=EDGE_LOOP('',(#3772,#3773,#3774));
#3772=ORIENTED_EDGE('',*,*,#3775,.T.);
#3773=ORIENTED_EDGE('',*,*,#3776,.T.);
#3774=ORIENTED_EDGE('',*,*,#3777,.T.);
#3775=EDGE_CURVE('',#346,#228,#3778,.F.);
#3776=EDGE_CURVE('',#228,#226,#3779,.T.);
#3777=EDGE_CURVE('',#226,#346,#3780,.T.);
#3778=LINE('',#345,#3781);
#3779=LINE('',#227,#3782);
#3780=LINE('',#225,#3783);
#3781=VECTOR('',#3784,1.0);
#3782=VECTOR('',#3785,1.0);
#3783=VECTOR('',#3786,1.0);
#3784=DIRECTION('',(-0.8545794095722741,0,-0.5193207416761856));
#3785=DIRECTION('',(-0.3826756826748283,0,0.9238827425000179));
#3786=DIRECTION('',(0.9105073345914669,0,0.4134929185066446));
#3787=FACE_SURFACE('',(#3792),#3788,.T.);
#3788=PLANE('',#3789);
#3789=AXIS2_PLACEMENT_3D('',#233,#3790,#3791);
#3790=DIRECTION('',(-0,1,-0));
#3791=DIRECTION('',(-0.9238827425000258,0,0.382675682674809));
#3792=FACE_BOUND('',#3793,.T.);
#3793=EDGE_LOOP('',(#3794,#3795,#3796));
#3794=ORIENTED_EDGE('',*,*,#3797,.T.);
#3795=ORIENTED_EDGE('',*,*,#3798,.T.);
#3796=ORIENTED_EDGE('',*,*,#3799,.T.);
#3797=EDGE_CURVE('',#234,#232,#3800,.F.);
#3798=EDGE_CURVE('',#232,#236,#3801,.T.);
#3799=EDGE_CURVE('',#236,#234,#3802,.T.);
#3800=LINE('',#233,#3803);
#3801=LINE('',#231,#3804);
#3802=LINE('',#235,#3805);
#3803=VECTOR('',#3806,1.0);
#3804=VECTOR('',#3807,1.0);
#3805=VECTOR('',#3808,1.0);
#3806=DIRECTION('',(-0.9238827425000258,0,0.382675682674809));
#3807=DIRECTION('',(0.9659290119538889,0,-0.2588071557468692));
#3808=DIRECTION('',(-0.9914462622210863,0,0.1305155512873342));
#3809=FACE_SURFACE('',(#3814),#3810,.T.);
#3810=PLANE('',#3811);
#3811=AXIS2_PLACEMENT_3D('',#235,#3812,#3813);
#3812=DIRECTION('',(0,1,0));
#3813=DIRECTION('',(-0.9659290119538889,0,0.2588071557468692));
#3814=FACE_BOUND('',#3815,.T.);
#3815=EDGE_LOOP('',(#3816,#3817,#3818));
#3816=ORIENTED_EDGE('',*,*,#3819,.T.);
#3817=ORIENTED_EDGE('',*,*,#3820,.T.);
#3818=ORIENTED_EDGE('',*,*,#3821,.T.);
#3819=EDGE_CURVE('',#236,#232,#3822,.F.);
#3820=EDGE_CURVE('',#232,#230,#3823,.T.);
#3821=EDGE_CURVE('',#230,#236,#3824,.T.);
#3822=LINE('',#235,#3825);
#3823=LINE('',#231,#3826);
#3824=LINE('',#229,#3827);
#3825=VECTOR('',#3828,1.0);
#3826=VECTOR('',#3829,1.0);
#3827=VECTOR('',#3830,1.0);
#3828=DIRECTION('',(-0.9659290119538889,0,0.2588071557468692));
#3829=DIRECTION('',(-0.7933582005327194,0,0.6087550949663465));
#3830=DIRECTION('',(0.9238829418162262,0,-0.3826752014711634));
#3831=FACE_SURFACE('',(#3836),#3832,.T.);
#3832=PLANE('',#3833);
#3833=AXIS2_PLACEMENT_3D('',#235,#3834,#3835);
#3834=DIRECTION('',(0,1,0));
#3835=DIRECTION('',(-0.9238829418162262,0,0.3826752014711634));
#3836=FACE_BOUND('',#3837,.T.);
#3837=EDGE_LOOP('',(#3838,#3839,#3840));
#3838=ORIENTED_EDGE('',*,*,#3841,.T.);
#3839=ORIENTED_EDGE('',*,*,#3842,.T.);
#3840=ORIENTED_EDGE('',*,*,#3843,.T.);
#3841=EDGE_CURVE('',#236,#230,#3844,.F.);
#3842=EDGE_CURVE('',#230,#228,#3845,.T.);
#3843=EDGE_CURVE('',#228,#236,#3846,.T.);
#3844=LINE('',#235,#3847);
#3845=LINE('',#229,#3848);
#3846=LINE('',#227,#3849);
#3847=VECTOR('',#3850,1.0);
#3848=VECTOR('',#3851,1.0);
#3849=VECTOR('',#3852,1.0);
#3850=DIRECTION('',(-0.9238829418162262,0,0.3826752014711634));
#3851=DIRECTION('',(-0.6087550949663122,0,0.7933582005327457));
#3852=DIRECTION('',(0.8660270528241962,0,-0.49999714376847876));
#3853=FACE_SURFACE('',(#3858),#3854,.T.);
#3854=PLANE('',#3855);
#3855=AXIS2_PLACEMENT_3D('',#225,#3856,#3857);
#3856=DIRECTION('',(0,1,-0));
#3857=DIRECTION('',(-0.13051555128738065,0,0.9914462622210803));
#3858=FACE_BOUND('',#3859,.T.);
#3859=EDGE_LOOP('',(#3860,#3861,#3862));
#3860=ORIENTED_EDGE('',*,*,#3863,.T.);
#3861=ORIENTED_EDGE('',*,*,#3864,.T.);
#3862=ORIENTED_EDGE('',*,*,#3865,.T.);
#3863=EDGE_CURVE('',#226,#224,#3866,.F.);
#3864=EDGE_CURVE('',#224,#346,#3867,.T.);
#3865=EDGE_CURVE('',#346,#226,#3868,.T.);
#3866=LINE('',#225,#3869);
#3867=LINE('',#223,#3870);
#3868=LINE('',#345,#3871);
#3869=VECTOR('',#3872,1.0);
#3870=VECTOR('',#3873,1.0);
#3871=VECTOR('',#3874,1.0);
#3872=DIRECTION('',(-0.13051555128738065,0,0.9914462622210803));
#3873=DIRECTION('',(0.9532545753111645,0,0.3021683548095848));
#3874=DIRECTION('',(-0.9105073345914669,0,-0.4134929185066446));
#3875=FACE_SURFACE('',(#3880),#3876,.T.);
#3876=PLANE('',#3877);
#3877=AXIS2_PLACEMENT_3D('',#345,#3878,#3879);
#3878=DIRECTION('',(0,1,0));
#3879=DIRECTION('',(-0.9532545753111645,0,-0.3021683548095848));
#3880=FACE_BOUND('',#3881,.T.);
#3881=EDGE_LOOP('',(#3882,#3883,#3884));
#3882=ORIENTED_EDGE('',*,*,#3885,.T.);
#3883=ORIENTED_EDGE('',*,*,#3886,.T.);
#3884=ORIENTED_EDGE('',*,*,#3887,.T.);
#3885=EDGE_CURVE('',#346,#224,#3888,.F.);
#3886=EDGE_CURVE('',#224,#344,#3889,.T.);
#3887=EDGE_CURVE('',#344,#346,#3890,.T.);
#3888=LINE('',#345,#3891);
#3889=LINE('',#223,#3892);
#3890=LINE('',#343,#3893);
#3891=VECTOR('',#3894,1.0);
#3892=VECTOR('',#3895,1.0);
#3893=VECTOR('',#3896,1.0);
#3894=DIRECTION('',(-0.9532545753111645,0,-0.3021683548095848));
#3895=DIRECTION('',(0.9145572552174313,0,0.40445645863202434));
#3896=DIRECTION('',(0.7933582005327457,0,-0.6087550949663122));
#3897=FACE_SURFACE('',(#3902),#3898,.T.);
#3898=PLANE('',#3899);
#3899=AXIS2_PLACEMENT_3D('',#343,#3900,#3901);
#3900=DIRECTION('',(0,1,0));
#3901=DIRECTION('',(-0.9145572552174313,0,-0.40445645863202434));
#3902=FACE_BOUND('',#3903,.T.);
#3903=EDGE_LOOP('',(#3904,#3905,#3906));
#3904=ORIENTED_EDGE('',*,*,#3907,.T.);
#3905=ORIENTED_EDGE('',*,*,#3908,.T.);
#3906=ORIENTED_EDGE('',*,*,#3909,.T.);
#3907=EDGE_CURVE('',#344,#224,#3910,.F.);
#3908=EDGE_CURVE('',#224,#342,#3911,.T.);
#3909=EDGE_CURVE('',#342,#344,#3912,.T.);
#3910=LINE('',#343,#3913);
#3911=LINE('',#223,#3914);
#3912=LINE('',#341,#3915);
#3913=VECTOR('',#3916,1.0);
#3914=VECTOR('',#3917,1.0);
#3915=VECTOR('',#3918,1.0);
#3916=DIRECTION('',(-0.9145572552174313,0,-0.40445645863202434));
#3917=DIRECTION('',(0.8529416184914759,0,0.5220063174379612));
#3918=DIRECTION('',(0.608762495102159,0,-0.7933525222478303));
#3919=FACE_SURFACE('',(#3924),#3920,.T.);
#3920=PLANE('',#3921);
#3921=AXIS2_PLACEMENT_3D('',#341,#3922,#3923);
#3922=DIRECTION('',(0,1,0));
#3923=DIRECTION('',(-0.8529416184914759,0,-0.5220063174379612));
#3924=FACE_BOUND('',#3925,.T.);
#3925=EDGE_LOOP('',(#3926,#3927,#3928));
#3926=ORIENTED_EDGE('',*,*,#3929,.T.);
#3927=ORIENTED_EDGE('',*,*,#3930,.T.);
#3928=ORIENTED_EDGE('',*,*,#3931,.T.);
#3929=EDGE_CURVE('',#342,#224,#3932,.F.);
#3930=EDGE_CURVE('',#224,#340,#3933,.T.);
#3931=EDGE_CURVE('',#340,#342,#3934,.T.);
#3932=LINE('',#341,#3935);
#3933=LINE('',#223,#3936);
#3934=LINE('',#339,#3937);
#3935=VECTOR('',#3938,1.0);
#3936=VECTOR('',#3939,1.0);
#3937=VECTOR('',#3940,1.0);
#3938=DIRECTION('',(-0.8529416184914759,0,-0.5220063174379612));
#3939=DIRECTION('',(0.7774153015557808,0,0.6289876381193309));
#3940=DIRECTION('',(0.3826702653502323,0,-0.9238849863574917));
#3941=FACE_SURFACE('',(#3946),#3942,.T.);
#3942=PLANE('',#3943);
#3943=AXIS2_PLACEMENT_3D('',#339,#3944,#3945);
#3944=DIRECTION('',(0,1,0));
#3945=DIRECTION('',(-0.7774153015557808,0,-0.6289876381193309));
#3946=FACE_BOUND('',#3947,.T.);
#3947=EDGE_LOOP('',(#3948,#3949,#3950));
#3948=ORIENTED_EDGE('',*,*,#3951,.T.);
#3949=ORIENTED_EDGE('',*,*,#3952,.T.);
#3950=ORIENTED_EDGE('',*,*,#3953,.T.);
#3951=EDGE_CURVE('',#340,#224,#3954,.F.);
#3952=EDGE_CURVE('',#224,#338,#3955,.T.);
#3953=EDGE_CURVE('',#338,#340,#3956,.T.);
#3954=LINE('',#339,#3957);
#3955=LINE('',#223,#3958);
#3956=LINE('',#337,#3959);
#3957=VECTOR('',#3960,1.0);
#3958=VECTOR('',#3961,1.0);
#3959=VECTOR('',#3962,1.0);
#3960=DIRECTION('',(-0.7774153015557808,0,-0.6289876381193309));
#3961=DIRECTION('',(0.7071067811865476,0,0.7071067811865476));
#3962=DIRECTION('',(0.13051753401295846,0,-0.9914460012099379));
#3963=FACE_SURFACE('',(#3968),#3964,.T.);
#3964=PLANE('',#3965);
#3965=AXIS2_PLACEMENT_3D('',#337,#3966,#3967);
#3966=DIRECTION('',(0,1,-0));
#3967=DIRECTION('',(-0.7071067811865476,0,-0.7071067811865476));
#3968=FACE_BOUND('',#3969,.T.);
#3969=EDGE_LOOP('',(#3970,#3971,#3972));
#3970=ORIENTED_EDGE('',*,*,#3973,.T.);
#3971=ORIENTED_EDGE('',*,*,#3974,.T.);
#3972=ORIENTED_EDGE('',*,*,#3975,.T.);
#3973=EDGE_CURVE('',#338,#224,#3976,.F.);
#3974=EDGE_CURVE('',#224,#336,#3977,.T.);
#3975=EDGE_CURVE('',#336,#338,#3978,.T.);
#3976=LINE('',#337,#3979);
#3977=LINE('',#223,#3980);
#3978=LINE('',#335,#3981);
#3979=VECTOR('',#3982,1.0);
#3980=VECTOR('',#3983,1.0);
#3981=VECTOR('',#3984,1.0);
#3982=DIRECTION('',(-0.7071067811865476,0,-0.7071067811865476));
#3983=DIRECTION('',(0.6573157587885006,0,0.7536152819896222));
#3984=DIRECTION('',(-0.13051753401295846,0,-0.9914460012099379));
#3985=FACE_SURFACE('',(#3990),#3986,.T.);
#3986=PLANE('',#3987);
#3987=AXIS2_PLACEMENT_3D('',#335,#3988,#3989);
#3988=DIRECTION('',(0,1,-0));
#3989=DIRECTION('',(-0.6573157587885006,0,-0.7536152819896222));
#3990=FACE_BOUND('',#3991,.T.);
#3991=EDGE_LOOP('',(#3992,#3993,#3994));
#3992=ORIENTED_EDGE('',*,*,#3995,.T.);
#3993=ORIENTED_EDGE('',*,*,#3996,.T.);
#3994=ORIENTED_EDGE('',*,*,#3997,.T.);
#3995=EDGE_CURVE('',#336,#224,#3998,.F.);
#3996=EDGE_CURVE('',#224,#334,#3999,.T.);
#3997=EDGE_CURVE('',#334,#336,#4000,.T.);
#3998=LINE('',#335,#4001);
#3999=LINE('',#223,#4002);
#4000=LINE('',#333,#4003);
#4001=VECTOR('',#4004,1.0);
#4002=VECTOR('',#4005,1.0);
#4003=VECTOR('',#4006,1.0);
#4004=DIRECTION('',(-0.6573157587885006,0,-0.7536152819896222));
#4005=DIRECTION('',(0.63268198282493,0,0.7744117177630482));
#4006=DIRECTION('',(-0.3826702653502323,0,-0.9238849863574917));
#4007=FACE_SURFACE('',(#4012),#4008,.T.);
#4008=PLANE('',#4009);
#4009=AXIS2_PLACEMENT_3D('',#333,#4010,#4011);
#4010=DIRECTION('',(0,1,-0));
#4011=DIRECTION('',(-0.63268198282493,0,-0.7744117177630482));
#4012=FACE_BOUND('',#4013,.T.);
#4013=EDGE_LOOP('',(#4014,#4015,#4016));
#4014=ORIENTED_EDGE('',*,*,#4017,.T.);
#4015=ORIENTED_EDGE('',*,*,#4018,.T.);
#4016=ORIENTED_EDGE('',*,*,#4019,.T.);
#4017=EDGE_CURVE('',#334,#224,#4020,.F.);
#4018=EDGE_CURVE('',#224,#332,#4021,.T.);
#4019=EDGE_CURVE('',#332,#334,#4022,.T.);
#4020=LINE('',#333,#4023);
#4021=LINE('',#223,#4024);
#4022=LINE('',#331,#4025);
#4023=VECTOR('',#4026,1.0);
#4024=VECTOR('',#4027,1.0);
#4025=VECTOR('',#4028,1.0);
#4026=DIRECTION('',(-0.63268198282493,0,-0.7744117177630482));
#4027=DIRECTION('',(0.6305105898769106,0,0.7761806465334409));
#4028=DIRECTION('',(-0.608762495102159,0,-0.7933525222478303));
#4029=FACE_SURFACE('',(#4034),#4030,.T.);
#4030=PLANE('',#4031);
#4031=AXIS2_PLACEMENT_3D('',#331,#4032,#4033);
#4032=DIRECTION('',(0,1,0));
#4033=DIRECTION('',(-0.6305105898769106,0,-0.7761806465334409));
#4034=FACE_BOUND('',#4035,.T.);
#4035=EDGE_LOOP('',(#4036,#4037,#4038));
#4036=ORIENTED_EDGE('',*,*,#4039,.T.);
#4037=ORIENTED_EDGE('',*,*,#4040,.T.);
#4038=ORIENTED_EDGE('',*,*,#4041,.T.);
#4039=EDGE_CURVE('',#332,#224,#4042,.F.);
#4040=EDGE_CURVE('',#224,#222,#4043,.T.);
#4041=EDGE_CURVE('',#222,#332,#4044,.T.);
#4042=LINE('',#331,#4045);
#4043=LINE('',#223,#4046);
#4044=LINE('',#221,#4047);
#4045=VECTOR('',#4048,1.0);
#4046=VECTOR('',#4049,1.0);
#4047=VECTOR('',#4050,1.0);
#4048=DIRECTION('',(-0.6305105898769106,0,-0.7761806465334409));
#4049=DIRECTION('',(0,0,1));
#4050=DIRECTION('',(0.02371257913695854,0,-0.9997188172634711));
#4051=FACE_SURFACE('',(#4056),#4052,.T.);
#4052=PLANE('',#4053);
#4053=AXIS2_PLACEMENT_3D('',#331,#4054,#4055);
#4054=DIRECTION('',(0,1,-0));
#4055=DIRECTION('',(-0.02371257913695854,0,0.9997188172634711));
#4056=FACE_BOUND('',#4057,.T.);
#4057=EDGE_LOOP('',(#4058,#4059,#4060));
#4058=ORIENTED_EDGE('',*,*,#4061,.T.);
#4059=ORIENTED_EDGE('',*,*,#4062,.T.);
#4060=ORIENTED_EDGE('',*,*,#4063,.T.);
#4061=EDGE_CURVE('',#332,#222,#4064,.F.);
#4062=EDGE_CURVE('',#222,#258,#4065,.T.);
#4063=EDGE_CURVE('',#258,#332,#4066,.T.);
#4064=LINE('',#331,#4067);
#4065=LINE('',#221,#4068);
#4066=LINE('',#257,#4069);
#4067=VECTOR('',#4070,1.0);
#4068=VECTOR('',#4071,1.0);
#4069=VECTOR('',#4072,1.0);
#4070=DIRECTION('',(-0.02371257913695854,0,0.9997188172634711));
#4071=DIRECTION('',(0.7808688094430304,0,-0.6246950475544242));
#4072=DIRECTION('',(-0.04475475387123287,0,-0.9989980040049757));
#4073=FACE_SURFACE('',(#4078),#4074,.T.);
#4074=PLANE('',#4075);
#4075=AXIS2_PLACEMENT_3D('',#257,#4076,#4077);
#4076=DIRECTION('',(0,1,0));
#4077=DIRECTION('',(-0.7808688094430304,0,0.6246950475544242));
#4078=FACE_BOUND('',#4079,.T.);
#4079=EDGE_LOOP('',(#4080,#4081,#4082));
#4080=ORIENTED_EDGE('',*,*,#4083,.T.);
#4081=ORIENTED_EDGE('',*,*,#4084,.T.);
#4082=ORIENTED_EDGE('',*,*,#4085,.T.);
#4083=EDGE_CURVE('',#258,#222,#4086,.F.);
#4084=EDGE_CURVE('',#222,#210,#4087,.T.);
#4085=EDGE_CURVE('',#210,#258,#4088,.T.);
#4086=LINE('',#257,#4089);
#4087=LINE('',#221,#4090);
#4088=LINE('',#209,#4091);
#4089=VECTOR('',#4092,1.0);
#4090=VECTOR('',#4093,1.0);
#4091=VECTOR('',#4094,1.0);
#4092=DIRECTION('',(-0.7808688094430304,0,0.6246950475544242));
#4093=DIRECTION('',(0.7071067811865475,0,0.7071067811865475));
#4094=DIRECTION('',(0.6246950475544243,0,-0.7808688094430302));
#4095=FACE_SURFACE('',(#4100),#4096,.T.);
#4096=PLANE('',#4097);
#4097=AXIS2_PLACEMENT_3D('',#257,#4098,#4099);
#4098=DIRECTION('',(0,1,-0));
#4099=DIRECTION('',(-0.6246950475544243,0,0.7808688094430302));
#4100=FACE_BOUND('',#4101,.T.);
#4101=EDGE_LOOP('',(#4102,#4103,#4104));
#4102=ORIENTED_EDGE('',*,*,#4105,.T.);
#4103=ORIENTED_EDGE('',*,*,#4106,.T.);
#4104=ORIENTED_EDGE('',*,*,#4107,.T.);
#4105=EDGE_CURVE('',#258,#210,#4108,.F.);
#4106=EDGE_CURVE('',#210,#284,#4109,.T.);
#4107=EDGE_CURVE('',#284,#258,#4110,.T.);
#4108=LINE('',#257,#4111);
#4109=LINE('',#209,#4112);
#4110=LINE('',#283,#4113);
#4111=VECTOR('',#4114,1.0);
#4112=VECTOR('',#4115,1.0);
#4113=VECTOR('',#4116,1.0);
#4114=DIRECTION('',(-0.6246950475544243,0,0.7808688094430302));
#4115=DIRECTION('',(0.9998295339126206,0,-0.01846356184683138));
#4116=DIRECTION('',(-0.9994070421907706,0,-0.0344320202645065));
#4117=FACE_SURFACE('',(#4122),#4118,.T.);
#4118=PLANE('',#4119);
#4119=AXIS2_PLACEMENT_3D('',#283,#4120,#4121);
#4120=DIRECTION('',(0,1,-0));
#4121=DIRECTION('',(-0.9998295339126206,0,0.01846356184683138));
#4122=FACE_BOUND('',#4123,.T.);
#4123=EDGE_LOOP('',(#4124,#4125,#4126));
#4124=ORIENTED_EDGE('',*,*,#4127,.T.);
#4125=ORIENTED_EDGE('',*,*,#4128,.T.);
#4126=ORIENTED_EDGE('',*,*,#4129,.T.);
#4127=EDGE_CURVE('',#284,#210,#4130,.F.);
#4128=EDGE_CURVE('',#210,#68,#4131,.T.);
#4129=EDGE_CURVE('',#68,#284,#4132,.T.);
#4130=LINE('',#283,#4133);
#4131=LINE('',#209,#4134);
#4132=LINE('',#67,#4135);
#4133=VECTOR('',#4136,1.0);
#4134=VECTOR('',#4137,1.0);
#4135=VECTOR('',#4138,1.0);
#4136=DIRECTION('',(-0.9998295339126206,0,0.01846356184683138));
#4137=DIRECTION('',(1,0,0));
#4138=DIRECTION('',(-0.77617905467747,0,-0.6305125495023783));
#4139=FACE_SURFACE('',(#4144),#4140,.T.);
#4140=PLANE('',#4141);
#4141=AXIS2_PLACEMENT_3D('',#283,#4142,#4143);
#4142=DIRECTION('',(0,1,0));
#4143=DIRECTION('',(0.77617905467747,0,0.6305125495023783));
#4144=FACE_BOUND('',#4145,.T.);
#4145=EDGE_LOOP('',(#4146,#4147,#4148));
#4146=ORIENTED_EDGE('',*,*,#4149,.T.);
#4147=ORIENTED_EDGE('',*,*,#4150,.T.);
#4148=ORIENTED_EDGE('',*,*,#4151,.T.);
#4149=EDGE_CURVE('',#284,#68,#4152,.F.);
#4150=EDGE_CURVE('',#68,#282,#4153,.T.);
#4151=EDGE_CURVE('',#282,#284,#4154,.T.);
#4152=LINE('',#283,#4155);
#4153=LINE('',#67,#4156);
#4154=LINE('',#281,#4157);
#4155=VECTOR('',#4158,1.0);
#4156=VECTOR('',#4159,1.0);
#4157=VECTOR('',#4160,1.0);
#4158=DIRECTION('',(0.77617905467747,0,0.6305125495023783));
#4159=DIRECTION('',(-0.7744105794796748,0,-0.6326833760973605));
#4160=DIRECTION('',(-0.7933468437558232,0,-0.6087698953649676));
#4161=FACE_SURFACE('',(#4166),#4162,.T.);
#4162=PLANE('',#4163);
#4163=AXIS2_PLACEMENT_3D('',#281,#4164,#4165);
#4164=DIRECTION('',(0,1,0));
#4165=DIRECTION('',(0.7744105794796748,0,0.6326833760973605));
#4166=FACE_BOUND('',#4167,.T.);
#4167=EDGE_LOOP('',(#4168,#4169,#4170));
#4168=ORIENTED_EDGE('',*,*,#4171,.T.);
#4169=ORIENTED_EDGE('',*,*,#4172,.T.);
#4170=ORIENTED_EDGE('',*,*,#4173,.T.);
#4171=EDGE_CURVE('',#282,#68,#4174,.F.);
#4172=EDGE_CURVE('',#68,#280,#4175,.T.);
#4173=EDGE_CURVE('',#280,#282,#4176,.T.);
#4174=LINE('',#281,#4177);
#4175=LINE('',#67,#4178);
#4176=LINE('',#279,#4179);
#4177=VECTOR('',#4180,1.0);
#4178=VECTOR('',#4181,1.0);
#4179=VECTOR('',#4182,1.0);
#4180=DIRECTION('',(0.7744105794796748,0,0.6326833760973605));
#4181=DIRECTION('',(-0.7536141169640526,0,-0.6573170944928264));
#4182=DIRECTION('',(-0.923881812944589,0,-0.3826779268656862));
#4183=FACE_SURFACE('',(#4188),#4184,.T.);
#4184=PLANE('',#4185);
#4185=AXIS2_PLACEMENT_3D('',#279,#4186,#4187);
#4186=DIRECTION('',(0,1,0));
#4187=DIRECTION('',(0.7536141169640526,0,0.6573170944928264));
#4188=FACE_BOUND('',#4189,.T.);
#4189=EDGE_LOOP('',(#4190,#4191,#4192));
#4190=ORIENTED_EDGE('',*,*,#4193,.T.);
#4191=ORIENTED_EDGE('',*,*,#4194,.T.);
#4192=ORIENTED_EDGE('',*,*,#4195,.T.);
#4193=EDGE_CURVE('',#280,#68,#4196,.F.);
#4194=EDGE_CURVE('',#68,#278,#4197,.T.);
#4195=EDGE_CURVE('',#278,#280,#4198,.T.);
#4196=LINE('',#279,#4199);
#4197=LINE('',#67,#4200);
#4198=LINE('',#277,#4201);
#4199=VECTOR('',#4202,1.0);
#4200=VECTOR('',#4203,1.0);
#4201=VECTOR('',#4204,1.0);
#4202=DIRECTION('',(0.7536141169640526,0,0.6573170944928264));
#4203=DIRECTION('',(-0.7071067811865476,0,-0.7071067811865476));
#4204=DIRECTION('',(-0.9914447487517183,0,-0.1305270476669197));
#4205=FACE_SURFACE('',(#4210),#4206,.T.);
#4206=PLANE('',#4207);
#4207=AXIS2_PLACEMENT_3D('',#277,#4208,#4209);
#4208=DIRECTION('',(-0,1,0));
#4209=DIRECTION('',(0.7071067811865476,0,0.7071067811865476));
#4210=FACE_BOUND('',#4211,.T.);
#4211=EDGE_LOOP('',(#4212,#4213,#4214));
#4212=ORIENTED_EDGE('',*,*,#4215,.T.);
#4213=ORIENTED_EDGE('',*,*,#4216,.T.);
#4214=ORIENTED_EDGE('',*,*,#4217,.T.);
#4215=EDGE_CURVE('',#278,#68,#4218,.F.);
#4216=EDGE_CURVE('',#68,#276,#4219,.T.);
#4217=EDGE_CURVE('',#276,#278,#4220,.T.);
#4218=LINE('',#277,#4221);
#4219=LINE('',#67,#4222);
#4220=LINE('',#275,#4223);
#4221=VECTOR('',#4224,1.0);
#4222=VECTOR('',#4225,1.0);
#4223=VECTOR('',#4226,1.0);
#4224=DIRECTION('',(0.7071067811865476,0,0.7071067811865476));
#4225=DIRECTION('',(-0.6289883676216783,0,-0.7774147113327714));
#4226=DIRECTION('',(-0.9914447487517163,0,0.13052704766693377));
#4227=FACE_SURFACE('',(#4232),#4228,.T.);
#4228=PLANE('',#4229);
#4229=AXIS2_PLACEMENT_3D('',#275,#4230,#4231);
#4230=DIRECTION('',(-0,1,0));
#4231=DIRECTION('',(0.6289883676216783,0,0.7774147113327714));
#4232=FACE_BOUND('',#4233,.T.);
#4233=EDGE_LOOP('',(#4234,#4235,#4236));
#4234=ORIENTED_EDGE('',*,*,#4237,.T.);
#4235=ORIENTED_EDGE('',*,*,#4238,.T.);
#4236=ORIENTED_EDGE('',*,*,#4239,.T.);
#4237=EDGE_CURVE('',#276,#68,#4240,.F.);
#4238=EDGE_CURVE('',#68,#274,#4241,.T.);
#4239=EDGE_CURVE('',#274,#276,#4242,.T.);
#4240=LINE('',#275,#4243);
#4241=LINE('',#67,#4244);
#4242=LINE('',#273,#4245);
#4243=VECTOR('',#4246,1.0);
#4244=VECTOR('',#4247,1.0);
#4245=VECTOR('',#4248,1.0);
#4246=DIRECTION('',(0.6289883676216783,0,0.7774147113327714));
#4247=DIRECTION('',(-0.5220049229295747,0,-0.852942471938928));
#4248=DIRECTION('',(-0.923881812944605,0,0.38267792686564767));
#4249=FACE_SURFACE('',(#4254),#4250,.T.);
#4250=PLANE('',#4251);
#4251=AXIS2_PLACEMENT_3D('',#221,#4252,#4253);
#4252=DIRECTION('',(0,1,0));
#4253=DIRECTION('',(0.13051802970368315,0,0.9914459359552937));
#4254=FACE_BOUND('',#4255,.T.);
#4255=EDGE_LOOP('',(#4256,#4257,#4258));
#4256=ORIENTED_EDGE('',*,*,#4259,.T.);
#4257=ORIENTED_EDGE('',*,*,#4260,.T.);
#4258=ORIENTED_EDGE('',*,*,#4261,.T.);
#4259=EDGE_CURVE('',#222,#220,#4262,.F.);
#4260=EDGE_CURVE('',#220,#210,#4263,.T.);
#4261=EDGE_CURVE('',#210,#222,#4264,.T.);
#4262=LINE('',#221,#4265);
#4263=LINE('',#219,#4266);
#4264=LINE('',#209,#4267);
#4265=VECTOR('',#4268,1.0);
#4266=VECTOR('',#4269,1.0);
#4267=VECTOR('',#4270,1.0);
#4268=DIRECTION('',(0.13051802970368315,0,0.9914459359552937));
#4269=DIRECTION('',(0.7933539840344317,0,0.608760590065335));
#4270=DIRECTION('',(-0.7071067811865475,0,-0.7071067811865475));
#4271=FACE_SURFACE('',(#4276),#4272,.T.);
#4272=PLANE('',#4273);
#4273=AXIS2_PLACEMENT_3D('',#209,#4274,#4275);
#4274=DIRECTION('',(0,1,0));
#4275=DIRECTION('',(-0.7933539840344317,0,-0.608760590065335));
#4276=FACE_BOUND('',#4277,.T.);
#4277=EDGE_LOOP('',(#4278,#4279,#4280));
#4278=ORIENTED_EDGE('',*,*,#4281,.T.);
#4279=ORIENTED_EDGE('',*,*,#4282,.T.);
#4280=ORIENTED_EDGE('',*,*,#4283,.T.);
#4281=EDGE_CURVE('',#210,#220,#4284,.F.);
#4282=EDGE_CURVE('',#220,#218,#4285,.T.);
#4283=EDGE_CURVE('',#218,#210,#4286,.T.);
#4284=LINE('',#209,#4287);
#4285=LINE('',#219,#4288);
#4286=LINE('',#217,#4289);
#4287=VECTOR('',#4290,1.0);
#4288=VECTOR('',#4291,1.0);
#4289=VECTOR('',#4292,1.0);
#4290=DIRECTION('',(-0.7933539840344317,0,-0.608760590065335));
#4291=DIRECTION('',(0.38266891104099554,0,0.9238855473069696));
#4292=DIRECTION('',(0.8660270528241962,0,0.49999714376847876));
#4293=FACE_SURFACE('',(#4298),#4294,.T.);
#4294=PLANE('',#4295);
#4295=AXIS2_PLACEMENT_3D('',#209,#4296,#4297);
#4296=DIRECTION('',(0,1,0));
#4297=DIRECTION('',(-0.8660270528241962,0,-0.49999714376847876));
#4298=FACE_BOUND('',#4299,.T.);
#4299=EDGE_LOOP('',(#4300,#4301,#4302));
#4300=ORIENTED_EDGE('',*,*,#4303,.T.);
#4301=ORIENTED_EDGE('',*,*,#4304,.T.);
#4302=ORIENTED_EDGE('',*,*,#4305,.T.);
#4303=EDGE_CURVE('',#210,#218,#4306,.F.);
#4304=EDGE_CURVE('',#218,#216,#4307,.T.);
#4305=EDGE_CURVE('',#216,#210,#4308,.T.);
#4306=LINE('',#209,#4309);
#4307=LINE('',#217,#4310);
#4308=LINE('',#215,#4311);
#4309=VECTOR('',#4312,1.0);
#4310=VECTOR('',#4313,1.0);
#4311=VECTOR('',#4314,1.0);
#4312=DIRECTION('',(-0.8660270528241962,0,-0.49999714376847876));
#4313=DIRECTION('',(0.6087661952177046,0,0.7933496830277047));
#4314=DIRECTION('',(0.9238801702213284,0,0.38268189279322995));
#4315=FACE_SURFACE('',(#4320),#4316,.T.);
#4316=PLANE('',#4317);
#4317=AXIS2_PLACEMENT_3D('',#215,#4318,#4319);
#4318=DIRECTION('',(0,1,0));
#4319=DIRECTION('',(0.7933582005327358,0,0.608755094966325));
#4320=FACE_BOUND('',#4321,.T.);
#4321=EDGE_LOOP('',(#4322,#4323,#4324));
#4322=ORIENTED_EDGE('',*,*,#4325,.T.);
#4323=ORIENTED_EDGE('',*,*,#4326,.T.);
#4324=ORIENTED_EDGE('',*,*,#4327,.T.);
#4325=EDGE_CURVE('',#216,#214,#4328,.F.);
#4326=EDGE_CURVE('',#214,#210,#4329,.T.);
#4327=EDGE_CURVE('',#210,#216,#4330,.T.);
#4328=LINE('',#215,#4331);
#4329=LINE('',#213,#4332);
#4330=LINE('',#209,#4333);
#4331=VECTOR('',#4334,1.0);
#4332=VECTOR('',#4335,1.0);
#4333=VECTOR('',#4336,1.0);
#4334=DIRECTION('',(0.7933582005327358,0,0.608755094966325));
#4335=DIRECTION('',(0.9659261142385615,0,0.25881797045799115));
#4336=DIRECTION('',(-0.9238801702213284,0,-0.38268189279322995));
#4337=FACE_SURFACE('',(#4342),#4338,.T.);
#4338=PLANE('',#4339);
#4339=AXIS2_PLACEMENT_3D('',#209,#4340,#4341);
#4340=DIRECTION('',(0,1,0));
#4341=DIRECTION('',(-0.9659261142385615,0,-0.25881797045799115));
#4342=FACE_BOUND('',#4343,.T.);
#4343=EDGE_LOOP('',(#4344,#4345,#4346));
#4344=ORIENTED_EDGE('',*,*,#4347,.T.);
#4345=ORIENTED_EDGE('',*,*,#4348,.T.);
#4346=ORIENTED_EDGE('',*,*,#4349,.T.);
#4347=EDGE_CURVE('',#210,#214,#4350,.F.);
#4348=EDGE_CURVE('',#214,#212,#4351,.T.);
#4349=EDGE_CURVE('',#212,#210,#4352,.T.);
#4350=LINE('',#209,#4353);
#4351=LINE('',#213,#4354);
#4352=LINE('',#211,#4355);
#4353=VECTOR('',#4356,1.0);
#4354=VECTOR('',#4357,1.0);
#4355=VECTOR('',#4358,1.0);
#4356=DIRECTION('',(-0.9659261142385615,0,-0.25881797045799115));
#4357=DIRECTION('',(0.9238773250445146,0,0.3826887616178353));
#4358=DIRECTION('',(0.9914452708456175,0,0.13052308193518955));
#4359=FACE_SURFACE('',(#4364),#4360,.T.);
#4360=PLANE('',#4361);
#4361=AXIS2_PLACEMENT_3D('',#253,#4362,#4363);
#4362=DIRECTION('',(0,1,0));
#4363=DIRECTION('',(0,0,1));
#4364=FACE_BOUND('',#4365,.T.);
#4365=EDGE_LOOP('',(#4366,#4367,#4368));
#4366=ORIENTED_EDGE('',*,*,#4369,.T.);
#4367=ORIENTED_EDGE('',*,*,#4370,.T.);
#4368=ORIENTED_EDGE('',*,*,#4371,.T.);
#4369=EDGE_CURVE('',#254,#256,#4372,.F.);
#4370=EDGE_CURVE('',#256,#252,#4373,.T.);
#4371=EDGE_CURVE('',#252,#254,#4374,.T.);
#4372=LINE('',#253,#4375);
#4373=LINE('',#255,#4376);
#4374=LINE('',#251,#4377);
#4375=VECTOR('',#4378,1.0);
#4376=VECTOR('',#4379,1.0);
#4377=VECTOR('',#4380,1.0);
#4378=DIRECTION('',(0,0,1));
#4379=DIRECTION('',(0.002370601964189489,0,-0.9999971901192161));
#4380=DIRECTION('',(-1,0,0));
#4381=FACE_SURFACE('',(#4386),#4382,.T.);
#4382=PLANE('',#4383);
#4383=AXIS2_PLACEMENT_3D('',#251,#4384,#4385);
#4384=DIRECTION('',(0,1,-0));
#4385=DIRECTION('',(-0.002370601964189489,0,0.9999971901192161));
#4386=FACE_BOUND('',#4387,.T.);
#4387=EDGE_LOOP('',(#4388,#4389,#4390));
#4388=ORIENTED_EDGE('',*,*,#4391,.T.);
#4389=ORIENTED_EDGE('',*,*,#4392,.T.);
#4390=ORIENTED_EDGE('',*,*,#4393,.T.);
#4391=EDGE_CURVE('',#252,#256,#4394,.F.);
#4392=EDGE_CURVE('',#256,#306,#4395,.T.);
#4393=EDGE_CURVE('',#306,#252,#4396,.T.);
#4394=LINE('',#251,#4397);
#4395=LINE('',#255,#4398);
#4396=LINE('',#305,#4399);
#4397=VECTOR('',#4400,1.0);
#4398=VECTOR('',#4401,1.0);
#4399=VECTOR('',#4402,1.0);
#4400=DIRECTION('',(-0.002370601964189489,0,0.9999971901192161));
#4401=DIRECTION('',(0.8781894721981821,0,0.4783129215485175));
#4402=DIRECTION('',(-0.06603952505831785,0,-0.9978170078376454));
#4403=FACE_SURFACE('',(#4408),#4404,.T.);
#4404=PLANE('',#4405);
#4405=AXIS2_PLACEMENT_3D('',#251,#4406,#4407);
#4406=DIRECTION('',(0,1,0));
#4407=DIRECTION('',(0.06603952505831785,0,0.9978170078376454));
#4408=FACE_BOUND('',#4409,.T.);
#4409=EDGE_LOOP('',(#4410,#4411,#4412));
#4410=ORIENTED_EDGE('',*,*,#4413,.T.);
#4411=ORIENTED_EDGE('',*,*,#4414,.T.);
#4412=ORIENTED_EDGE('',*,*,#4415,.T.);
#4413=EDGE_CURVE('',#252,#306,#4416,.F.);
#4414=EDGE_CURVE('',#306,#308,#4417,.T.);
#4415=EDGE_CURVE('',#308,#252,#4418,.T.);
#4416=LINE('',#251,#4419);
#4417=LINE('',#305,#4420);
#4418=LINE('',#307,#4421);
#4419=VECTOR('',#4422,1.0);
#4420=VECTOR('',#4423,1.0);
#4421=VECTOR('',#4424,1.0);
#4422=DIRECTION('',(0.06603952505831785,0,0.9978170078376454));
#4423=DIRECTION('',(0.7933486938380077,0,0.6087674843366119));
#4424=DIRECTION('',(-0.07047859641580653,0,-0.9975132918649544));
#4425=FACE_SURFACE('',(#4430),#4426,.T.);
#4426=PLANE('',#4427);
#4427=AXIS2_PLACEMENT_3D('',#257,#4428,#4429);
#4428=DIRECTION('',(0,1,0));
#4429=DIRECTION('',(0.9994793198880967,0,0.032265912601808826));
#4430=FACE_BOUND('',#4431,.T.);
#4431=EDGE_LOOP('',(#4432,#4433,#4434));
#4432=ORIENTED_EDGE('',*,*,#4435,.T.);
#4433=ORIENTED_EDGE('',*,*,#4436,.T.);
#4434=ORIENTED_EDGE('',*,*,#4437,.T.);
#4435=EDGE_CURVE('',#258,#286,#4438,.F.);
#4436=EDGE_CURVE('',#286,#256,#4439,.T.);
#4437=EDGE_CURVE('',#256,#258,#4440,.T.);
#4438=LINE('',#257,#4441);
#4439=LINE('',#285,#4442);
#4440=LINE('',#255,#4443);
#4441=VECTOR('',#4444,1.0);
#4442=VECTOR('',#4445,1.0);
#4443=VECTOR('',#4446,1.0);
#4444=DIRECTION('',(0.9994793198880967,0,0.032265912601808826));
#4445=DIRECTION('',(-0.47831156699794686,0,-0.8781902099636323));
#4446=DIRECTION('',(-1,0,0));
#4447=FACE_SURFACE('',(#4452),#4448,.T.);
#4448=PLANE('',#4449);
#4449=AXIS2_PLACEMENT_3D('',#255,#4450,#4451);
#4450=DIRECTION('',(0,1,0));
#4451=DIRECTION('',(0.47831156699794686,0,0.8781902099636323));
#4452=FACE_BOUND('',#4453,.T.);
#4453=EDGE_LOOP('',(#4454,#4455,#4456));
#4454=ORIENTED_EDGE('',*,*,#4457,.T.);
#4455=ORIENTED_EDGE('',*,*,#4458,.T.);
#4456=ORIENTED_EDGE('',*,*,#4459,.T.);
#4457=EDGE_CURVE('',#256,#286,#4460,.F.);
#4458=EDGE_CURVE('',#286,#288,#4461,.T.);
#4459=EDGE_CURVE('',#288,#256,#4462,.T.);
#4460=LINE('',#255,#4463);
#4461=LINE('',#285,#4464);
#4462=LINE('',#287,#4465);
#4463=VECTOR('',#4466,1.0);
#4464=VECTOR('',#4467,1.0);
#4465=VECTOR('',#4468,1.0);
#4466=DIRECTION('',(0.47831156699794686,0,0.8781902099636323));
#4467=DIRECTION('',(-0.3826427527687611,0,-0.9238963815025714));
#4468=DIRECTION('',(-0.48598247338322575,0,-0.8739685552491704));
#4469=FACE_SURFACE('',(#4474),#4470,.T.);
#4470=PLANE('',#4471);
#4471=AXIS2_PLACEMENT_3D('',#255,#4472,#4473);
#4472=DIRECTION('',(0,1,0));
#4473=DIRECTION('',(0.48598247338322575,0,0.8739685552491704));
#4474=FACE_BOUND('',#4475,.T.);
#4475=EDGE_LOOP('',(#4476,#4477,#4478));
#4476=ORIENTED_EDGE('',*,*,#4479,.T.);
#4477=ORIENTED_EDGE('',*,*,#4480,.T.);
#4478=ORIENTED_EDGE('',*,*,#4481,.T.);
#4479=EDGE_CURVE('',#256,#288,#4482,.F.);
#4480=EDGE_CURVE('',#288,#290,#4483,.T.);
#4481=EDGE_CURVE('',#290,#256,#4484,.T.);
#4482=LINE('',#255,#4485);
#4483=LINE('',#287,#4486);
#4484=LINE('',#289,#4487);
#4485=VECTOR('',#4488,1.0);
#4486=VECTOR('',#4489,1.0);
#4487=VECTOR('',#4490,1.0);
#4488=DIRECTION('',(0.48598247338322575,0,0.8739685552491704));
#4489=DIRECTION('',(-0.13054815271159592,0,-0.9914419699728219));
#4490=DIRECTION('',(-0.5144957554275267,0,-0.8574929257125441));
#4491=FACE_SURFACE('',(#4496),#4492,.T.);
#4492=PLANE('',#4493);
#4493=AXIS2_PLACEMENT_3D('',#331,#4494,#4495);
#4494=DIRECTION('',(0,1,0));
#4495=DIRECTION('',(0.04475475387123287,0,0.9989980040049757));
#4496=FACE_BOUND('',#4497,.T.);
#4497=EDGE_LOOP('',(#4498,#4499,#4500));
#4498=ORIENTED_EDGE('',*,*,#4501,.T.);
#4499=ORIENTED_EDGE('',*,*,#4502,.T.);
#4500=ORIENTED_EDGE('',*,*,#4503,.T.);
#4501=EDGE_CURVE('',#332,#258,#4504,.F.);
#4502=EDGE_CURVE('',#258,#330,#4505,.T.);
#4503=EDGE_CURVE('',#330,#332,#4506,.T.);
#4504=LINE('',#331,#4507);
#4505=LINE('',#257,#4508);
#4506=LINE('',#329,#4509);
#4507=VECTOR('',#4510,1.0);
#4508=VECTOR('',#4511,1.0);
#4509=VECTOR('',#4512,1.0);
#4510=DIRECTION('',(0.04475475387123287,0,0.9989980040049757));
#4511=DIRECTION('',(-0.04196277002445025,0,-0.9991191750396321));
#4512=DIRECTION('',(-0.7933582005327457,0,-0.6087550949663122));
#4513=FACE_SURFACE('',(#4518),#4514,.T.);
#4514=PLANE('',#4515);
#4515=AXIS2_PLACEMENT_3D('',#329,#4516,#4517);
#4516=DIRECTION('',(0,1,0));
#4517=DIRECTION('',(0.04196277002445025,0,0.9991191750396321));
#4518=FACE_BOUND('',#4519,.T.);
#4519=EDGE_LOOP('',(#4520,#4521,#4522));
#4520=ORIENTED_EDGE('',*,*,#4523,.T.);
#4521=ORIENTED_EDGE('',*,*,#4524,.T.);
#4522=ORIENTED_EDGE('',*,*,#4525,.T.);
#4523=EDGE_CURVE('',#330,#258,#4526,.F.);
#4524=EDGE_CURVE('',#258,#260,#4527,.T.);
#4525=EDGE_CURVE('',#260,#330,#4528,.T.);
#4526=LINE('',#329,#4529);
#4527=LINE('',#257,#4530);
#4528=LINE('',#259,#4531);
#4529=VECTOR('',#4532,1.0);
#4530=VECTOR('',#4533,1.0);
#4531=VECTOR('',#4534,1.0);
#4532=DIRECTION('',(0.04196277002445025,0,0.9991191750396321));
#4533=DIRECTION('',(0,0,-1));
#4534=DIRECTION('',(-0.8781897181200925,0,-0.47831247003204125));
#4535=FACE_SURFACE('',(#4540),#4536,.T.);
#4536=PLANE('',#4537);
#4537=AXIS2_PLACEMENT_3D('',#329,#4538,#4539);
#4538=DIRECTION('',(0,1,0));
#4539=DIRECTION('',(0.8781897181200925,0,0.47831247003204125));
#4540=FACE_BOUND('',#4541,.T.);
#4541=EDGE_LOOP('',(#4542,#4543,#4544));
#4542=ORIENTED_EDGE('',*,*,#4545,.T.);
#4543=ORIENTED_EDGE('',*,*,#4546,.T.);
#4544=ORIENTED_EDGE('',*,*,#4547,.T.);
#4545=EDGE_CURVE('',#330,#260,#4548,.F.);
#4546=EDGE_CURVE('',#260,#328,#4549,.T.);
#4547=EDGE_CURVE('',#328,#330,#4550,.T.);
#4548=LINE('',#329,#4551);
#4549=LINE('',#259,#4552);
#4550=LINE('',#327,#4553);
#4551=VECTOR('',#4554,1.0);
#4552=VECTOR('',#4555,1.0);
#4553=VECTOR('',#4556,1.0);
#4554=DIRECTION('',(0.8781897181200925,0,0.47831247003204125));
#4555=DIRECTION('',(-0.8739694675501577,0,-0.4859808327394135));
#4556=DIRECTION('',(-0.9238827425000258,0,-0.382675682674809));
#4557=FACE_SURFACE('',(#4562),#4558,.T.);
#4558=PLANE('',#4559);
#4559=AXIS2_PLACEMENT_3D('',#327,#4560,#4561);
#4560=DIRECTION('',(0,1,0));
#4561=DIRECTION('',(0.8739694675501577,0,0.4859808327394135));
#4562=FACE_BOUND('',#4563,.T.);
#4563=EDGE_LOOP('',(#4564,#4565,#4566));
#4564=ORIENTED_EDGE('',*,*,#4567,.T.);
#4565=ORIENTED_EDGE('',*,*,#4568,.T.);
#4566=ORIENTED_EDGE('',*,*,#4569,.T.);
#4567=EDGE_CURVE('',#328,#260,#4570,.F.);
#4568=EDGE_CURVE('',#260,#326,#4571,.T.);
#4569=EDGE_CURVE('',#326,#328,#4572,.T.);
#4570=LINE('',#327,#4573);
#4571=LINE('',#259,#4574);
#4572=LINE('',#325,#4575);
#4573=VECTOR('',#4576,1.0);
#4574=VECTOR('',#4577,1.0);
#4575=VECTOR('',#4578,1.0);
#4576=DIRECTION('',(0.8739694675501577,0,0.4859808327394135));
#4577=DIRECTION('',(-0.8574929257125441,0,-0.5144957554275265));
#4578=DIRECTION('',(-0.9914442794149332,0,-0.13053061256044057));
#4579=FACE_SURFACE('',(#4584),#4580,.T.);
#4580=PLANE('',#4581);
#4581=AXIS2_PLACEMENT_3D('',#325,#4582,#4583);
#4582=DIRECTION('',(-0,1,0));
#4583=DIRECTION('',(0.8574929257125441,0,0.5144957554275265));
#4584=FACE_BOUND('',#4585,.T.);
#4585=EDGE_LOOP('',(#4586,#4587,#4588));
#4586=ORIENTED_EDGE('',*,*,#4589,.T.);
#4587=ORIENTED_EDGE('',*,*,#4590,.T.);
#4588=ORIENTED_EDGE('',*,*,#4591,.T.);
#4589=EDGE_CURVE('',#326,#260,#4592,.F.);
#4590=EDGE_CURVE('',#260,#324,#4593,.T.);
#4591=EDGE_CURVE('',#324,#326,#4594,.T.);
#4592=LINE('',#325,#4595);
#4593=LINE('',#259,#4596);
#4594=LINE('',#323,#4597);
#4595=VECTOR('',#4598,1.0);
#4596=VECTOR('',#4599,1.0);
#4597=VECTOR('',#4600,1.0);
#4598=DIRECTION('',(0.8574929257125441,0,0.5144957554275265));
#4599=DIRECTION('',(-0.8251984011721532,0,-0.5648429858845043));
#4600=DIRECTION('',(-0.9914437572613084,0,0.13053457851305142));
#4601=FACE_SURFACE('',(#4606),#4602,.T.);
#4602=PLANE('',#4603);
#4603=AXIS2_PLACEMENT_3D('',#323,#4604,#4605);
#4604=DIRECTION('',(-0,1,0));
#4605=DIRECTION('',(0.8251984011721532,0,0.5648429858845043));
#4606=FACE_BOUND('',#4607,.T.);
#4607=EDGE_LOOP('',(#4608,#4609,#4610));
#4608=ORIENTED_EDGE('',*,*,#4611,.T.);
#4609=ORIENTED_EDGE('',*,*,#4612,.T.);
#4610=ORIENTED_EDGE('',*,*,#4613,.T.);
#4611=EDGE_CURVE('',#324,#260,#4614,.F.);
#4612=EDGE_CURVE('',#260,#322,#4615,.T.);
#4613=EDGE_CURVE('',#322,#324,#4616,.T.);
#4614=LINE('',#323,#4617);
#4615=LINE('',#259,#4618);
#4616=LINE('',#321,#4619);
#4617=VECTOR('',#4620,1.0);
#4618=VECTOR('',#4621,1.0);
#4619=VECTOR('',#4622,1.0);
#4620=DIRECTION('',(0.8251984011721532,0,0.5648429858845043));
#4621=DIRECTION('',(-0.7744109589073731,0,-0.6326829116738991));
#4622=DIRECTION('',(-0.9238872301196647,0,0.38266484816587715));
#4623=FACE_SURFACE('',(#4628),#4624,.T.);
#4624=PLANE('',#4625);
#4625=AXIS2_PLACEMENT_3D('',#321,#4626,#4627);
#4626=DIRECTION('',(-0,1,0));
#4627=DIRECTION('',(0.7744109589073731,0,0.6326829116738991));
#4628=FACE_BOUND('',#4629,.T.);
#4629=EDGE_LOOP('',(#4630,#4631,#4632));
#4630=ORIENTED_EDGE('',*,*,#4633,.T.);
#4631=ORIENTED_EDGE('',*,*,#4634,.T.);
#4632=ORIENTED_EDGE('',*,*,#4635,.T.);
#4633=EDGE_CURVE('',#322,#260,#4636,.F.);
#4634=EDGE_CURVE('',#260,#320,#4637,.T.);
#4635=EDGE_CURVE('',#320,#322,#4638,.T.);
#4636=LINE('',#321,#4639);
#4637=LINE('',#259,#4640);
#4638=LINE('',#319,#4641);
#4639=VECTOR('',#4642,1.0);
#4640=VECTOR('',#4643,1.0);
#4641=VECTOR('',#4644,1.0);
#4642=DIRECTION('',(0.7744109589073731,0,0.6326829116738991));
#4643=DIRECTION('',(-0.70710756997427,0,-0.707105992397945));
#4644=DIRECTION('',(-0.7933468437558128,0,0.6087698953649809));
#4645=FACE_SURFACE('',(#4650),#4646,.T.);
#4646=PLANE('',#4647);
#4647=AXIS2_PLACEMENT_3D('',#319,#4648,#4649);
#4648=DIRECTION('',(-0,1,0));
#4649=DIRECTION('',(0.70710756997427,0,0.707105992397945));
#4650=FACE_BOUND('',#4651,.T.);
#4651=EDGE_LOOP('',(#4652,#4653,#4654));
#4652=ORIENTED_EDGE('',*,*,#4655,.T.);
#4653=ORIENTED_EDGE('',*,*,#4656,.T.);
#4654=ORIENTED_EDGE('',*,*,#4657,.T.);
#4655=EDGE_CURVE('',#320,#260,#4658,.F.);
#4656=EDGE_CURVE('',#260,#318,#4659,.T.);
#4657=EDGE_CURVE('',#318,#320,#4660,.T.);
#4658=LINE('',#319,#4661);
#4659=LINE('',#259,#4662);
#4660=LINE('',#317,#4663);
#4661=VECTOR('',#4664,1.0);
#4662=VECTOR('',#4665,1.0);
#4663=VECTOR('',#4666,1.0);
#4664=DIRECTION('',(0.70710756997427,0,0.707105992397945));
#4665=DIRECTION('',(-0.6326838405201377,0,-0.7744102000520713));
#4666=DIRECTION('',(-0.6087624951021932,0,0.7933525222478038));
#4667=FACE_SURFACE('',(#4672),#4668,.T.);
#4668=PLANE('',#4669);
#4669=AXIS2_PLACEMENT_3D('',#317,#4670,#4671);
#4670=DIRECTION('',(-0,1,0));
#4671=DIRECTION('',(0.6326838405201377,0,0.7744102000520713));
#4672=FACE_BOUND('',#4673,.T.);
#4673=EDGE_LOOP('',(#4674,#4675,#4676));
#4674=ORIENTED_EDGE('',*,*,#4677,.T.);
#4675=ORIENTED_EDGE('',*,*,#4678,.T.);
#4676=ORIENTED_EDGE('',*,*,#4679,.T.);
#4677=EDGE_CURVE('',#318,#260,#4680,.F.);
#4678=EDGE_CURVE('',#260,#316,#4681,.T.);
#4679=EDGE_CURVE('',#316,#318,#4682,.T.);
#4680=LINE('',#317,#4683);
#4681=LINE('',#259,#4684);
#4682=LINE('',#315,#4685);
#4683=VECTOR('',#4686,1.0);
#4684=VECTOR('',#4687,1.0);
#4685=VECTOR('',#4688,1.0);
#4686=DIRECTION('',(0.6326838405201377,0,0.7744102000520713));
#4687=DIRECTION('',(-0.5648446752624755,0,-0.8251972448012831));
#4688=DIRECTION('',(-0.38267026535018583,0,0.923884986357511));
#4689=FACE_SURFACE('',(#4694),#4690,.T.);
#4690=PLANE('',#4691);
#4691=AXIS2_PLACEMENT_3D('',#315,#4692,#4693);
#4692=DIRECTION('',(-0,1,0));
#4693=DIRECTION('',(0.5648446752624755,0,0.8251972448012831));
#4694=FACE_BOUND('',#4695,.T.);
#4695=EDGE_LOOP('',(#4696,#4697,#4698));
#4696=ORIENTED_EDGE('',*,*,#4699,.T.);
#4697=ORIENTED_EDGE('',*,*,#4700,.T.);
#4698=ORIENTED_EDGE('',*,*,#4701,.T.);
#4699=EDGE_CURVE('',#316,#260,#4702,.F.);
#4700=EDGE_CURVE('',#260,#314,#4703,.T.);
#4701=EDGE_CURVE('',#314,#316,#4704,.T.);
#4702=LINE('',#315,#4705);
#4703=LINE('',#259,#4706);
#4704=LINE('',#313,#4707);
#4705=VECTOR('',#4708,1.0);
#4706=VECTOR('',#4709,1.0);
#4707=VECTOR('',#4710,1.0);
#4708=DIRECTION('',(0.5648446752624755,0,0.8251972448012831));
#4709=DIRECTION('',(-0.5144957554275265,0,-0.8574929257125441));
#4710=DIRECTION('',(-0.13054765691048803,0,0.9914420352573223));
#4711=FACE_SURFACE('',(#4716),#4712,.T.);
#4712=PLANE('',#4713);
#4713=AXIS2_PLACEMENT_3D('',#313,#4714,#4715);
#4714=DIRECTION('',(-0,1,0));
#4715=DIRECTION('',(0.5144957554275265,0,0.8574929257125441));
#4716=FACE_BOUND('',#4717,.T.);
#4717=EDGE_LOOP('',(#4718,#4719,#4720));
#4718=ORIENTED_EDGE('',*,*,#4721,.T.);
#4719=ORIENTED_EDGE('',*,*,#4722,.T.);
#4720=ORIENTED_EDGE('',*,*,#4723,.T.);
#4721=EDGE_CURVE('',#314,#260,#4724,.F.);
#4722=EDGE_CURVE('',#260,#360,#4725,.T.);
#4723=EDGE_CURVE('',#360,#314,#4726,.T.);
#4724=LINE('',#313,#4727);
#4725=LINE('',#259,#4728);
#4726=LINE('',#359,#4729);
#4727=VECTOR('',#4730,1.0);
#4728=VECTOR('',#4731,1.0);
#4729=VECTOR('',#4732,1.0);
#4730=DIRECTION('',(0.5144957554275265,0,0.8574929257125441));
#4731=DIRECTION('',(-0.4859823388316152,0,-0.873968630068467));
#4732=DIRECTION('',(0.13054765691048803,0,0.9914420352573223));
#4733=FACE_SURFACE('',(#4738),#4734,.T.);
#4734=PLANE('',#4735);
#4735=AXIS2_PLACEMENT_3D('',#359,#4736,#4737);
#4736=DIRECTION('',(0,1,0));
#4737=DIRECTION('',(0.4859823388316152,0,0.873968630068467));
#4738=FACE_BOUND('',#4739,.T.);
#4739=EDGE_LOOP('',(#4740,#4741,#4742));
#4740=ORIENTED_EDGE('',*,*,#4743,.T.);
#4741=ORIENTED_EDGE('',*,*,#4744,.T.);
#4742=ORIENTED_EDGE('',*,*,#4745,.T.);
#4743=EDGE_CURVE('',#360,#260,#4746,.F.);
#4744=EDGE_CURVE('',#260,#264,#4747,.T.);
#4745=EDGE_CURVE('',#264,#360,#4748,.T.);
#4746=LINE('',#359,#4749);
#4747=LINE('',#259,#4750);
#4748=LINE('',#263,#4751);
#4749=VECTOR('',#4752,1.0);
#4750=VECTOR('',#4753,1.0);
#4751=VECTOR('',#4754,1.0);
#4752=DIRECTION('',(0.4859823388316152,0,0.873968630068467));
#4753=DIRECTION('',(0.9999849456862253,0,-0.0054871122566277596));
#4754=DIRECTION('',(-0.9910669936067674,0,-0.13336496610146076));
#4755=FACE_SURFACE('',(#4760),#4756,.T.);
#4756=PLANE('',#4757);
#4757=AXIS2_PLACEMENT_3D('',#359,#4758,#4759);
#4758=DIRECTION('',(-0,1,0));
#4759=DIRECTION('',(0.9910669936067674,0,0.13336496610146076));
#4760=FACE_BOUND('',#4761,.T.);
#4761=EDGE_LOOP('',(#4762,#4763,#4764));
#4762=ORIENTED_EDGE('',*,*,#4765,.T.);
#4763=ORIENTED_EDGE('',*,*,#4766,.T.);
#4764=ORIENTED_EDGE('',*,*,#4767,.T.);
#4765=EDGE_CURVE('',#360,#264,#4768,.F.);
#4766=EDGE_CURVE('',#264,#358,#4769,.T.);
#4767=EDGE_CURVE('',#358,#360,#4770,.T.);
#4768=LINE('',#359,#4771);
#4769=LINE('',#263,#4772);
#4770=LINE('',#357,#4773);
#4771=VECTOR('',#4774,1.0);
#4772=VECTOR('',#4775,1.0);
#4773=VECTOR('',#4776,1.0);
#4774=DIRECTION('',(0.9910669936067674,0,0.13336496610146076));
#4775=DIRECTION('',(-0.9895044363962271,0,-0.14450249254661737));
#4776=DIRECTION('',(0.38267026535018583,0,0.923884986357511));
#4777=FACE_SURFACE('',(#4782),#4778,.T.);
#4778=PLANE('',#4779);
#4779=AXIS2_PLACEMENT_3D('',#357,#4780,#4781);
#4780=DIRECTION('',(-0,1,0));
#4781=DIRECTION('',(0.9895044363962271,0,0.14450249254661737));
#4782=FACE_BOUND('',#4783,.T.);
#4783=EDGE_LOOP('',(#4784,#4785,#4786));
#4784=ORIENTED_EDGE('',*,*,#4787,.T.);
#4785=ORIENTED_EDGE('',*,*,#4788,.T.);
#4786=ORIENTED_EDGE('',*,*,#4789,.T.);
#4787=EDGE_CURVE('',#358,#264,#4790,.F.);
#4788=EDGE_CURVE('',#264,#356,#4791,.T.);
#4789=EDGE_CURVE('',#356,#358,#4792,.T.);
#4790=LINE('',#357,#4793);
#4791=LINE('',#263,#4794);
#4792=LINE('',#355,#4795);
#4793=VECTOR('',#4796,1.0);
#4794=VECTOR('',#4797,1.0);
#4795=VECTOR('',#4798,1.0);
#4796=DIRECTION('',(0.9895044363962271,0,0.14450249254661737));
#4797=DIRECTION('',(-0.988166426179738,0,-0.15338550834796796));
#4798=DIRECTION('',(0.6087624951021932,0,0.7933525222478038));
#4799=FACE_SURFACE('',(#4804),#4800,.T.);
#4800=PLANE('',#4801);
#4801=AXIS2_PLACEMENT_3D('',#355,#4802,#4803);
#4802=DIRECTION('',(-0,1,0));
#4803=DIRECTION('',(0.988166426179738,0,0.15338550834796796));
#4804=FACE_BOUND('',#4805,.T.);
#4805=EDGE_LOOP('',(#4806,#4807,#4808));
#4806=ORIENTED_EDGE('',*,*,#4809,.T.);
#4807=ORIENTED_EDGE('',*,*,#4810,.T.);
#4808=ORIENTED_EDGE('',*,*,#4811,.T.);
#4809=EDGE_CURVE('',#356,#264,#4812,.F.);
#4810=EDGE_CURVE('',#264,#354,#4813,.T.);
#4811=EDGE_CURVE('',#354,#356,#4814,.T.);
#4812=LINE('',#355,#4815);
#4813=LINE('',#263,#4816);
#4814=LINE('',#353,#4817);
#4815=VECTOR('',#4818,1.0);
#4816=VECTOR('',#4819,1.0);
#4817=VECTOR('',#4820,1.0);
#4818=DIRECTION('',(0.988166426179738,0,0.15338550834796796));
#4819=DIRECTION('',(-0.9872100050147539,0,-0.1594252363923902));
#4820=DIRECTION('',(0.7933468437558128,0,0.6087698953649809));
#4821=FACE_SURFACE('',(#4826),#4822,.T.);
#4822=PLANE('',#4823);
#4823=AXIS2_PLACEMENT_3D('',#259,#4824,#4825);
#4824=DIRECTION('',(-0,1,0));
#4825=DIRECTION('',(1,0,0));
#4826=FACE_BOUND('',#4827,.T.);
#4827=EDGE_LOOP('',(#4828,#4829,#4830));
#4828=ORIENTED_EDGE('',*,*,#4831,.T.);
#4829=ORIENTED_EDGE('',*,*,#4832,.T.);
#4830=ORIENTED_EDGE('',*,*,#4833,.T.);
#4831=EDGE_CURVE('',#260,#262,#4834,.F.);
#4832=EDGE_CURVE('',#262,#264,#4835,.T.);
#4833=EDGE_CURVE('',#264,#260,#4836,.T.);
#4834=LINE('',#259,#4837);
#4835=LINE('',#261,#4838);
#4836=LINE('',#263,#4839);
#4837=VECTOR('',#4840,1.0);
#4838=VECTOR('',#4841,1.0);
#4839=VECTOR('',#4842,1.0);
#4840=DIRECTION('',(1,0,0));
#4841=DIRECTION('',(0,0,-1));
#4842=DIRECTION('',(-0.9999849456862253,0,0.0054871122566277596));
#4843=FACE_SURFACE('',(#4848),#4844,.T.);
#4844=PLANE('',#4845);
#4845=AXIS2_PLACEMENT_3D('',#311,#4846,#4847);
#4846=DIRECTION('',(0,1,0));
#4847=DIRECTION('',(0.13048790633420812,0,0.9914499010542664));
#4848=FACE_BOUND('',#4849,.T.);
#4849=EDGE_LOOP('',(#4850,#4851,#4852));
#4850=ORIENTED_EDGE('',*,*,#4853,.T.);
#4851=ORIENTED_EDGE('',*,*,#4854,.T.);
#4852=ORIENTED_EDGE('',*,*,#4855,.T.);
#4853=EDGE_CURVE('',#312,#266,#4856,.F.);
#4854=EDGE_CURVE('',#266,#56,#4857,.T.);
#4855=EDGE_CURVE('',#56,#312,#4858,.T.);
#4856=LINE('',#311,#4859);
#4857=LINE('',#265,#4860);
#4858=LINE('',#55,#4861);
#4859=VECTOR('',#4862,1.0);
#4860=VECTOR('',#4863,1.0);
#4861=VECTOR('',#4864,1.0);
#4862=DIRECTION('',(0.13048790633420812,0,0.9914499010542664));
#4863=DIRECTION('',(0.7071067811865476,0,0.7071067811865476));
#4864=DIRECTION('',(-0.6573140242508017,0,-0.7536167948786814));
#4865=FACE_SURFACE('',(#4870),#4866,.T.);
#4866=PLANE('',#4867);
#4867=AXIS2_PLACEMENT_3D('',#55,#4868,#4869);
#4868=DIRECTION('',(0,1,0));
#4869=DIRECTION('',(-0.7071067811865476,0,-0.7071067811865476));
#4870=FACE_BOUND('',#4871,.T.);
#4871=EDGE_LOOP('',(#4872,#4873,#4874));
#4872=ORIENTED_EDGE('',*,*,#4875,.T.);
#4873=ORIENTED_EDGE('',*,*,#4876,.T.);
#4874=ORIENTED_EDGE('',*,*,#4877,.T.);
#4875=EDGE_CURVE('',#56,#266,#4878,.F.);
#4876=EDGE_CURVE('',#266,#268,#4879,.T.);
#4877=EDGE_CURVE('',#268,#56,#4880,.T.);
#4878=LINE('',#55,#4881);
#4879=LINE('',#265,#4882);
#4880=LINE('',#267,#4883);
#4881=VECTOR('',#4884,1.0);
#4882=VECTOR('',#4885,1.0);
#4883=VECTOR('',#4886,1.0);
#4884=DIRECTION('',(-0.7071067811865476,0,-0.7071067811865476));
#4885=DIRECTION('',(-0.13048790633420723,0,0.9914499010542666));
#4886=DIRECTION('',(0.7774134498307244,0,0.6289899268051053));
#4887=FACE_SURFACE('',(#4892),#4888,.T.);
#4888=PLANE('',#4889);
#4889=AXIS2_PLACEMENT_3D('',#55,#4890,#4891);
#4890=DIRECTION('',(0,1,0));
#4891=DIRECTION('',(-0.7774134498307244,0,-0.6289899268051053));
#4892=FACE_BOUND('',#4893,.T.);
#4893=EDGE_LOOP('',(#4894,#4895,#4896));
#4894=ORIENTED_EDGE('',*,*,#4897,.T.);
#4895=ORIENTED_EDGE('',*,*,#4898,.T.);
#4896=ORIENTED_EDGE('',*,*,#4899,.T.);
#4897=EDGE_CURVE('',#56,#268,#4900,.F.);
#4898=EDGE_CURVE('',#268,#270,#4901,.T.);
#4899=EDGE_CURVE('',#270,#56,#4902,.T.);
#4900=LINE('',#55,#4903);
#4901=LINE('',#267,#4904);
#4902=LINE('',#269,#4905);
#4903=VECTOR('',#4906,1.0);
#4904=VECTOR('',#4907,1.0);
#4905=VECTOR('',#4908,1.0);
#4906=DIRECTION('',(-0.7774134498307244,0,-0.6289899268051053));
#4907=DIRECTION('',(-0.38274738033605527,0,0.9238530418015015));
#4908=DIRECTION('',(0.8529438943361553,0,0.5220025987623755));
#4909=FACE_SURFACE('',(#4914),#4910,.T.);
#4910=PLANE('',#4911);
#4911=AXIS2_PLACEMENT_3D('',#269,#4912,#4913);
#4912=DIRECTION('',(0,1,-0));
#4913=DIRECTION('',(-0.6087469064973243,0,0.7933644835949852));
#4914=FACE_BOUND('',#4915,.T.);
#4915=EDGE_LOOP('',(#4916,#4917,#4918));
#4916=ORIENTED_EDGE('',*,*,#4919,.T.);
#4917=ORIENTED_EDGE('',*,*,#4920,.T.);
#4918=ORIENTED_EDGE('',*,*,#4921,.T.);
#4919=EDGE_CURVE('',#270,#272,#4922,.F.);
#4920=EDGE_CURVE('',#272,#56,#4923,.T.);
#4921=EDGE_CURVE('',#56,#270,#4924,.T.);
#4922=LINE('',#269,#4925);
#4923=LINE('',#271,#4926);
#4924=LINE('',#55,#4927);
#4925=VECTOR('',#4928,1.0);
#4926=VECTOR('',#4929,1.0);
#4927=VECTOR('',#4930,1.0);
#4928=DIRECTION('',(-0.6087469064973243,0,0.7933644835949852));
#4929=DIRECTION('',(0.9145575454048447,0,0.4044558024593855));
#4930=DIRECTION('',(-0.8529438943361553,0,-0.5220025987623755));
#4931=FACE_SURFACE('',(#4936),#4932,.T.);
#4932=PLANE('',#4933);
#4933=AXIS2_PLACEMENT_3D('',#55,#4934,#4935);
#4934=DIRECTION('',(0,1,0));
#4935=DIRECTION('',(-0.9145575454048447,0,-0.4044558024593855));
#4936=FACE_BOUND('',#4937,.T.);
#4937=EDGE_LOOP('',(#4938,#4939,#4940));
#4938=ORIENTED_EDGE('',*,*,#4941,.T.);
#4939=ORIENTED_EDGE('',*,*,#4942,.T.);
#4940=ORIENTED_EDGE('',*,*,#4943,.T.);
#4941=EDGE_CURVE('',#56,#272,#4944,.F.);
#4942=EDGE_CURVE('',#272,#274,#4945,.T.);
#4943=EDGE_CURVE('',#274,#56,#4946,.T.);
#4944=LINE('',#55,#4947);
#4945=LINE('',#271,#4948);
#4946=LINE('',#273,#4949);
#4947=VECTOR('',#4950,1.0);
#4948=VECTOR('',#4951,1.0);
#4949=VECTOR('',#4952,1.0);
#4950=DIRECTION('',(-0.9145575454048447,0,-0.4044558024593855));
#4951=DIRECTION('',(-0.7933468437557828,0,0.6087698953650201));
#4952=DIRECTION('',(0.9532543007321932,0,0.302169221026195));
#4953=FACE_SURFACE('',(#4958),#4954,.T.);
#4954=PLANE('',#4955);
#4955=AXIS2_PLACEMENT_3D('',#283,#4956,#4957);
#4956=DIRECTION('',(0,1,0));
#4957=DIRECTION('',(-0.6087854828585789,0,-0.7933348825437131));
#4958=FACE_BOUND('',#4959,.T.);
#4959=EDGE_LOOP('',(#4960,#4961,#4962));
#4960=ORIENTED_EDGE('',*,*,#4963,.T.);
#4961=ORIENTED_EDGE('',*,*,#4964,.T.);
#4962=ORIENTED_EDGE('',*,*,#4965,.T.);
#4963=EDGE_CURVE('',#284,#286,#4966,.F.);
#4964=EDGE_CURVE('',#286,#258,#4967,.T.);
#4965=EDGE_CURVE('',#258,#284,#4968,.T.);
#4966=LINE('',#283,#4969);
#4967=LINE('',#285,#4970);
#4968=LINE('',#257,#4971);
#4969=VECTOR('',#4972,1.0);
#4970=VECTOR('',#4973,1.0);
#4971=VECTOR('',#4974,1.0);
#4972=DIRECTION('',(-0.6087854828585789,0,-0.7933348825437131));
#4973=DIRECTION('',(-0.9994793198880967,0,-0.032265912601808826));
#4974=DIRECTION('',(0.9994070421907706,0,0.0344320202645065));
#4975=FACE_SURFACE('',(#4980),#4976,.T.);
#4976=PLANE('',#4977);
#4977=AXIS2_PLACEMENT_3D('',#289,#4978,#4979);
#4978=DIRECTION('',(0,1,0));
#4979=DIRECTION('',(0.13054815271159678,0,-0.9914419699728216));
#4980=FACE_BOUND('',#4981,.T.);
#4981=EDGE_LOOP('',(#4982,#4983,#4984));
#4982=ORIENTED_EDGE('',*,*,#4985,.T.);
#4983=ORIENTED_EDGE('',*,*,#4986,.T.);
#4984=ORIENTED_EDGE('',*,*,#4987,.T.);
#4985=EDGE_CURVE('',#290,#292,#4988,.F.);
#4986=EDGE_CURVE('',#292,#256,#4989,.T.);
#4987=EDGE_CURVE('',#256,#290,#4990,.T.);
#4988=LINE('',#289,#4991);
#4989=LINE('',#291,#4992);
#4990=LINE('',#255,#4993);
#4991=VECTOR('',#4994,1.0);
#4992=VECTOR('',#4995,1.0);
#4993=VECTOR('',#4996,1.0);
#4994=DIRECTION('',(0.13054815271159678,0,-0.9914419699728216));
#4995=DIRECTION('',(-0.5648445036425348,0,-0.8251973622745158));
#4996=DIRECTION('',(0.5144957554275267,0,0.8574929257125441));
#4997=FACE_SURFACE('',(#5002),#4998,.T.);
#4998=PLANE('',#4999);
#4999=AXIS2_PLACEMENT_3D('',#255,#5000,#5001);
#5000=DIRECTION('',(0,1,0));
#5001=DIRECTION('',(0.5648445036425348,0,0.8251973622745158));
#5002=FACE_BOUND('',#5003,.T.);
#5003=EDGE_LOOP('',(#5004,#5005,#5006));
#5004=ORIENTED_EDGE('',*,*,#5007,.T.);
#5005=ORIENTED_EDGE('',*,*,#5008,.T.);
#5006=ORIENTED_EDGE('',*,*,#5009,.T.);
#5007=EDGE_CURVE('',#256,#292,#5010,.F.);
#5008=EDGE_CURVE('',#292,#294,#5011,.T.);
#5009=EDGE_CURVE('',#294,#256,#5012,.T.);
#5010=LINE('',#255,#5013);
#5011=LINE('',#291,#5014);
#5012=LINE('',#293,#5015);
#5013=VECTOR('',#5016,1.0);
#5014=VECTOR('',#5017,1.0);
#5015=VECTOR('',#5018,1.0);
#5016=DIRECTION('',(0.5648445036425348,0,0.8251973622745158));
#5017=DIRECTION('',(0.38264275276875864,0,-0.9238963815025723));
#5018=DIRECTION('',(-0.6326819828249236,0,-0.7744117177630534));
#5019=FACE_SURFACE('',(#5024),#5020,.T.);
#5020=PLANE('',#5021);
#5021=AXIS2_PLACEMENT_3D('',#255,#5022,#5023);
#5022=DIRECTION('',(0,1,0));
#5023=DIRECTION('',(0.6326819828249236,0,0.7744117177630534));
#5024=FACE_BOUND('',#5025,.T.);
#5025=EDGE_LOOP('',(#5026,#5027,#5028));
#5026=ORIENTED_EDGE('',*,*,#5029,.T.);
#5027=ORIENTED_EDGE('',*,*,#5030,.T.);
#5028=ORIENTED_EDGE('',*,*,#5031,.T.);
#5029=EDGE_CURVE('',#256,#294,#5032,.F.);
#5030=EDGE_CURVE('',#294,#296,#5033,.T.);
#5031=EDGE_CURVE('',#296,#256,#5034,.T.);
#5032=LINE('',#255,#5035);
#5033=LINE('',#293,#5036);
#5034=LINE('',#295,#5037);
#5035=VECTOR('',#5038,1.0);
#5036=VECTOR('',#5039,1.0);
#5037=VECTOR('',#5040,1.0);
#5038=DIRECTION('',(0.6326819828249236,0,0.7744117177630534));
#5039=DIRECTION('',(0.6087836328072592,0,-0.793336302223714));
#5040=DIRECTION('',(-0.7071073727772534,0,-0.7071061895953467));
#5041=FACE_SURFACE('',(#5046),#5042,.T.);
#5042=PLANE('',#5043);
#5043=AXIS2_PLACEMENT_3D('',#295,#5044,#5045);
#5044=DIRECTION('',(0,1,0));
#5045=DIRECTION('',(0.7933486938380481,0,-0.6087674843365594));
#5046=FACE_BOUND('',#5047,.T.);
#5047=EDGE_LOOP('',(#5048,#5049,#5050));
#5048=ORIENTED_EDGE('',*,*,#5051,.T.);
#5049=ORIENTED_EDGE('',*,*,#5052,.T.);
#5050=ORIENTED_EDGE('',*,*,#5053,.T.);
#5051=EDGE_CURVE('',#296,#298,#5054,.F.);
#5052=EDGE_CURVE('',#298,#256,#5055,.T.);
#5053=EDGE_CURVE('',#256,#296,#5056,.T.);
#5054=LINE('',#295,#5057);
#5055=LINE('',#297,#5058);
#5056=LINE('',#255,#5059);
#5057=VECTOR('',#5060,1.0);
#5058=VECTOR('',#5061,1.0);
#5059=VECTOR('',#5062,1.0);
#5060=DIRECTION('',(0.7933486938380481,0,-0.6087674843365594));
#5061=DIRECTION('',(-0.7744105794796745,0,-0.632683376097361));
#5062=DIRECTION('',(0.7071073727772534,0,0.7071061895953467));
#5063=FACE_SURFACE('',(#5068),#5064,.T.);
#5064=PLANE('',#5065);
#5065=AXIS2_PLACEMENT_3D('',#255,#5066,#5067);
#5066=DIRECTION('',(0,1,0));
#5067=DIRECTION('',(0.7744105794796745,0,0.632683376097361));
#5068=FACE_BOUND('',#5069,.T.);
#5069=EDGE_LOOP('',(#5070,#5071,#5072));
#5070=ORIENTED_EDGE('',*,*,#5073,.T.);
#5071=ORIENTED_EDGE('',*,*,#5074,.T.);
#5072=ORIENTED_EDGE('',*,*,#5075,.T.);
#5073=EDGE_CURVE('',#256,#298,#5076,.F.);
#5074=EDGE_CURVE('',#298,#300,#5077,.T.);
#5075=EDGE_CURVE('',#300,#256,#5078,.T.);
#5076=LINE('',#255,#5079);
#5077=LINE('',#297,#5080);
#5078=LINE('',#299,#5081);
#5079=VECTOR('',#5082,1.0);
#5080=VECTOR('',#5083,1.0);
#5081=VECTOR('',#5084,1.0);
#5082=DIRECTION('',(0.7744105794796745,0,0.632683376097361));
#5083=DIRECTION('',(0.9238818129445878,0,-0.3826779268656891));
#5084=DIRECTION('',(-0.8251987444114185,0,-0.5648424844342168));
#5085=FACE_SURFACE('',(#5090),#5086,.T.);
#5086=PLANE('',#5087);
#5087=AXIS2_PLACEMENT_3D('',#255,#5088,#5089);
#5088=DIRECTION('',(0,1,0));
#5089=DIRECTION('',(0.8251987444114185,0,0.5648424844342168));
#5090=FACE_BOUND('',#5091,.T.);
#5091=EDGE_LOOP('',(#5092,#5093,#5094));
#5092=ORIENTED_EDGE('',*,*,#5095,.T.);
#5093=ORIENTED_EDGE('',*,*,#5096,.T.);
#5094=ORIENTED_EDGE('',*,*,#5097,.T.);
#5095=EDGE_CURVE('',#256,#300,#5098,.F.);
#5096=EDGE_CURVE('',#300,#302,#5099,.T.);
#5097=EDGE_CURVE('',#302,#256,#5100,.T.);
#5098=LINE('',#255,#5101);
#5099=LINE('',#299,#5102);
#5100=LINE('',#301,#5103);
#5101=VECTOR('',#5104,1.0);
#5102=VECTOR('',#5105,1.0);
#5103=VECTOR('',#5106,1.0);
#5104=DIRECTION('',(0.8251987444114185,0,0.5648424844342168));
#5105=DIRECTION('',(0.9914447487517178,0,-0.13052704766692302));
#5106=DIRECTION('',(-0.8574929257125441,0,-0.5144957554275265));
#5107=FACE_SURFACE('',(#5112),#5108,.T.);
#5108=PLANE('',#5109);
#5109=AXIS2_PLACEMENT_3D('',#301,#5110,#5111);
#5110=DIRECTION('',(-0,1,0));
#5111=DIRECTION('',(0.9914447487517158,0,0.1305270476669371));
#5112=FACE_BOUND('',#5113,.T.);
#5113=EDGE_LOOP('',(#5114,#5115,#5116));
#5114=ORIENTED_EDGE('',*,*,#5117,.T.);
#5115=ORIENTED_EDGE('',*,*,#5118,.T.);
#5116=ORIENTED_EDGE('',*,*,#5119,.T.);
#5117=EDGE_CURVE('',#302,#304,#5120,.F.);
#5118=EDGE_CURVE('',#304,#256,#5121,.T.);
#5119=EDGE_CURVE('',#256,#302,#5122,.T.);
#5120=LINE('',#301,#5123);
#5121=LINE('',#303,#5124);
#5122=LINE('',#255,#5125);
#5123=VECTOR('',#5126,1.0);
#5124=VECTOR('',#5127,1.0);
#5125=VECTOR('',#5128,1.0);
#5126=DIRECTION('',(0.9914447487517158,0,0.1305270476669371));
#5127=DIRECTION('',(-0.8739691381014465,0,-0.48598142520698734));
#5128=DIRECTION('',(0.8574929257125441,0,0.5144957554275265));
#5129=FACE_SURFACE('',(#5134),#5130,.T.);
#5130=PLANE('',#5131);
#5131=AXIS2_PLACEMENT_3D('',#255,#5132,#5133);
#5132=DIRECTION('',(0,1,0));
#5133=DIRECTION('',(0.8739691381014465,0,0.48598142520698734));
#5134=FACE_BOUND('',#5135,.T.);
#5135=EDGE_LOOP('',(#5136,#5137,#5138));
#5136=ORIENTED_EDGE('',*,*,#5139,.T.);
#5137=ORIENTED_EDGE('',*,*,#5140,.T.);
#5138=ORIENTED_EDGE('',*,*,#5141,.T.);
#5139=EDGE_CURVE('',#256,#304,#5142,.F.);
#5140=EDGE_CURVE('',#304,#306,#5143,.T.);
#5141=EDGE_CURVE('',#306,#256,#5144,.T.);
#5142=LINE('',#255,#5145);
#5143=LINE('',#303,#5146);
#5144=LINE('',#305,#5147);
#5145=VECTOR('',#5148,1.0);
#5146=VECTOR('',#5149,1.0);
#5147=VECTOR('',#5150,1.0);
#5148=DIRECTION('',(0.8739691381014465,0,0.48598142520698734));
#5149=DIRECTION('',(0.9238818129446038,0,0.3826779268656506));
#5150=DIRECTION('',(-0.8781894721981821,0,-0.4783129215485175));
#5151=FACE_SURFACE('',(#5156),#5152,.T.);
#5152=PLANE('',#5153);
#5153=AXIS2_PLACEMENT_3D('',#309,#5154,#5155);
#5154=DIRECTION('',(0,1,0));
#5155=DIRECTION('',(0.38274738033605293,0,0.9238530418015026));
#5156=FACE_BOUND('',#5157,.T.);
#5157=EDGE_LOOP('',(#5158,#5159,#5160));
#5158=ORIENTED_EDGE('',*,*,#5161,.T.);
#5159=ORIENTED_EDGE('',*,*,#5162,.T.);
#5160=ORIENTED_EDGE('',*,*,#5163,.T.);
#5161=EDGE_CURVE('',#310,#312,#5164,.F.);
#5162=EDGE_CURVE('',#312,#56,#5165,.T.);
#5163=EDGE_CURVE('',#56,#310,#5166,.T.);
#5164=LINE('',#309,#5167);
#5165=LINE('',#311,#5168);
#5166=LINE('',#55,#5169);
#5167=VECTOR('',#5170,1.0);
#5168=VECTOR('',#5171,1.0);
#5169=VECTOR('',#5172,1.0);
#5170=DIRECTION('',(0.38274738033605293,0,0.9238530418015026));
#5171=DIRECTION('',(0.6573140242508017,0,0.7536167948786814));
#5172=DIRECTION('',(-0.6326856982044363,0,-0.7744086823425762));
#5173=FACE_SURFACE('',(#5178),#5174,.T.);
#5174=PLANE('',#5175);
#5175=AXIS2_PLACEMENT_3D('',#167,#5176,#5177);
#5176=DIRECTION('',(-0.9914420352573223,0,-0.13054765691048803));
#5177=DIRECTION('',(0,1,0));
#5178=FACE_BOUND('',#5179,.T.);
#5179=EDGE_LOOP('',(#5180,#5181,#5182));
#5180=ORIENTED_EDGE('',*,*,#5183,.T.);
#5181=ORIENTED_EDGE('',*,*,#5184,.T.);
#5182=ORIENTED_EDGE('',*,*,#5185,.T.);
#5183=EDGE_CURVE('',#168,#316,#5186,.F.);
#5184=EDGE_CURVE('',#316,#122,#5187,.T.);
#5185=EDGE_CURVE('',#122,#168,#5188,.T.);
#5186=LINE('',#167,#5189);
#5187=LINE('',#315,#5190);
#5188=LINE('',#121,#5191);
#5189=VECTOR('',#5192,1.0);
#5190=VECTOR('',#5193,1.0);
#5191=VECTOR('',#5194,1.0);
#5192=DIRECTION('',(0,1,0));
#5193=DIRECTION('',(0.007560621781684544,-0.9983215380744559,-0.05741901788542905));
#5194=DIRECTION('',(-0.13054765691048803,0,0.9914420352573223));
#5195=FACE_SURFACE('',(#5200),#5196,.T.);
#5196=PLANE('',#5197);
#5197=AXIS2_PLACEMENT_3D('',#121,#5198,#5199);
#5198=DIRECTION('',(-0.9914420352573223,0,-0.13054765691048803));
#5199=DIRECTION('',(-0.007560621781684544,0.9983215380744559,0.05741901788542905));
#5200=FACE_BOUND('',#5201,.T.);
#5201=EDGE_LOOP('',(#5202,#5203,#5204));
#5202=ORIENTED_EDGE('',*,*,#5205,.T.);
#5203=ORIENTED_EDGE('',*,*,#5206,.T.);
#5204=ORIENTED_EDGE('',*,*,#5207,.T.);
#5205=EDGE_CURVE('',#122,#316,#5208,.F.);
#5206=EDGE_CURVE('',#316,#314,#5209,.T.);
#5207=EDGE_CURVE('',#314,#122,#5210,.T.);
#5208=LINE('',#121,#5211);
#5209=LINE('',#315,#5212);
#5210=LINE('',#313,#5213);
#5211=VECTOR('',#5214,1.0);
#5212=VECTOR('',#5215,1.0);
#5213=VECTOR('',#5216,1.0);
#5214=DIRECTION('',(-0.007560621781684544,0.9983215380744559,0.05741901788542905));
#5215=DIRECTION('',(0.13054765691048803,0,-0.9914420352573223));
#5216=DIRECTION('',(0,-1,0));
#5217=FACE_SURFACE('',(#5222),#5218,.T.);
#5218=PLANE('',#5219);
#5219=AXIS2_PLACEMENT_3D('',#121,#5220,#5221);
#5220=DIRECTION('',(-0.9914420352573223,0,0.13054765691048803));
#5221=DIRECTION('',(0,1,0));
#5222=FACE_BOUND('',#5223,.T.);
#5223=EDGE_LOOP('',(#5224,#5225,#5226));
#5224=ORIENTED_EDGE('',*,*,#5227,.T.);
#5225=ORIENTED_EDGE('',*,*,#5228,.T.);
#5226=ORIENTED_EDGE('',*,*,#5229,.T.);
#5227=EDGE_CURVE('',#122,#314,#5230,.F.);
#5228=EDGE_CURVE('',#314,#124,#5231,.T.);
#5229=EDGE_CURVE('',#124,#122,#5232,.T.);
#5230=LINE('',#121,#5233);
#5231=LINE('',#313,#5234);
#5232=LINE('',#123,#5235);
#5233=VECTOR('',#5236,1.0);
#5234=VECTOR('',#5237,1.0);
#5235=VECTOR('',#5238,1.0);
#5236=DIRECTION('',(0,1,0));
#5237=DIRECTION('',(-0.007560621781684544,-0.9983215380744559,-0.05741901788542905));
#5238=DIRECTION('',(0.13054765691048803,0,0.9914420352573223));
#5239=FACE_SURFACE('',(#5244),#5240,.T.);
#5240=PLANE('',#5241);
#5241=AXIS2_PLACEMENT_3D('',#123,#5242,#5243);
#5242=DIRECTION('',(-0.9914420352573223,0,0.13054765691048803));
#5243=DIRECTION('',(0.007560621781684544,0.9983215380744559,0.05741901788542905));
#5244=FACE_BOUND('',#5245,.T.);
#5245=EDGE_LOOP('',(#5246,#5247,#5248));
#5246=ORIENTED_EDGE('',*,*,#5249,.T.);
#5247=ORIENTED_EDGE('',*,*,#5250,.T.);
#5248=ORIENTED_EDGE('',*,*,#5251,.T.);
#5249=EDGE_CURVE('',#124,#314,#5252,.F.);
#5250=EDGE_CURVE('',#314,#360,#5253,.T.);
#5251=EDGE_CURVE('',#360,#124,#5254,.T.);
#5252=LINE('',#123,#5255);
#5253=LINE('',#313,#5256);
#5254=LINE('',#359,#5257);
#5255=VECTOR('',#5258,1.0);
#5256=VECTOR('',#5259,1.0);
#5257=VECTOR('',#5260,1.0);
#5258=DIRECTION('',(0.007560621781684544,0.9983215380744559,0.05741901788542905));
#5259=DIRECTION('',(-0.13054765691048803,0,-0.9914420352573223));
#5260=DIRECTION('',(0,-1,0));
#5261=FACE_SURFACE('',(#5266),#5262,.T.);
#5262=PLANE('',#5263);
#5263=AXIS2_PLACEMENT_3D('',#123,#5264,#5265);
#5264=DIRECTION('',(-0.923884986357511,0,0.38267026535018583));
#5265=DIRECTION('',(0,1,0));
#5266=FACE_BOUND('',#5267,.T.);
#5267=EDGE_LOOP('',(#5268,#5269,#5270));
#5268=ORIENTED_EDGE('',*,*,#5271,.T.);
#5269=ORIENTED_EDGE('',*,*,#5272,.T.);
#5270=ORIENTED_EDGE('',*,*,#5273,.T.);
#5271=EDGE_CURVE('',#124,#360,#5274,.F.);
#5272=EDGE_CURVE('',#360,#126,#5275,.T.);
#5273=EDGE_CURVE('',#126,#124,#5276,.T.);
#5274=LINE('',#123,#5277);
#5275=LINE('',#359,#5278);
#5276=LINE('',#125,#5279);
#5277=VECTOR('',#5280,1.0);
#5278=VECTOR('',#5281,1.0);
#5279=VECTOR('',#5282,1.0);
#5280=DIRECTION('',(0,1,0));
#5281=DIRECTION('',(-0.02216185196754962,-0.9983215929965803,-0.053505600399758935));
#5282=DIRECTION('',(0.38267026535018583,0,0.923884986357511));
#5283=FACE_SURFACE('',(#5288),#5284,.T.);
#5284=PLANE('',#5285);
#5285=AXIS2_PLACEMENT_3D('',#125,#5286,#5287);
#5286=DIRECTION('',(-0.923884986357511,0,0.38267026535018583));
#5287=DIRECTION('',(0.02216185196754962,0.9983215929965803,0.053505600399758935));
#5288=FACE_BOUND('',#5289,.T.);
#5289=EDGE_LOOP('',(#5290,#5291,#5292));
#5290=ORIENTED_EDGE('',*,*,#5293,.T.);
#5291=ORIENTED_EDGE('',*,*,#5294,.T.);
#5292=ORIENTED_EDGE('',*,*,#5295,.T.);
#5293=EDGE_CURVE('',#126,#360,#5296,.F.);
#5294=EDGE_CURVE('',#360,#358,#5297,.T.);
#5295=EDGE_CURVE('',#358,#126,#5298,.T.);
#5296=LINE('',#125,#5299);
#5297=LINE('',#359,#5300);
#5298=LINE('',#357,#5301);
#5299=VECTOR('',#5302,1.0);
#5300=VECTOR('',#5303,1.0);
#5301=VECTOR('',#5304,1.0);
#5302=DIRECTION('',(0.02216185196754962,0.9983215929965803,0.053505600399758935));
#5303=DIRECTION('',(-0.38267026535018583,0,-0.923884986357511));
#5304=DIRECTION('',(0,-1,0));
#5305=FACE_SURFACE('',(#5310),#5306,.T.);
#5306=PLANE('',#5307);
#5307=AXIS2_PLACEMENT_3D('',#125,#5308,#5309);
#5308=DIRECTION('',(-0.7933525222478038,0,0.6087624951021932));
#5309=DIRECTION('',(0,1,0));
#5310=FACE_BOUND('',#5311,.T.);
#5311=EDGE_LOOP('',(#5312,#5313,#5314));
#5312=ORIENTED_EDGE('',*,*,#5315,.T.);
#5313=ORIENTED_EDGE('',*,*,#5316,.T.);
#5314=ORIENTED_EDGE('',*,*,#5317,.T.);
#5315=EDGE_CURVE('',#126,#358,#5318,.F.);
#5316=EDGE_CURVE('',#358,#128,#5319,.T.);
#5317=EDGE_CURVE('',#128,#126,#5320,.T.);
#5318=LINE('',#125,#5321);
#5319=LINE('',#357,#5322);
#5320=LINE('',#127,#5323);
#5321=VECTOR('',#5324,1.0);
#5322=VECTOR('',#5325,1.0);
#5323=VECTOR('',#5326,1.0);
#5324=DIRECTION('',(0,1,0));
#5325=DIRECTION('',(-0.03525627969570119,-0.998321536815041,-0.045946750410376595));
#5326=DIRECTION('',(0.6087624951021932,0,0.7933525222478038));
#5327=FACE_SURFACE('',(#5332),#5328,.T.);
#5328=PLANE('',#5329);
#5329=AXIS2_PLACEMENT_3D('',#127,#5330,#5331);
#5330=DIRECTION('',(-0.7933525222478038,0,0.6087624951021932));
#5331=DIRECTION('',(0.03525627969570119,0.998321536815041,0.045946750410376595));
#5332=FACE_BOUND('',#5333,.T.);
#5333=EDGE_LOOP('',(#5334,#5335,#5336));
#5334=ORIENTED_EDGE('',*,*,#5337,.T.);
#5335=ORIENTED_EDGE('',*,*,#5338,.T.);
#5336=ORIENTED_EDGE('',*,*,#5339,.T.);
#5337=EDGE_CURVE('',#128,#358,#5340,.F.);
#5338=EDGE_CURVE('',#358,#356,#5341,.T.);
#5339=EDGE_CURVE('',#356,#128,#5342,.T.);
#5340=LINE('',#127,#5343);
#5341=LINE('',#357,#5344);
#5342=LINE('',#355,#5345);
#5343=VECTOR('',#5346,1.0);
#5344=VECTOR('',#5347,1.0);
#5345=VECTOR('',#5348,1.0);
#5346=DIRECTION('',(0.03525627969570119,0.998321536815041,0.045946750410376595));
#5347=DIRECTION('',(-0.6087624951021932,0,-0.7933525222478038));
#5348=DIRECTION('',(0,-1,0));
#5349=FACE_SURFACE('',(#5354),#5350,.T.);
#5350=PLANE('',#5351);
#5351=AXIS2_PLACEMENT_3D('',#127,#5352,#5353);
#5352=DIRECTION('',(-0.608769895364981,0,0.7933468437558129));
#5353=DIRECTION('',(0,1,0));
#5354=FACE_BOUND('',#5355,.T.);
#5355=EDGE_LOOP('',(#5356,#5357,#5358));
#5356=ORIENTED_EDGE('',*,*,#5359,.T.);
#5357=ORIENTED_EDGE('',*,*,#5360,.T.);
#5358=ORIENTED_EDGE('',*,*,#5361,.T.);
#5359=EDGE_CURVE('',#128,#356,#5362,.F.);
#5360=EDGE_CURVE('',#356,#130,#5363,.T.);
#5361=EDGE_CURVE('',#130,#128,#5364,.T.);
#5362=LINE('',#127,#5365);
#5363=LINE('',#355,#5366);
#5364=LINE('',#129,#5367);
#5365=VECTOR('',#5368,1.0);
#5366=VECTOR('',#5369,1.0);
#5367=VECTOR('',#5370,1.0);
#5368=DIRECTION('',(0,1,0));
#5369=DIRECTION('',(-0.045945864886786994,-0.9983215775192193,-0.03525628113318871));
#5370=DIRECTION('',(0.7933468437558128,0,0.6087698953649809));
#5371=FACE_SURFACE('',(#5376),#5372,.T.);
#5372=PLANE('',#5373);
#5373=AXIS2_PLACEMENT_3D('',#129,#5374,#5375);
#5374=DIRECTION('',(-0.608769895364981,0,0.7933468437558129));
#5375=DIRECTION('',(0.045945864886786994,0.9983215775192193,0.03525628113318871));
#5376=FACE_BOUND('',#5377,.T.);
#5377=EDGE_LOOP('',(#5378,#5379,#5380));
#5378=ORIENTED_EDGE('',*,*,#5381,.T.);
#5379=ORIENTED_EDGE('',*,*,#5382,.T.);
#5380=ORIENTED_EDGE('',*,*,#5383,.T.);
#5381=EDGE_CURVE('',#130,#356,#5384,.F.);
#5382=EDGE_CURVE('',#356,#354,#5385,.T.);
#5383=EDGE_CURVE('',#354,#130,#5386,.T.);
#5384=LINE('',#129,#5387);
#5385=LINE('',#355,#5388);
#5386=LINE('',#353,#5389);
#5387=VECTOR('',#5390,1.0);
#5388=VECTOR('',#5391,1.0);
#5389=VECTOR('',#5392,1.0);
#5390=DIRECTION('',(0.045945864886786994,0.9983215775192193,0.03525628113318871));
#5391=DIRECTION('',(-0.7933468437558128,0,-0.6087698953649809));
#5392=DIRECTION('',(0,-1,0));
#5393=FACE_SURFACE('',(#5398),#5394,.T.);
#5394=PLANE('',#5395);
#5395=AXIS2_PLACEMENT_3D('',#129,#5396,#5397);
#5396=DIRECTION('',(-0.38267792686568436,0,0.9238818129445898));
#5397=DIRECTION('',(0,1,0));
#5398=FACE_BOUND('',#5399,.T.);
#5399=EDGE_LOOP('',(#5400,#5401,#5402));
#5400=ORIENTED_EDGE('',*,*,#5403,.T.);
#5401=ORIENTED_EDGE('',*,*,#5404,.T.);
#5402=ORIENTED_EDGE('',*,*,#5405,.T.);
#5403=EDGE_CURVE('',#130,#354,#5406,.F.);
#5404=EDGE_CURVE('',#354,#132,#5407,.T.);
#5405=EDGE_CURVE('',#132,#130,#5408,.T.);
#5406=LINE('',#129,#5409);
#5407=LINE('',#353,#5410);
#5408=LINE('',#131,#5411);
#5409=VECTOR('',#5412,1.0);
#5410=VECTOR('',#5413,1.0);
#5411=VECTOR('',#5414,1.0);
#5412=DIRECTION('',(0,1,0));
#5413=DIRECTION('',(-0.053506484203882695,-0.998321525961433,-0.022162737876344967));
#5414=DIRECTION('',(0.9238818129445898,0,0.38267792686568436));
#5415=FACE_SURFACE('',(#5420),#5416,.T.);
#5416=PLANE('',#5417);
#5417=AXIS2_PLACEMENT_3D('',#131,#5418,#5419);
#5418=DIRECTION('',(-0.38267792686568436,0,0.9238818129445898));
#5419=DIRECTION('',(0.053506484203882695,0.998321525961433,0.022162737876344967));
#5420=FACE_BOUND('',#5421,.T.);
#5421=EDGE_LOOP('',(#5422,#5423,#5424));
#5422=ORIENTED_EDGE('',*,*,#5425,.T.);
#5423=ORIENTED_EDGE('',*,*,#5426,.T.);
#5424=ORIENTED_EDGE('',*,*,#5427,.T.);
#5425=EDGE_CURVE('',#132,#354,#5428,.F.);
#5426=EDGE_CURVE('',#354,#352,#5429,.T.);
#5427=EDGE_CURVE('',#352,#132,#5430,.T.);
#5428=LINE('',#131,#5431);
#5429=LINE('',#353,#5432);
#5430=LINE('',#351,#5433);
#5431=VECTOR('',#5434,1.0);
#5432=VECTOR('',#5435,1.0);
#5433=VECTOR('',#5436,1.0);
#5434=DIRECTION('',(0.053506484203882695,0.998321525961433,0.022162737876344967));
#5435=DIRECTION('',(-0.9238818129445898,0,-0.38267792686568436));
#5436=DIRECTION('',(0,-1,0));
#5437=FACE_SURFACE('',(#5442),#5438,.T.);
#5438=PLANE('',#5439);
#5439=AXIS2_PLACEMENT_3D('',#131,#5440,#5441);
#5440=DIRECTION('',(-0.1305195167981957,0,0.9914457401869079));
#5441=DIRECTION('',(0,1,0));
#5442=FACE_BOUND('',#5443,.T.);
#5443=EDGE_LOOP('',(#5444,#5445,#5446));
#5444=ORIENTED_EDGE('',*,*,#5447,.T.);
#5445=ORIENTED_EDGE('',*,*,#5448,.T.);
#5446=ORIENTED_EDGE('',*,*,#5449,.T.);
#5447=EDGE_CURVE('',#132,#352,#5450,.F.);
#5448=EDGE_CURVE('',#352,#134,#5451,.T.);
#5449=EDGE_CURVE('',#134,#132,#5452,.T.);
#5450=LINE('',#131,#5453);
#5451=LINE('',#351,#5454);
#5452=LINE('',#133,#5455);
#5453=VECTOR('',#5456,1.0);
#5454=VECTOR('',#5457,1.0);
#5455=VECTOR('',#5458,1.0);
#5456=DIRECTION('',(0,1,0));
#5457=DIRECTION('',(-0.05741813418451602,-0.9983216023364552,-0.0075588474744005514));
#5458=DIRECTION('',(0.9914457401869079,0,0.1305195167981957));
#5459=FACE_SURFACE('',(#5464),#5460,.T.);
#5460=PLANE('',#5461);
#5461=AXIS2_PLACEMENT_3D('',#133,#5462,#5463);
#5462=DIRECTION('',(-0.1305195167981957,0,0.9914457401869079));
#5463=DIRECTION('',(0.05741813418451602,0.9983216023364552,0.0075588474744005514));
#5464=FACE_BOUND('',#5465,.T.);
#5465=EDGE_LOOP('',(#5466,#5467,#5468));
#5466=ORIENTED_EDGE('',*,*,#5469,.T.);
#5467=ORIENTED_EDGE('',*,*,#5470,.T.);
#5468=ORIENTED_EDGE('',*,*,#5471,.T.);
#5469=EDGE_CURVE('',#134,#352,#5472,.F.);
#5470=EDGE_CURVE('',#352,#350,#5473,.T.);
#5471=EDGE_CURVE('',#350,#134,#5474,.T.);
#5472=LINE('',#133,#5475);
#5473=LINE('',#351,#5476);
#5474=LINE('',#349,#5477);
#5475=VECTOR('',#5478,1.0);
#5476=VECTOR('',#5479,1.0);
#5477=VECTOR('',#5480,1.0);
#5478=DIRECTION('',(0.05741813418451602,0.9983216023364552,0.0075588474744005514));
#5479=DIRECTION('',(-0.9914457401869079,0,-0.1305195167981957));
#5480=DIRECTION('',(0,-1,0));
#5481=FACE_SURFACE('',(#5486),#5482,.T.);
#5482=PLANE('',#5483);
#5483=AXIS2_PLACEMENT_3D('',#133,#5484,#5485);
#5484=DIRECTION('',(0.1305155512873342,-0,0.9914462622210864));
#5485=DIRECTION('',(0,1,0));
#5486=FACE_BOUND('',#5487,.T.);
#5487=EDGE_LOOP('',(#5488,#5489,#5490));
#5488=ORIENTED_EDGE('',*,*,#5491,.T.);
#5489=ORIENTED_EDGE('',*,*,#5492,.T.);
#5490=ORIENTED_EDGE('',*,*,#5493,.T.);
#5491=EDGE_CURVE('',#134,#350,#5494,.F.);
#5492=EDGE_CURVE('',#350,#136,#5495,.T.);
#5493=EDGE_CURVE('',#136,#134,#5496,.T.);
#5494=LINE('',#133,#5497);
#5495=LINE('',#349,#5498);
#5496=LINE('',#135,#5499);
#5497=VECTOR('',#5500,1.0);
#5498=VECTOR('',#5501,1.0);
#5499=VECTOR('',#5502,1.0);
#5500=DIRECTION('',(0,1,0));
#5501=DIRECTION('',(-0.057419903126985375,-0.9983215006005788,0.007558846704101712));
#5502=DIRECTION('',(0.9914462622210863,0,-0.1305155512873342));
#5503=FACE_SURFACE('',(#5508),#5504,.T.);
#5504=PLANE('',#5505);
#5505=AXIS2_PLACEMENT_3D('',#135,#5506,#5507);
#5506=DIRECTION('',(0.1305155512873342,-0,0.9914462622210864));
#5507=DIRECTION('',(0.057419903126985375,0.9983215006005788,-0.007558846704101712));
#5508=FACE_BOUND('',#5509,.T.);
#5509=EDGE_LOOP('',(#5510,#5511,#5512));
#5510=ORIENTED_EDGE('',*,*,#5513,.T.);
#5511=ORIENTED_EDGE('',*,*,#5514,.T.);
#5512=ORIENTED_EDGE('',*,*,#5515,.T.);
#5513=EDGE_CURVE('',#136,#350,#5516,.F.);
#5514=EDGE_CURVE('',#350,#348,#5517,.T.);
#5515=EDGE_CURVE('',#348,#136,#5518,.T.);
#5516=LINE('',#135,#5519);
#5517=LINE('',#349,#5520);
#5518=LINE('',#347,#5521);
#5519=VECTOR('',#5522,1.0);
#5520=VECTOR('',#5523,1.0);
#5521=VECTOR('',#5524,1.0);
#5522=DIRECTION('',(0.057419903126985375,0.9983215006005788,-0.007558846704101712));
#5523=DIRECTION('',(-0.9914462622210863,0,0.1305155512873342));
#5524=DIRECTION('',(0,-1,0));
#5525=FACE_SURFACE('',(#5530),#5526,.T.);
#5526=PLANE('',#5527);
#5527=AXIS2_PLACEMENT_3D('',#135,#5528,#5529);
#5528=DIRECTION('',(0.3826887616178527,-0,0.9238773250445073));
#5529=DIRECTION('',(0,1,0));
#5530=FACE_BOUND('',#5531,.T.);
#5531=EDGE_LOOP('',(#5532,#5533,#5534));
#5532=ORIENTED_EDGE('',*,*,#5535,.T.);
#5533=ORIENTED_EDGE('',*,*,#5536,.T.);
#5534=ORIENTED_EDGE('',*,*,#5537,.T.);
#5535=EDGE_CURVE('',#136,#348,#5538,.F.);
#5536=EDGE_CURVE('',#348,#138,#5539,.T.);
#5537=EDGE_CURVE('',#138,#136,#5540,.T.);
#5538=LINE('',#135,#5541);
#5539=LINE('',#347,#5542);
#5540=LINE('',#137,#5543);
#5541=VECTOR('',#5544,1.0);
#5542=VECTOR('',#5545,1.0);
#5543=VECTOR('',#5546,1.0);
#5544=DIRECTION('',(0,1,0));
#5545=DIRECTION('',(-0.05350471449094621,-0.9983216207634588,0.02216273998094994));
#5546=DIRECTION('',(0.9238773250445074,0,-0.3826887616178527));
#5547=FACE_SURFACE('',(#5552),#5548,.T.);
#5548=PLANE('',#5549);
#5549=AXIS2_PLACEMENT_3D('',#137,#5550,#5551);
#5550=DIRECTION('',(0.3826887616178527,-0,0.9238773250445073));
#5551=DIRECTION('',(0.05350471449094621,0.9983216207634588,-0.02216273998094994));
#5552=FACE_BOUND('',#5553,.T.);
#5553=EDGE_LOOP('',(#5554,#5555,#5556));
#5554=ORIENTED_EDGE('',*,*,#5557,.T.);
#5555=ORIENTED_EDGE('',*,*,#5558,.T.);
#5556=ORIENTED_EDGE('',*,*,#5559,.T.);
#5557=EDGE_CURVE('',#138,#348,#5560,.F.);
#5558=EDGE_CURVE('',#348,#346,#5561,.T.);
#5559=EDGE_CURVE('',#346,#138,#5562,.T.);
#5560=LINE('',#137,#5563);
#5561=LINE('',#347,#5564);
#5562=LINE('',#345,#5565);
#5563=VECTOR('',#5566,1.0);
#5564=VECTOR('',#5567,1.0);
#5565=VECTOR('',#5568,1.0);
#5566=DIRECTION('',(0.05350471449094621,0.9983216207634588,-0.02216273998094994));
#5567=DIRECTION('',(-0.9238773250445074,0,0.3826887616178527));
#5568=DIRECTION('',(0,-1,0));
#5569=FACE_SURFACE('',(#5574),#5570,.T.);
#5570=PLANE('',#5571);
#5571=AXIS2_PLACEMENT_3D('',#137,#5572,#5573);
#5572=DIRECTION('',(0.6087550949663122,-0,0.7933582005327456));
#5573=DIRECTION('',(0,1,0));
#5574=FACE_BOUND('',#5575,.T.);
#5575=EDGE_LOOP('',(#5576,#5577,#5578));
#5576=ORIENTED_EDGE('',*,*,#5579,.T.);
#5577=ORIENTED_EDGE('',*,*,#5580,.T.);
#5578=ORIENTED_EDGE('',*,*,#5581,.T.);
#5579=EDGE_CURVE('',#138,#346,#5582,.F.);
#5580=EDGE_CURVE('',#346,#140,#5583,.T.);
#5581=EDGE_CURVE('',#140,#138,#5584,.T.);
#5582=LINE('',#137,#5585);
#5583=LINE('',#345,#5586);
#5584=LINE('',#139,#5587);
#5585=VECTOR('',#5588,1.0);
#5586=VECTOR('',#5589,1.0);
#5587=VECTOR('',#5590,1.0);
#5588=DIRECTION('',(0,1,0));
#5589=DIRECTION('',(-0.04594763593385473,-0.9983214961100816,0.03525627825817978));
#5590=DIRECTION('',(0.7933582005327457,0,-0.6087550949663122));
#5591=FACE_SURFACE('',(#5596),#5592,.T.);
#5592=PLANE('',#5593);
#5593=AXIS2_PLACEMENT_3D('',#139,#5594,#5595);
#5594=DIRECTION('',(0.6087550949663122,-0,0.7933582005327456));
#5595=DIRECTION('',(0.04594763593385473,0.9983214961100816,-0.03525627825817978));
#5596=FACE_BOUND('',#5597,.T.);
#5597=EDGE_LOOP('',(#5598,#5599,#5600));
#5598=ORIENTED_EDGE('',*,*,#5601,.T.);
#5599=ORIENTED_EDGE('',*,*,#5602,.T.);
#5600=ORIENTED_EDGE('',*,*,#5603,.T.);
#5601=EDGE_CURVE('',#140,#346,#5604,.F.);
#5602=EDGE_CURVE('',#346,#344,#5605,.T.);
#5603=EDGE_CURVE('',#344,#140,#5606,.T.);
#5604=LINE('',#139,#5607);
#5605=LINE('',#345,#5608);
#5606=LINE('',#343,#5609);
#5607=VECTOR('',#5610,1.0);
#5608=VECTOR('',#5611,1.0);
#5609=VECTOR('',#5612,1.0);
#5610=DIRECTION('',(0.04594763593385473,0.9983214961100816,-0.03525627825817978));
#5611=DIRECTION('',(-0.7933582005327457,0,0.6087550949663122));
#5612=DIRECTION('',(0,-1,0));
#5613=FACE_SURFACE('',(#5618),#5614,.T.);
#5614=PLANE('',#5615);
#5615=AXIS2_PLACEMENT_3D('',#139,#5616,#5617);
#5616=DIRECTION('',(0.7933525222478303,-0,0.608762495102159));
#5617=DIRECTION('',(0,1,0));
#5618=FACE_BOUND('',#5619,.T.);
#5619=EDGE_LOOP('',(#5620,#5621,#5622));
#5620=ORIENTED_EDGE('',*,*,#5623,.T.);
#5621=ORIENTED_EDGE('',*,*,#5624,.T.);
#5622=ORIENTED_EDGE('',*,*,#5625,.T.);
#5623=EDGE_CURVE('',#140,#344,#5626,.F.);
#5624=EDGE_CURVE('',#344,#142,#5627,.T.);
#5625=EDGE_CURVE('',#142,#140,#5628,.T.);
#5626=LINE('',#139,#5629);
#5627=LINE('',#343,#5630);
#5628=LINE('',#141,#5631);
#5629=VECTOR('',#5632,1.0);
#5630=VECTOR('',#5633,1.0);
#5631=VECTOR('',#5634,1.0);
#5632=DIRECTION('',(0,1,0));
#5633=DIRECTION('',(-0.035256279695698035,-0.998321536815041,0.045946750410376595));
#5634=DIRECTION('',(0.608762495102159,0,-0.7933525222478303));
#5635=FACE_SURFACE('',(#5640),#5636,.T.);
#5636=PLANE('',#5637);
#5637=AXIS2_PLACEMENT_3D('',#141,#5638,#5639);
#5638=DIRECTION('',(0.7933525222478303,-0,0.608762495102159));
#5639=DIRECTION('',(0.035256279695698035,0.998321536815041,-0.045946750410376595));
#5640=FACE_BOUND('',#5641,.T.);
#5641=EDGE_LOOP('',(#5642,#5643,#5644));
#5642=ORIENTED_EDGE('',*,*,#5645,.T.);
#5643=ORIENTED_EDGE('',*,*,#5646,.T.);
#5644=ORIENTED_EDGE('',*,*,#5647,.T.);
#5645=EDGE_CURVE('',#142,#344,#5648,.F.);
#5646=EDGE_CURVE('',#344,#342,#5649,.T.);
#5647=EDGE_CURVE('',#342,#142,#5650,.T.);
#5648=LINE('',#141,#5651);
#5649=LINE('',#343,#5652);
#5650=LINE('',#341,#5653);
#5651=VECTOR('',#5654,1.0);
#5652=VECTOR('',#5655,1.0);
#5653=VECTOR('',#5656,1.0);
#5654=DIRECTION('',(0.035256279695698035,0.998321536815041,-0.045946750410376595));
#5655=DIRECTION('',(-0.608762495102159,0,0.7933525222478303));
#5656=DIRECTION('',(0,-1,0));
#5657=FACE_SURFACE('',(#5662),#5658,.T.);
#5658=PLANE('',#5659);
#5659=AXIS2_PLACEMENT_3D('',#141,#5660,#5661);
#5660=DIRECTION('',(0.9238849863574918,-0,0.3826702653502323));
#5661=DIRECTION('',(0,1,0));
#5662=FACE_BOUND('',#5663,.T.);
#5663=EDGE_LOOP('',(#5664,#5665,#5666));
#5664=ORIENTED_EDGE('',*,*,#5667,.T.);
#5665=ORIENTED_EDGE('',*,*,#5668,.T.);
#5666=ORIENTED_EDGE('',*,*,#5669,.T.);
#5667=EDGE_CURVE('',#142,#342,#5670,.F.);
#5668=EDGE_CURVE('',#342,#144,#5671,.T.);
#5669=EDGE_CURVE('',#144,#142,#5672,.T.);
#5670=LINE('',#141,#5673);
#5671=LINE('',#341,#5674);
#5672=LINE('',#143,#5675);
#5673=VECTOR('',#5676,1.0);
#5674=VECTOR('',#5677,1.0);
#5675=VECTOR('',#5678,1.0);
#5676=DIRECTION('',(0,1,0));
#5677=DIRECTION('',(-0.022161851967552774,-0.9983215929965803,0.053505600399758935));
#5678=DIRECTION('',(0.3826702653502323,0,-0.9238849863574917));
#5679=FACE_SURFACE('',(#5684),#5680,.T.);
#5680=PLANE('',#5681);
#5681=AXIS2_PLACEMENT_3D('',#143,#5682,#5683);
#5682=DIRECTION('',(0.9238849863574918,-0,0.3826702653502323));
#5683=DIRECTION('',(0.022161851967552774,0.9983215929965803,-0.053505600399758935));
#5684=FACE_BOUND('',#5685,.T.);
#5685=EDGE_LOOP('',(#5686,#5687,#5688));
#5686=ORIENTED_EDGE('',*,*,#5689,.T.);
#5687=ORIENTED_EDGE('',*,*,#5690,.T.);
#5688=ORIENTED_EDGE('',*,*,#5691,.T.);
#5689=EDGE_CURVE('',#144,#342,#5692,.F.);
#5690=EDGE_CURVE('',#342,#340,#5693,.T.);
#5691=EDGE_CURVE('',#340,#144,#5694,.T.);
#5692=LINE('',#143,#5695);
#5693=LINE('',#341,#5696);
#5694=LINE('',#339,#5697);
#5695=VECTOR('',#5698,1.0);
#5696=VECTOR('',#5699,1.0);
#5697=VECTOR('',#5700,1.0);
#5698=DIRECTION('',(0.022161851967552774,0.9983215929965803,-0.053505600399758935));
#5699=DIRECTION('',(-0.3826702653502323,0,0.9238849863574917));
#5700=DIRECTION('',(0,-1,0));
#5701=FACE_SURFACE('',(#5706),#5702,.T.);
#5702=PLANE('',#5703);
#5703=AXIS2_PLACEMENT_3D('',#143,#5704,#5705);
#5704=DIRECTION('',(0.991446001209938,-0,0.13051753401295846));
#5705=DIRECTION('',(0,1,0));
#5706=FACE_BOUND('',#5707,.T.);
#5707=EDGE_LOOP('',(#5708,#5709,#5710));
#5708=ORIENTED_EDGE('',*,*,#5711,.T.);
#5709=ORIENTED_EDGE('',*,*,#5712,.T.);
#5710=ORIENTED_EDGE('',*,*,#5713,.T.);
#5711=EDGE_CURVE('',#144,#340,#5714,.F.);
#5712=EDGE_CURVE('',#340,#146,#5715,.T.);
#5713=EDGE_CURVE('',#146,#144,#5716,.T.);
#5714=LINE('',#143,#5717);
#5715=LINE('',#339,#5718);
#5716=LINE('',#145,#5719);
#5717=VECTOR('',#5720,1.0);
#5718=VECTOR('',#5721,1.0);
#5719=VECTOR('',#5722,1.0);
#5720=DIRECTION('',(0,1,0));
#5721=DIRECTION('',(-0.007558847089257231,-0.9983215514689062,0.057419018655818305));
#5722=DIRECTION('',(0.13051753401295846,0,-0.9914460012099379));
#5723=FACE_SURFACE('',(#5728),#5724,.T.);
#5724=PLANE('',#5725);
#5725=AXIS2_PLACEMENT_3D('',#145,#5726,#5727);
#5726=DIRECTION('',(0.991446001209938,-0,0.13051753401295846));
#5727=DIRECTION('',(0.007558847089257231,0.9983215514689062,-0.057419018655818305));
#5728=FACE_BOUND('',#5729,.T.);
#5729=EDGE_LOOP('',(#5730,#5731,#5732));
#5730=ORIENTED_EDGE('',*,*,#5733,.T.);
#5731=ORIENTED_EDGE('',*,*,#5734,.T.);
#5732=ORIENTED_EDGE('',*,*,#5735,.T.);
#5733=EDGE_CURVE('',#146,#340,#5736,.F.);
#5734=EDGE_CURVE('',#340,#338,#5737,.T.);
#5735=EDGE_CURVE('',#338,#146,#5738,.T.);
#5736=LINE('',#145,#5739);
#5737=LINE('',#339,#5740);
#5738=LINE('',#337,#5741);
#5739=VECTOR('',#5742,1.0);
#5740=VECTOR('',#5743,1.0);
#5741=VECTOR('',#5744,1.0);
#5742=DIRECTION('',(0.007558847089257231,0.9983215514689062,-0.057419018655818305));
#5743=DIRECTION('',(-0.13051753401295846,0,0.9914460012099379));
#5744=DIRECTION('',(0,-1,0));
#5745=FACE_SURFACE('',(#5750),#5746,.T.);
#5746=PLANE('',#5747);
#5747=AXIS2_PLACEMENT_3D('',#145,#5748,#5749);
#5748=DIRECTION('',(0.991446001209938,0,-0.13051753401295846));
#5749=DIRECTION('',(0,1,0));
#5750=FACE_BOUND('',#5751,.T.);
#5751=EDGE_LOOP('',(#5752,#5753,#5754));
#5752=ORIENTED_EDGE('',*,*,#5755,.T.);
#5753=ORIENTED_EDGE('',*,*,#5756,.T.);
#5754=ORIENTED_EDGE('',*,*,#5757,.T.);
#5755=EDGE_CURVE('',#146,#338,#5758,.F.);
#5756=EDGE_CURVE('',#338,#148,#5759,.T.);
#5757=EDGE_CURVE('',#148,#146,#5760,.T.);
#5758=LINE('',#145,#5761);
#5759=LINE('',#337,#5762);
#5760=LINE('',#147,#5763);
#5761=VECTOR('',#5764,1.0);
#5762=VECTOR('',#5765,1.0);
#5763=VECTOR('',#5766,1.0);
#5764=DIRECTION('',(0,1,0));
#5765=DIRECTION('',(0.007558847089257231,-0.9983215514689062,0.057419018655818305));
#5766=DIRECTION('',(-0.13051753401295846,0,-0.9914460012099379));
#5767=FACE_SURFACE('',(#5772),#5768,.T.);
#5768=PLANE('',#5769);
#5769=AXIS2_PLACEMENT_3D('',#147,#5770,#5771);
#5770=DIRECTION('',(0.991446001209938,0,-0.13051753401295846));
#5771=DIRECTION('',(-0.007558847089257231,0.9983215514689062,-0.057419018655818305));
#5772=FACE_BOUND('',#5773,.T.);
#5773=EDGE_LOOP('',(#5774,#5775,#5776));
#5774=ORIENTED_EDGE('',*,*,#5777,.T.);
#5775=ORIENTED_EDGE('',*,*,#5778,.T.);
#5776=ORIENTED_EDGE('',*,*,#5779,.T.);
#5777=EDGE_CURVE('',#148,#338,#5780,.F.);
#5778=EDGE_CURVE('',#338,#336,#5781,.T.);
#5779=EDGE_CURVE('',#336,#148,#5782,.T.);
#5780=LINE('',#147,#5783);
#5781=LINE('',#337,#5784);
#5782=LINE('',#335,#5785);
#5783=VECTOR('',#5786,1.0);
#5784=VECTOR('',#5787,1.0);
#5785=VECTOR('',#5788,1.0);
#5786=DIRECTION('',(-0.007558847089257231,0.9983215514689062,-0.057419018655818305));
#5787=DIRECTION('',(0.13051753401295846,0,0.9914460012099379));
#5788=DIRECTION('',(0,-1,0));
#5789=FACE_SURFACE('',(#5794),#5790,.T.);
#5790=PLANE('',#5791);
#5791=AXIS2_PLACEMENT_3D('',#147,#5792,#5793);
#5792=DIRECTION('',(0.9238849863574918,0,-0.3826702653502323));
#5793=DIRECTION('',(0,1,0));
#5794=FACE_BOUND('',#5795,.T.);
#5795=EDGE_LOOP('',(#5796,#5797,#5798));
#5796=ORIENTED_EDGE('',*,*,#5799,.T.);
#5797=ORIENTED_EDGE('',*,*,#5800,.T.);
#5798=ORIENTED_EDGE('',*,*,#5801,.T.);
#5799=EDGE_CURVE('',#148,#336,#5802,.F.);
#5800=EDGE_CURVE('',#336,#150,#5803,.T.);
#5801=EDGE_CURVE('',#150,#148,#5804,.T.);
#5802=LINE('',#147,#5805);
#5803=LINE('',#335,#5806);
#5804=LINE('',#149,#5807);
#5805=VECTOR('',#5808,1.0);
#5806=VECTOR('',#5809,1.0);
#5807=VECTOR('',#5810,1.0);
#5808=DIRECTION('',(0,1,0));
#5809=DIRECTION('',(0.022161851967552774,-0.9983215929965803,0.053505600399758935));
#5810=DIRECTION('',(-0.3826702653502323,0,-0.9238849863574917));
#5811=FACE_SURFACE('',(#5816),#5812,.T.);
#5812=PLANE('',#5813);
#5813=AXIS2_PLACEMENT_3D('',#149,#5814,#5815);
#5814=DIRECTION('',(0.9238849863574918,0,-0.3826702653502323));
#5815=DIRECTION('',(-0.022161851967552774,0.9983215929965803,-0.053505600399758935));
#5816=FACE_BOUND('',#5817,.T.);
#5817=EDGE_LOOP('',(#5818,#5819,#5820));
#5818=ORIENTED_EDGE('',*,*,#5821,.T.);
#5819=ORIENTED_EDGE('',*,*,#5822,.T.);
#5820=ORIENTED_EDGE('',*,*,#5823,.T.);
#5821=EDGE_CURVE('',#150,#336,#5824,.F.);
#5822=EDGE_CURVE('',#336,#334,#5825,.T.);
#5823=EDGE_CURVE('',#334,#150,#5826,.T.);
#5824=LINE('',#149,#5827);
#5825=LINE('',#335,#5828);
#5826=LINE('',#333,#5829);
#5827=VECTOR('',#5830,1.0);
#5828=VECTOR('',#5831,1.0);
#5829=VECTOR('',#5832,1.0);
#5830=DIRECTION('',(-0.022161851967552774,0.9983215929965803,-0.053505600399758935));
#5831=DIRECTION('',(0.3826702653502323,0,0.9238849863574917));
#5832=DIRECTION('',(0,-1,0));
#5833=FACE_SURFACE('',(#5838),#5834,.T.);
#5834=PLANE('',#5835);
#5835=AXIS2_PLACEMENT_3D('',#149,#5836,#5837);
#5836=DIRECTION('',(0.7933525222478303,0,-0.608762495102159));
#5837=DIRECTION('',(0,1,0));
#5838=FACE_BOUND('',#5839,.T.);
#5839=EDGE_LOOP('',(#5840,#5841,#5842));
#5840=ORIENTED_EDGE('',*,*,#5843,.T.);
#5841=ORIENTED_EDGE('',*,*,#5844,.T.);
#5842=ORIENTED_EDGE('',*,*,#5845,.T.);
#5843=EDGE_CURVE('',#150,#334,#5846,.F.);
#5844=EDGE_CURVE('',#334,#152,#5847,.T.);
#5845=EDGE_CURVE('',#152,#150,#5848,.T.);
#5846=LINE('',#149,#5849);
#5847=LINE('',#333,#5850);
#5848=LINE('',#151,#5851);
#5849=VECTOR('',#5852,1.0);
#5850=VECTOR('',#5853,1.0);
#5851=VECTOR('',#5854,1.0);
#5852=DIRECTION('',(0,1,0));
#5853=DIRECTION('',(0.035256279695698035,-0.998321536815041,0.045946750410376595));
#5854=DIRECTION('',(-0.608762495102159,0,-0.7933525222478303));
#5855=FACE_SURFACE('',(#5860),#5856,.T.);
#5856=PLANE('',#5857);
#5857=AXIS2_PLACEMENT_3D('',#151,#5858,#5859);
#5858=DIRECTION('',(0.7933525222478303,0,-0.608762495102159));
#5859=DIRECTION('',(-0.035256279695698035,0.998321536815041,-0.045946750410376595));
#5860=FACE_BOUND('',#5861,.T.);
#5861=EDGE_LOOP('',(#5862,#5863,#5864));
#5862=ORIENTED_EDGE('',*,*,#5865,.T.);
#5863=ORIENTED_EDGE('',*,*,#5866,.T.);
#5864=ORIENTED_EDGE('',*,*,#5867,.T.);
#5865=EDGE_CURVE('',#152,#334,#5868,.F.);
#5866=EDGE_CURVE('',#334,#332,#5869,.T.);
#5867=EDGE_CURVE('',#332,#152,#5870,.T.);
#5868=LINE('',#151,#5871);
#5869=LINE('',#333,#5872);
#5870=LINE('',#331,#5873);
#5871=VECTOR('',#5874,1.0);
#5872=VECTOR('',#5875,1.0);
#5873=VECTOR('',#5876,1.0);
#5874=DIRECTION('',(-0.035256279695698035,0.998321536815041,-0.045946750410376595));
#5875=DIRECTION('',(0.608762495102159,0,0.7933525222478303));
#5876=DIRECTION('',(0,-1,0));
#5877=FACE_SURFACE('',(#5882),#5878,.T.);
#5878=PLANE('',#5879);
#5879=AXIS2_PLACEMENT_3D('',#151,#5880,#5881);
#5880=DIRECTION('',(0.6087550949663122,0,-0.7933582005327456));
#5881=DIRECTION('',(0,1,0));
#5882=FACE_BOUND('',#5883,.T.);
#5883=EDGE_LOOP('',(#5884,#5885,#5886));
#5884=ORIENTED_EDGE('',*,*,#5887,.T.);
#5885=ORIENTED_EDGE('',*,*,#5888,.T.);
#5886=ORIENTED_EDGE('',*,*,#5889,.T.);
#5887=EDGE_CURVE('',#152,#332,#5890,.F.);
#5888=EDGE_CURVE('',#332,#154,#5891,.T.);
#5889=EDGE_CURVE('',#154,#152,#5892,.T.);
#5890=LINE('',#151,#5893);
#5891=LINE('',#331,#5894);
#5892=LINE('',#153,#5895);
#5893=VECTOR('',#5896,1.0);
#5894=VECTOR('',#5897,1.0);
#5895=VECTOR('',#5898,1.0);
#5896=DIRECTION('',(0,1,0));
#5897=DIRECTION('',(0.04594763593385473,-0.9983214961100816,0.03525627825817978));
#5898=DIRECTION('',(-0.7933582005327457,0,-0.6087550949663122));
#5899=FACE_SURFACE('',(#5904),#5900,.T.);
#5900=PLANE('',#5901);
#5901=AXIS2_PLACEMENT_3D('',#153,#5902,#5903);
#5902=DIRECTION('',(0.6087550949663122,0,-0.7933582005327456));
#5903=DIRECTION('',(-0.04594763593385473,0.9983214961100816,-0.03525627825817978));
#5904=FACE_BOUND('',#5905,.T.);
#5905=EDGE_LOOP('',(#5906,#5907,#5908));
#5906=ORIENTED_EDGE('',*,*,#5909,.T.);
#5907=ORIENTED_EDGE('',*,*,#5910,.T.);
#5908=ORIENTED_EDGE('',*,*,#5911,.T.);
#5909=EDGE_CURVE('',#154,#332,#5912,.F.);
#5910=EDGE_CURVE('',#332,#330,#5913,.T.);
#5911=EDGE_CURVE('',#330,#154,#5914,.T.);
#5912=LINE('',#153,#5915);
#5913=LINE('',#331,#5916);
#5914=LINE('',#329,#5917);
#5915=VECTOR('',#5918,1.0);
#5916=VECTOR('',#5919,1.0);
#5917=VECTOR('',#5920,1.0);
#5918=DIRECTION('',(-0.04594763593385473,0.9983214961100816,-0.03525627825817978));
#5919=DIRECTION('',(0.7933582005327457,0,0.6087550949663122));
#5920=DIRECTION('',(0,-1,0));
#5921=FACE_SURFACE('',(#5926),#5922,.T.);
#5922=PLANE('',#5923);
#5923=AXIS2_PLACEMENT_3D('',#153,#5924,#5925);
#5924=DIRECTION('',(0.382675682674809,0,-0.9238827425000258));
#5925=DIRECTION('',(0,1,0));
#5926=FACE_BOUND('',#5927,.T.);
#5927=EDGE_LOOP('',(#5928,#5929,#5930));
#5928=ORIENTED_EDGE('',*,*,#5931,.T.);
#5929=ORIENTED_EDGE('',*,*,#5932,.T.);
#5930=ORIENTED_EDGE('',*,*,#5933,.T.);
#5931=EDGE_CURVE('',#154,#330,#5934,.F.);
#5932=EDGE_CURVE('',#330,#156,#5935,.T.);
#5933=EDGE_CURVE('',#156,#154,#5936,.T.);
#5934=LINE('',#153,#5937);
#5935=LINE('',#329,#5938);
#5936=LINE('',#155,#5939);
#5937=VECTOR('',#5940,1.0);
#5938=VECTOR('',#5941,1.0);
#5939=VECTOR('',#5942,1.0);
#5940=DIRECTION('',(0,1,0));
#5941=DIRECTION('',(0.053504715543210374,-0.9983216403972064,0.02216185301980454));
#5942=DIRECTION('',(-0.9238827425000258,0,-0.382675682674809));
#5943=FACE_SURFACE('',(#5948),#5944,.T.);
#5944=PLANE('',#5945);
#5945=AXIS2_PLACEMENT_3D('',#155,#5946,#5947);
#5946=DIRECTION('',(0.382675682674809,0,-0.9238827425000258));
#5947=DIRECTION('',(-0.053504715543210374,0.9983216403972064,-0.02216185301980454));
#5948=FACE_BOUND('',#5949,.T.);
#5949=EDGE_LOOP('',(#5950,#5951,#5952));
#5950=ORIENTED_EDGE('',*,*,#5953,.T.);
#5951=ORIENTED_EDGE('',*,*,#5954,.T.);
#5952=ORIENTED_EDGE('',*,*,#5955,.T.);
#5953=EDGE_CURVE('',#156,#330,#5956,.F.);
#5954=EDGE_CURVE('',#330,#328,#5957,.T.);
#5955=EDGE_CURVE('',#328,#156,#5958,.T.);
#5956=LINE('',#155,#5959);
#5957=LINE('',#329,#5960);
#5958=LINE('',#327,#5961);
#5959=VECTOR('',#5962,1.0);
#5960=VECTOR('',#5963,1.0);
#5961=VECTOR('',#5964,1.0);
#5962=DIRECTION('',(-0.053504715543210374,0.9983216403972064,-0.02216185301980454));
#5963=DIRECTION('',(0.9238827425000258,0,0.382675682674809));
#5964=DIRECTION('',(0,-1,0));
#5965=FACE_SURFACE('',(#5970),#5966,.T.);
#5966=PLANE('',#5967);
#5967=AXIS2_PLACEMENT_3D('',#155,#5968,#5969);
#5968=DIRECTION('',(0.13053061256044057,0,-0.9914442794149332));
#5969=DIRECTION('',(0,1,0));
#5970=FACE_BOUND('',#5971,.T.);
#5971=EDGE_LOOP('',(#5972,#5973,#5974));
#5972=ORIENTED_EDGE('',*,*,#5975,.T.);
#5973=ORIENTED_EDGE('',*,*,#5976,.T.);
#5974=ORIENTED_EDGE('',*,*,#5977,.T.);
#5975=EDGE_CURVE('',#156,#328,#5978,.F.);
#5976=EDGE_CURVE('',#328,#158,#5979,.T.);
#5977=EDGE_CURVE('',#158,#156,#5980,.T.);
#5978=LINE('',#155,#5981);
#5979=LINE('',#327,#5982);
#5980=LINE('',#157,#5983);
#5981=VECTOR('',#5984,1.0);
#5982=VECTOR('',#5985,1.0);
#5983=VECTOR('',#5986,1.0);
#5984=DIRECTION('',(0,1,0));
#5985=DIRECTION('',(0.05741990274180746,-0.9983214939037477,0.007559734050280665));
#5986=DIRECTION('',(-0.9914442794149332,0,-0.13053061256044057));
#5987=FACE_SURFACE('',(#5992),#5988,.T.);
#5988=PLANE('',#5989);
#5989=AXIS2_PLACEMENT_3D('',#157,#5990,#5991);
#5990=DIRECTION('',(0.13053061256044057,0,-0.9914442794149332));
#5991=DIRECTION('',(-0.05741990274180746,0.9983214939037477,-0.007559734050280665));
#5992=FACE_BOUND('',#5993,.T.);
#5993=EDGE_LOOP('',(#5994,#5995,#5996));
#5994=ORIENTED_EDGE('',*,*,#5997,.T.);
#5995=ORIENTED_EDGE('',*,*,#5998,.T.);
#5996=ORIENTED_EDGE('',*,*,#5999,.T.);
#5997=EDGE_CURVE('',#158,#328,#6000,.F.);
#5998=EDGE_CURVE('',#328,#326,#6001,.T.);
#5999=EDGE_CURVE('',#326,#158,#6002,.T.);
#6000=LINE('',#157,#6003);
#6001=LINE('',#327,#6004);
#6002=LINE('',#325,#6005);
#6003=VECTOR('',#6006,1.0);
#6004=VECTOR('',#6007,1.0);
#6005=VECTOR('',#6008,1.0);
#6006=DIRECTION('',(-0.05741990274180746,0.9983214939037477,-0.007559734050280665));
#6007=DIRECTION('',(0.9914442794149332,0,0.13053061256044057));
#6008=DIRECTION('',(0,-1,0));
#6009=FACE_SURFACE('',(#6014),#6010,.T.);
#6010=PLANE('',#6011);
#6011=AXIS2_PLACEMENT_3D('',#157,#6012,#6013);
#6012=DIRECTION('',(-0.13053457851305142,0,-0.9914437572613084));
#6013=DIRECTION('',(0,1,0));
#6014=FACE_BOUND('',#6015,.T.);
#6015=EDGE_LOOP('',(#6016,#6017,#6018));
#6016=ORIENTED_EDGE('',*,*,#6019,.T.);
#6017=ORIENTED_EDGE('',*,*,#6020,.T.);
#6018=ORIENTED_EDGE('',*,*,#6021,.T.);
#6019=EDGE_CURVE('',#158,#326,#6022,.F.);
#6020=EDGE_CURVE('',#326,#160,#6023,.T.);
#6021=EDGE_CURVE('',#160,#158,#6024,.T.);
#6022=LINE('',#157,#6025);
#6023=LINE('',#325,#6026);
#6024=LINE('',#159,#6027);
#6025=VECTOR('',#6028,1.0);
#6026=VECTOR('',#6029,1.0);
#6027=VECTOR('',#6030,1.0);
#6028=DIRECTION('',(0,1,0));
#6029=DIRECTION('',(0.0574181337993499,-0.9983215956396221,-0.007559734820669922));
#6030=DIRECTION('',(-0.9914437572613084,0,0.13053457851305142));
#6031=FACE_SURFACE('',(#6036),#6032,.T.);
#6032=PLANE('',#6033);
#6033=AXIS2_PLACEMENT_3D('',#159,#6034,#6035);
#6034=DIRECTION('',(-0.13053457851305142,0,-0.9914437572613084));
#6035=DIRECTION('',(-0.0574181337993499,0.9983215956396221,0.007559734820669922));
#6036=FACE_BOUND('',#6037,.T.);
#6037=EDGE_LOOP('',(#6038,#6039,#6040));
#6038=ORIENTED_EDGE('',*,*,#6041,.T.);
#6039=ORIENTED_EDGE('',*,*,#6042,.T.);
#6040=ORIENTED_EDGE('',*,*,#6043,.T.);
#6041=EDGE_CURVE('',#160,#326,#6044,.F.);
#6042=EDGE_CURVE('',#326,#324,#6045,.T.);
#6043=EDGE_CURVE('',#324,#160,#6046,.T.);
#6044=LINE('',#159,#6047);
#6045=LINE('',#325,#6048);
#6046=LINE('',#323,#6049);
#6047=VECTOR('',#6050,1.0);
#6048=VECTOR('',#6051,1.0);
#6049=VECTOR('',#6052,1.0);
#6050=DIRECTION('',(-0.0574181337993499,0.9983215956396221,0.007559734820669922));
#6051=DIRECTION('',(0.9914437572613084,0,-0.13053457851305142));
#6052=DIRECTION('',(0,-1,0));
#6053=FACE_SURFACE('',(#6058),#6054,.T.);
#6054=PLANE('',#6055);
#6055=AXIS2_PLACEMENT_3D('',#159,#6056,#6057);
#6056=DIRECTION('',(-0.38266484816587715,0,-0.9238872301196647));
#6057=DIRECTION('',(0,1,0));
#6058=FACE_BOUND('',#6059,.T.);
#6059=EDGE_LOOP('',(#6060,#6061,#6062));
#6060=ORIENTED_EDGE('',*,*,#6063,.T.);
#6061=ORIENTED_EDGE('',*,*,#6064,.T.);
#6062=ORIENTED_EDGE('',*,*,#6065,.T.);
#6063=EDGE_CURVE('',#160,#324,#6066,.F.);
#6064=EDGE_CURVE('',#324,#162,#6067,.T.);
#6065=EDGE_CURVE('',#162,#160,#6068,.T.);
#6066=LINE('',#159,#6069);
#6067=LINE('',#323,#6070);
#6068=LINE('',#161,#6071);
#6069=VECTOR('',#6072,1.0);
#6070=VECTOR('',#6073,1.0);
#6071=VECTOR('',#6074,1.0);
#6072=DIRECTION('',(0,1,0));
#6073=DIRECTION('',(0.05350648525618145,-0.9983215455951749,-0.02216185091528371));
#6074=DIRECTION('',(-0.9238872301196647,0,0.38266484816587715));
#6075=FACE_SURFACE('',(#6080),#6076,.T.);
#6076=PLANE('',#6077);
#6077=AXIS2_PLACEMENT_3D('',#161,#6078,#6079);
#6078=DIRECTION('',(-0.38266484816587715,0,-0.9238872301196647));
#6079=DIRECTION('',(-0.05350648525618145,0.9983215455951749,0.02216185091528371));
#6080=FACE_BOUND('',#6081,.T.);
#6081=EDGE_LOOP('',(#6082,#6083,#6084));
#6082=ORIENTED_EDGE('',*,*,#6085,.T.);
#6083=ORIENTED_EDGE('',*,*,#6086,.T.);
#6084=ORIENTED_EDGE('',*,*,#6087,.T.);
#6085=EDGE_CURVE('',#162,#324,#6088,.F.);
#6086=EDGE_CURVE('',#324,#322,#6089,.T.);
#6087=EDGE_CURVE('',#322,#162,#6090,.T.);
#6088=LINE('',#161,#6091);
#6089=LINE('',#323,#6092);
#6090=LINE('',#321,#6093);
#6091=VECTOR('',#6094,1.0);
#6092=VECTOR('',#6095,1.0);
#6093=VECTOR('',#6096,1.0);
#6094=DIRECTION('',(-0.05350648525618145,0.9983215455951749,0.02216185091528371));
#6095=DIRECTION('',(0.9238872301196647,0,-0.38266484816587715));
#6096=DIRECTION('',(0,-1,0));
#6097=FACE_SURFACE('',(#6102),#6098,.T.);
#6098=PLANE('',#6099);
#6099=AXIS2_PLACEMENT_3D('',#161,#6100,#6101);
#6100=DIRECTION('',(-0.608769895364981,0,-0.7933468437558129));
#6101=DIRECTION('',(0,1,0));
#6102=FACE_BOUND('',#6103,.T.);
#6103=EDGE_LOOP('',(#6104,#6105,#6106));
#6104=ORIENTED_EDGE('',*,*,#6107,.T.);
#6105=ORIENTED_EDGE('',*,*,#6108,.T.);
#6106=ORIENTED_EDGE('',*,*,#6109,.T.);
#6107=EDGE_CURVE('',#162,#322,#6110,.F.);
#6108=EDGE_CURVE('',#322,#164,#6111,.T.);
#6109=EDGE_CURVE('',#164,#162,#6112,.T.);
#6110=LINE('',#161,#6113);
#6111=LINE('',#321,#6114);
#6112=LINE('',#163,#6115);
#6113=VECTOR('',#6116,1.0);
#6114=VECTOR('',#6117,1.0);
#6115=VECTOR('',#6118,1.0);
#6116=DIRECTION('',(0,1,0));
#6117=DIRECTION('',(0.045945864886786994,-0.9983215775192193,-0.03525628113318871));
#6118=DIRECTION('',(-0.7933468437558128,0,0.6087698953649809));
#6119=FACE_SURFACE('',(#6124),#6120,.T.);
#6120=PLANE('',#6121);
#6121=AXIS2_PLACEMENT_3D('',#163,#6122,#6123);
#6122=DIRECTION('',(-0.608769895364981,0,-0.7933468437558129));
#6123=DIRECTION('',(-0.045945864886786994,0.9983215775192193,0.03525628113318871));
#6124=FACE_BOUND('',#6125,.T.);
#6125=EDGE_LOOP('',(#6126,#6127,#6128));
#6126=ORIENTED_EDGE('',*,*,#6129,.T.);
#6127=ORIENTED_EDGE('',*,*,#6130,.T.);
#6128=ORIENTED_EDGE('',*,*,#6131,.T.);
#6129=EDGE_CURVE('',#164,#322,#6132,.F.);
#6130=EDGE_CURVE('',#322,#320,#6133,.T.);
#6131=EDGE_CURVE('',#320,#164,#6134,.T.);
#6132=LINE('',#163,#6135);
#6133=LINE('',#321,#6136);
#6134=LINE('',#319,#6137);
#6135=VECTOR('',#6138,1.0);
#6136=VECTOR('',#6139,1.0);
#6137=VECTOR('',#6140,1.0);
#6138=DIRECTION('',(-0.045945864886786994,0.9983215775192193,0.03525628113318871));
#6139=DIRECTION('',(0.7933468437558128,0,-0.6087698953649809));
#6140=DIRECTION('',(0,-1,0));
#6141=FACE_SURFACE('',(#6146),#6142,.T.);
#6142=PLANE('',#6143);
#6143=AXIS2_PLACEMENT_3D('',#163,#6144,#6145);
#6144=DIRECTION('',(-0.7933525222478038,0,-0.6087624951021932));
#6145=DIRECTION('',(0,1,0));
#6146=FACE_BOUND('',#6147,.T.);
#6147=EDGE_LOOP('',(#6148,#6149,#6150));
#6148=ORIENTED_EDGE('',*,*,#6151,.T.);
#6149=ORIENTED_EDGE('',*,*,#6152,.T.);
#6150=ORIENTED_EDGE('',*,*,#6153,.T.);
#6151=EDGE_CURVE('',#164,#320,#6154,.F.);
#6152=EDGE_CURVE('',#320,#166,#6155,.T.);
#6153=EDGE_CURVE('',#166,#164,#6156,.T.);
#6154=LINE('',#163,#6157);
#6155=LINE('',#319,#6158);
#6156=LINE('',#165,#6159);
#6157=VECTOR('',#6160,1.0);
#6158=VECTOR('',#6161,1.0);
#6159=VECTOR('',#6162,1.0);
#6160=DIRECTION('',(0,1,0));
#6161=DIRECTION('',(0.03525627969570119,-0.998321536815041,-0.045946750410376595));
#6162=DIRECTION('',(-0.6087624951021932,0,0.7933525222478038));
#6163=FACE_SURFACE('',(#6168),#6164,.T.);
#6164=PLANE('',#6165);
#6165=AXIS2_PLACEMENT_3D('',#165,#6166,#6167);
#6166=DIRECTION('',(-0.7933525222478038,0,-0.6087624951021932));
#6167=DIRECTION('',(-0.03525627969570119,0.998321536815041,0.045946750410376595));
#6168=FACE_BOUND('',#6169,.T.);
#6169=EDGE_LOOP('',(#6170,#6171,#6172));
#6170=ORIENTED_EDGE('',*,*,#6173,.T.);
#6171=ORIENTED_EDGE('',*,*,#6174,.T.);
#6172=ORIENTED_EDGE('',*,*,#6175,.T.);
#6173=EDGE_CURVE('',#166,#320,#6176,.F.);
#6174=EDGE_CURVE('',#320,#318,#6177,.T.);
#6175=EDGE_CURVE('',#318,#166,#6178,.T.);
#6176=LINE('',#165,#6179);
#6177=LINE('',#319,#6180);
#6178=LINE('',#317,#6181);
#6179=VECTOR('',#6182,1.0);
#6180=VECTOR('',#6183,1.0);
#6181=VECTOR('',#6184,1.0);
#6182=DIRECTION('',(-0.03525627969570119,0.998321536815041,0.045946750410376595));
#6183=DIRECTION('',(0.6087624951021932,0,-0.7933525222478038));
#6184=DIRECTION('',(0,-1,0));
#6185=FACE_SURFACE('',(#6190),#6186,.T.);
#6186=PLANE('',#6187);
#6187=AXIS2_PLACEMENT_3D('',#165,#6188,#6189);
#6188=DIRECTION('',(-0.923884986357511,0,-0.38267026535018583));
#6189=DIRECTION('',(0,1,0));
#6190=FACE_BOUND('',#6191,.T.);
#6191=EDGE_LOOP('',(#6192,#6193,#6194));
#6192=ORIENTED_EDGE('',*,*,#6195,.T.);
#6193=ORIENTED_EDGE('',*,*,#6196,.T.);
#6194=ORIENTED_EDGE('',*,*,#6197,.T.);
#6195=EDGE_CURVE('',#166,#318,#6198,.F.);
#6196=EDGE_CURVE('',#318,#168,#6199,.T.);
#6197=EDGE_CURVE('',#168,#166,#6200,.T.);
#6198=LINE('',#165,#6201);
#6199=LINE('',#317,#6202);
#6200=LINE('',#167,#6203);
#6201=VECTOR('',#6204,1.0);
#6202=VECTOR('',#6205,1.0);
#6203=VECTOR('',#6206,1.0);
#6204=DIRECTION('',(0,1,0));
#6205=DIRECTION('',(0.02216185196754962,-0.9983215929965803,-0.053505600399758935));
#6206=DIRECTION('',(-0.38267026535018583,0,0.923884986357511));
#6207=FACE_SURFACE('',(#6212),#6208,.T.);
#6208=PLANE('',#6209);
#6209=AXIS2_PLACEMENT_3D('',#167,#6210,#6211);
#6210=DIRECTION('',(-0.923884986357511,0,-0.38267026535018583));
#6211=DIRECTION('',(-0.02216185196754962,0.9983215929965803,0.053505600399758935));
#6212=FACE_BOUND('',#6213,.T.);
#6213=EDGE_LOOP('',(#6214,#6215,#6216));
#6214=ORIENTED_EDGE('',*,*,#6217,.T.);
#6215=ORIENTED_EDGE('',*,*,#6218,.T.);
#6216=ORIENTED_EDGE('',*,*,#6219,.T.);
#6217=EDGE_CURVE('',#168,#318,#6220,.F.);
#6218=EDGE_CURVE('',#318,#316,#6221,.T.);
#6219=EDGE_CURVE('',#316,#168,#6222,.T.);
#6220=LINE('',#167,#6223);
#6221=LINE('',#317,#6224);
#6222=LINE('',#315,#6225);
#6223=VECTOR('',#6226,1.0);
#6224=VECTOR('',#6227,1.0);
#6225=VECTOR('',#6228,1.0);
#6226=DIRECTION('',(-0.02216185196754962,0.9983215929965803,0.053505600399758935));
#6227=DIRECTION('',(0.38267026535018583,0,-0.923884986357511));
#6228=DIRECTION('',(0,-1,0));
#6229=FACE_SURFACE('',(#6234),#6230,.T.);
#6230=PLANE('',#6231);
#6231=AXIS2_PLACEMENT_3D('',#119,#6232,#6233);
#6232=DIRECTION('',(-0.9914499010542668,0,-0.1304879063342073));
#6233=DIRECTION('',(0,1,0));
#6234=FACE_BOUND('',#6235,.T.);
#6235=EDGE_LOOP('',(#6236,#6237,#6238));
#6236=ORIENTED_EDGE('',*,*,#6239,.T.);
#6237=ORIENTED_EDGE('',*,*,#6240,.T.);
#6238=ORIENTED_EDGE('',*,*,#6241,.T.);
#6239=EDGE_CURVE('',#120,#268,#6242,.F.);
#6240=EDGE_CURVE('',#268,#74,#6243,.T.);
#6241=EDGE_CURVE('',#74,#120,#6244,.T.);
#6242=LINE('',#119,#6245);
#6243=LINE('',#267,#6246);
#6244=LINE('',#73,#6247);
#6245=VECTOR('',#6248,1.0);
#6246=VECTOR('',#6249,1.0);
#6247=VECTOR('',#6250,1.0);
#6248=DIRECTION('',(0,1,0));
#6249=DIRECTION('',(0.007557072493019909,-0.9983215775771733,-0.05741879830821049));
#6250=DIRECTION('',(-0.13048790633420723,0,0.9914499010542666));
#6251=FACE_SURFACE('',(#6256),#6252,.T.);
#6252=PLANE('',#6253);
#6253=AXIS2_PLACEMENT_3D('',#73,#6254,#6255);
#6254=DIRECTION('',(-0.9914499010542668,0,-0.1304879063342073));
#6255=DIRECTION('',(-0.007557072493019909,0.9983215775771733,0.05741879830821049));
#6256=FACE_BOUND('',#6257,.T.);
#6257=EDGE_LOOP('',(#6258,#6259,#6260));
#6258=ORIENTED_EDGE('',*,*,#6261,.T.);
#6259=ORIENTED_EDGE('',*,*,#6262,.T.);
#6260=ORIENTED_EDGE('',*,*,#6263,.T.);
#6261=EDGE_CURVE('',#74,#268,#6264,.F.);
#6262=EDGE_CURVE('',#268,#266,#6265,.T.);
#6263=EDGE_CURVE('',#266,#74,#6266,.T.);
#6264=LINE('',#73,#6267);
#6265=LINE('',#267,#6268);
#6266=LINE('',#265,#6269);
#6267=VECTOR('',#6270,1.0);
#6268=VECTOR('',#6271,1.0);
#6269=VECTOR('',#6272,1.0);
#6270=DIRECTION('',(-0.007557072493019909,0.9983215775771733,0.05741879830821049));
#6271=DIRECTION('',(0.13048790633420723,0,-0.9914499010542666));
#6272=DIRECTION('',(0,-1,0));
#6273=FACE_SURFACE('',(#6278),#6274,.T.);
#6274=PLANE('',#6275);
#6275=AXIS2_PLACEMENT_3D('',#73,#6276,#6277);
#6276=DIRECTION('',(-0.9914499010542666,0,0.13048790633420815));
#6277=DIRECTION('',(0,1,0));
#6278=FACE_BOUND('',#6279,.T.);
#6279=EDGE_LOOP('',(#6280,#6281,#6282));
#6280=ORIENTED_EDGE('',*,*,#6283,.T.);
#6281=ORIENTED_EDGE('',*,*,#6284,.T.);
#6282=ORIENTED_EDGE('',*,*,#6285,.T.);
#6283=EDGE_CURVE('',#74,#266,#6286,.F.);
#6284=EDGE_CURVE('',#266,#76,#6287,.T.);
#6285=EDGE_CURVE('',#76,#74,#6288,.T.);
#6286=LINE('',#73,#6289);
#6287=LINE('',#265,#6290);
#6288=LINE('',#75,#6291);
#6289=VECTOR('',#6292,1.0);
#6290=VECTOR('',#6293,1.0);
#6291=VECTOR('',#6294,1.0);
#6292=DIRECTION('',(0,1,0));
#6293=DIRECTION('',(-0.007557072493019909,-0.9983215775771733,-0.057418798308210096));
#6294=DIRECTION('',(0.13048790633420812,0,0.9914499010542664));
#6295=FACE_SURFACE('',(#6300),#6296,.T.);
#6296=PLANE('',#6297);
#6297=AXIS2_PLACEMENT_3D('',#75,#6298,#6299);
#6298=DIRECTION('',(-0.9914499010542666,0,0.13048790633420815));
#6299=DIRECTION('',(0.007557072493019909,0.9983215775771733,0.057418798308210096));
#6300=FACE_BOUND('',#6301,.T.);
#6301=EDGE_LOOP('',(#6302,#6303,#6304));
#6302=ORIENTED_EDGE('',*,*,#6305,.T.);
#6303=ORIENTED_EDGE('',*,*,#6306,.T.);
#6304=ORIENTED_EDGE('',*,*,#6307,.T.);
#6305=EDGE_CURVE('',#76,#266,#6308,.F.);
#6306=EDGE_CURVE('',#266,#312,#6309,.T.);
#6307=EDGE_CURVE('',#312,#76,#6310,.T.);
#6308=LINE('',#75,#6311);
#6309=LINE('',#265,#6312);
#6310=LINE('',#311,#6313);
#6311=VECTOR('',#6314,1.0);
#6312=VECTOR('',#6315,1.0);
#6313=VECTOR('',#6316,1.0);
#6314=DIRECTION('',(0.007557072493019909,0.9983215775771733,0.057418798308210096));
#6315=DIRECTION('',(-0.13048790633420812,0,-0.9914499010542664));
#6316=DIRECTION('',(0,-1,0));
#6317=FACE_SURFACE('',(#6322),#6318,.T.);
#6318=PLANE('',#6319);
#6319=AXIS2_PLACEMENT_3D('',#75,#6320,#6321);
#6320=DIRECTION('',(-0.9238530418015025,0,0.3827473803360529));
#6321=DIRECTION('',(0,1,0));
#6322=FACE_BOUND('',#6323,.T.);
#6323=EDGE_LOOP('',(#6324,#6325,#6326));
#6324=ORIENTED_EDGE('',*,*,#6327,.T.);
#6325=ORIENTED_EDGE('',*,*,#6328,.T.);
#6326=ORIENTED_EDGE('',*,*,#6329,.T.);
#6327=EDGE_CURVE('',#76,#312,#6330,.F.);
#6328=EDGE_CURVE('',#312,#78,#6331,.T.);
#6329=EDGE_CURVE('',#78,#76,#6332,.T.);
#6330=LINE('',#75,#6333);
#6331=LINE('',#311,#6334);
#6332=LINE('',#77,#6335);
#6333=VECTOR('',#6336,1.0);
#6334=VECTOR('',#6337,1.0);
#6335=VECTOR('',#6338,1.0);
#6336=DIRECTION('',(0,1,0));
#6337=DIRECTION('',(-0.022167173470258993,-0.9983214633320632,-0.0535058152995314));
#6338=DIRECTION('',(0.38274738033605293,0,0.9238530418015026));
#6339=FACE_SURFACE('',(#6344),#6340,.T.);
#6340=PLANE('',#6341);
#6341=AXIS2_PLACEMENT_3D('',#77,#6342,#6343);
#6342=DIRECTION('',(-0.9238530418015025,0,0.3827473803360529));
#6343=DIRECTION('',(0.022167173470258993,0.9983214633320632,0.0535058152995314));
#6344=FACE_BOUND('',#6345,.T.);
#6345=EDGE_LOOP('',(#6346,#6347,#6348));
#6346=ORIENTED_EDGE('',*,*,#6349,.T.);
#6347=ORIENTED_EDGE('',*,*,#6350,.T.);
#6348=ORIENTED_EDGE('',*,*,#6351,.T.);
#6349=EDGE_CURVE('',#78,#312,#6352,.F.);
#6350=EDGE_CURVE('',#312,#310,#6353,.T.);
#6351=EDGE_CURVE('',#310,#78,#6354,.T.);
#6352=LINE('',#77,#6355);
#6353=LINE('',#311,#6356);
#6354=LINE('',#309,#6357);
#6355=VECTOR('',#6358,1.0);
#6356=VECTOR('',#6359,1.0);
#6357=VECTOR('',#6360,1.0);
#6358=DIRECTION('',(0.022167173470258993,0.9983214633320632,0.0535058152995314));
#6359=DIRECTION('',(-0.38274738033605293,0,-0.9238530418015026));
#6360=DIRECTION('',(0,-1,0));
#6361=FACE_SURFACE('',(#6366),#6362,.T.);
#6362=PLANE('',#6363);
#6363=AXIS2_PLACEMENT_3D('',#77,#6364,#6365);
#6364=DIRECTION('',(-0.793365903148037,0,0.6087450564251832));
#6365=DIRECTION('',(0,1,0));
#6366=FACE_BOUND('',#6367,.T.);
#6367=EDGE_LOOP('',(#6368,#6369,#6370));
#6368=ORIENTED_EDGE('',*,*,#6371,.T.);
#6369=ORIENTED_EDGE('',*,*,#6372,.T.);
#6370=ORIENTED_EDGE('',*,*,#6373,.T.);
#6371=EDGE_CURVE('',#78,#310,#6374,.F.);
#6372=EDGE_CURVE('',#310,#80,#6375,.T.);
#6373=EDGE_CURVE('',#80,#78,#6376,.T.);
#6374=LINE('',#77,#6377);
#6375=LINE('',#309,#6378);
#6376=LINE('',#79,#6379);
#6377=VECTOR('',#6380,1.0);
#6378=VECTOR('',#6381,1.0);
#6379=VECTOR('',#6382,1.0);
#6380=DIRECTION('',(0,1,0));
#6381=DIRECTION('',(-0.03525450746712193,-0.9983216094571966,-0.045946531904411406));
#6382=DIRECTION('',(0.6087450564251833,0,0.793365903148037));
#6383=FACE_SURFACE('',(#6388),#6384,.T.);
#6384=PLANE('',#6385);
#6385=AXIS2_PLACEMENT_3D('',#79,#6386,#6387);
#6386=DIRECTION('',(-0.793365903148037,0,0.6087450564251832));
#6387=DIRECTION('',(0.03525450746712193,0.9983216094571966,0.045946531904411406));
#6388=FACE_BOUND('',#6389,.T.);
#6389=EDGE_LOOP('',(#6390,#6391,#6392));
#6390=ORIENTED_EDGE('',*,*,#6393,.T.);
#6391=ORIENTED_EDGE('',*,*,#6394,.T.);
#6392=ORIENTED_EDGE('',*,*,#6395,.T.);
#6393=EDGE_CURVE('',#80,#310,#6396,.F.);
#6394=EDGE_CURVE('',#310,#308,#6397,.T.);
#6395=EDGE_CURVE('',#308,#80,#6398,.T.);
#6396=LINE('',#79,#6399);
#6397=LINE('',#309,#6400);
#6398=LINE('',#307,#6401);
#6399=VECTOR('',#6402,1.0);
#6400=VECTOR('',#6403,1.0);
#6401=VECTOR('',#6404,1.0);
#6402=DIRECTION('',(0.03525450746712193,0.9983216094571966,0.045946531904411406));
#6403=DIRECTION('',(-0.6087450564251833,0,-0.793365903148037));
#6404=DIRECTION('',(0,-1,0));
#6405=FACE_SURFACE('',(#6410),#6406,.T.);
#6406=PLANE('',#6407);
#6407=AXIS2_PLACEMENT_3D('',#79,#6408,#6409);
#6408=DIRECTION('',(-0.6087674843366119,0,0.7933486938380077));
#6409=DIRECTION('',(0,1,0));
#6410=FACE_BOUND('',#6411,.T.);
#6411=EDGE_LOOP('',(#6412,#6413,#6414));
#6412=ORIENTED_EDGE('',*,*,#6415,.T.);
#6413=ORIENTED_EDGE('',*,*,#6416,.T.);
#6414=ORIENTED_EDGE('',*,*,#6417,.T.);
#6415=EDGE_CURVE('',#80,#308,#6418,.F.);
#6416=EDGE_CURVE('',#308,#82,#6419,.T.);
#6417=EDGE_CURVE('',#82,#80,#6420,.T.);
#6418=LINE('',#79,#6421);
#6419=LINE('',#307,#6422);
#6420=LINE('',#81,#6423);
#6421=VECTOR('',#6424,1.0);
#6422=VECTOR('',#6425,1.0);
#6423=VECTOR('',#6426,1.0);
#6424=DIRECTION('',(0,1,0));
#6425=DIRECTION('',(-0.04594586524615194,-0.9983215853276463,-0.03525605955970742));
#6426=DIRECTION('',(0.7933486938380077,0,0.6087674843366119));
#6427=FACE_SURFACE('',(#6432),#6428,.T.);
#6428=PLANE('',#6429);
#6429=AXIS2_PLACEMENT_3D('',#81,#6430,#6431);
#6430=DIRECTION('',(-0.6087674843366119,0,0.7933486938380077));
#6431=DIRECTION('',(0.04594586524615194,0.9983215853276463,0.03525605955970742));
#6432=FACE_BOUND('',#6433,.T.);
#6433=EDGE_LOOP('',(#6434,#6435,#6436));
#6434=ORIENTED_EDGE('',*,*,#6437,.T.);
#6435=ORIENTED_EDGE('',*,*,#6438,.T.);
#6436=ORIENTED_EDGE('',*,*,#6439,.T.);
#6437=EDGE_CURVE('',#82,#308,#6440,.F.);
#6438=EDGE_CURVE('',#308,#306,#6441,.T.);
#6439=EDGE_CURVE('',#306,#82,#6442,.T.);
#6440=LINE('',#81,#6443);
#6441=LINE('',#307,#6444);
#6442=LINE('',#305,#6445);
#6443=VECTOR('',#6446,1.0);
#6444=VECTOR('',#6447,1.0);
#6445=VECTOR('',#6448,1.0);
#6446=DIRECTION('',(0.04594586524615194,0.9983215853276463,0.03525605955970742));
#6447=DIRECTION('',(-0.7933486938380077,0,-0.6087674843366119));
#6448=DIRECTION('',(0,-1,0));
#6449=FACE_SURFACE('',(#6454),#6450,.T.);
#6450=PLANE('',#6451);
#6451=AXIS2_PLACEMENT_3D('',#81,#6452,#6453);
#6452=DIRECTION('',(-0.38267792686565055,0,0.9238818129446037));
#6453=DIRECTION('',(0,1,0));
#6454=FACE_BOUND('',#6455,.T.);
#6455=EDGE_LOOP('',(#6456,#6457,#6458));
#6456=ORIENTED_EDGE('',*,*,#6459,.T.);
#6457=ORIENTED_EDGE('',*,*,#6460,.T.);
#6458=ORIENTED_EDGE('',*,*,#6461,.T.);
#6459=EDGE_CURVE('',#82,#306,#6462,.F.);
#6460=EDGE_CURVE('',#306,#84,#6463,.T.);
#6461=EDGE_CURVE('',#84,#82,#6464,.T.);
#6462=LINE('',#81,#6465);
#6463=LINE('',#305,#6466);
#6464=LINE('',#83,#6467);
#6465=VECTOR('',#6468,1.0);
#6466=VECTOR('',#6469,1.0);
#6467=VECTOR('',#6470,1.0);
#6468=DIRECTION('',(0,1,0));
#6469=DIRECTION('',(-0.05350648420388584,-0.9983215259614329,-0.02216273787634398));
#6470=DIRECTION('',(0.9238818129446038,0,0.3826779268656506));
#6471=FACE_SURFACE('',(#6476),#6472,.T.);
#6472=PLANE('',#6473);
#6473=AXIS2_PLACEMENT_3D('',#83,#6474,#6475);
#6474=DIRECTION('',(-0.38267792686565055,0,0.9238818129446037));
#6475=DIRECTION('',(0.05350648420388584,0.9983215259614329,0.02216273787634398));
#6476=FACE_BOUND('',#6477,.T.);
#6477=EDGE_LOOP('',(#6478,#6479,#6480));
#6478=ORIENTED_EDGE('',*,*,#6481,.T.);
#6479=ORIENTED_EDGE('',*,*,#6482,.T.);
#6480=ORIENTED_EDGE('',*,*,#6483,.T.);
#6481=EDGE_CURVE('',#84,#306,#6484,.F.);
#6482=EDGE_CURVE('',#306,#304,#6485,.T.);
#6483=EDGE_CURVE('',#304,#84,#6486,.T.);
#6484=LINE('',#83,#6487);
#6485=LINE('',#305,#6488);
#6486=LINE('',#303,#6489);
#6487=VECTOR('',#6490,1.0);
#6488=VECTOR('',#6491,1.0);
#6489=VECTOR('',#6492,1.0);
#6490=DIRECTION('',(0.05350648420388584,0.9983215259614329,0.02216273787634398));
#6491=DIRECTION('',(-0.9238818129446038,0,-0.3826779268656506));
#6492=DIRECTION('',(0,-1,0));
#6493=FACE_SURFACE('',(#6498),#6494,.T.);
#6494=PLANE('',#6495);
#6495=AXIS2_PLACEMENT_3D('',#83,#6496,#6497);
#6496=DIRECTION('',(-0.1305270476669371,0,0.9914447487517158));
#6497=DIRECTION('',(0,1,0));
#6498=FACE_BOUND('',#6499,.T.);
#6499=EDGE_LOOP('',(#6500,#6501,#6502));
#6500=ORIENTED_EDGE('',*,*,#6503,.T.);
#6501=ORIENTED_EDGE('',*,*,#6504,.T.);
#6502=ORIENTED_EDGE('',*,*,#6505,.T.);
#6503=EDGE_CURVE('',#84,#304,#6506,.F.);
#6504=EDGE_CURVE('',#304,#86,#6507,.T.);
#6505=EDGE_CURVE('',#86,#84,#6508,.T.);
#6506=LINE('',#83,#6509);
#6507=LINE('',#303,#6510);
#6508=LINE('',#85,#6511);
#6509=VECTOR('',#6512,1.0);
#6510=VECTOR('',#6513,1.0);
#6511=VECTOR('',#6514,1.0);
#6512=DIRECTION('',(0,1,0));
#6513=DIRECTION('',(-0.05741813399193548,-0.9983215989881372,-0.007559291147538063));
#6514=DIRECTION('',(0.9914447487517158,0,0.1305270476669371));
#6515=FACE_SURFACE('',(#6520),#6516,.T.);
#6516=PLANE('',#6517);
#6517=AXIS2_PLACEMENT_3D('',#85,#6518,#6519);
#6518=DIRECTION('',(-0.1305270476669371,0,0.9914447487517158));
#6519=DIRECTION('',(0.05741813399193548,0.9983215989881372,0.007559291147538063));
#6520=FACE_BOUND('',#6521,.T.);
#6521=EDGE_LOOP('',(#6522,#6523,#6524));
#6522=ORIENTED_EDGE('',*,*,#6525,.T.);
#6523=ORIENTED_EDGE('',*,*,#6526,.T.);
#6524=ORIENTED_EDGE('',*,*,#6527,.T.);
#6525=EDGE_CURVE('',#86,#304,#6528,.F.);
#6526=EDGE_CURVE('',#304,#302,#6529,.T.);
#6527=EDGE_CURVE('',#302,#86,#6530,.T.);
#6528=LINE('',#85,#6531);
#6529=LINE('',#303,#6532);
#6530=LINE('',#301,#6533);
#6531=VECTOR('',#6534,1.0);
#6532=VECTOR('',#6535,1.0);
#6533=VECTOR('',#6536,1.0);
#6534=DIRECTION('',(0.05741813399193548,0.9983215989881372,0.007559291147538063));
#6535=DIRECTION('',(-0.9914447487517158,0,-0.1305270476669371));
#6536=DIRECTION('',(0,-1,0));
#6537=FACE_SURFACE('',(#6542),#6538,.T.);
#6538=PLANE('',#6539);
#6539=AXIS2_PLACEMENT_3D('',#85,#6540,#6541);
#6540=DIRECTION('',(0.13052704766692302,-0,0.9914447487517177));
#6541=DIRECTION('',(0,1,0));
#6542=FACE_BOUND('',#6543,.T.);
#6543=EDGE_LOOP('',(#6544,#6545,#6546));
#6544=ORIENTED_EDGE('',*,*,#6547,.T.);
#6545=ORIENTED_EDGE('',*,*,#6548,.T.);
#6546=ORIENTED_EDGE('',*,*,#6549,.T.);
#6547=EDGE_CURVE('',#86,#302,#6550,.F.);
#6548=EDGE_CURVE('',#302,#88,#6551,.T.);
#6549=EDGE_CURVE('',#88,#86,#6552,.T.);
#6550=LINE('',#85,#6553);
#6551=LINE('',#301,#6554);
#6552=LINE('',#87,#6555);
#6553=VECTOR('',#6556,1.0);
#6554=VECTOR('',#6557,1.0);
#6555=VECTOR('',#6558,1.0);
#6556=DIRECTION('',(0,1,0));
#6557=DIRECTION('',(-0.05741813399194176,-0.9983215989881368,0.007559291147538059));
#6558=DIRECTION('',(0.9914447487517178,0,-0.13052704766692302));
#6559=FACE_SURFACE('',(#6564),#6560,.T.);
#6560=PLANE('',#6561);
#6561=AXIS2_PLACEMENT_3D('',#87,#6562,#6563);
#6562=DIRECTION('',(0.13052704766692302,-0,0.9914447487517177));
#6563=DIRECTION('',(0.05741813399194176,0.9983215989881368,-0.007559291147538059));
#6564=FACE_BOUND('',#6565,.T.);
#6565=EDGE_LOOP('',(#6566,#6567,#6568));
#6566=ORIENTED_EDGE('',*,*,#6569,.T.);
#6567=ORIENTED_EDGE('',*,*,#6570,.T.);
#6568=ORIENTED_EDGE('',*,*,#6571,.T.);
#6569=EDGE_CURVE('',#88,#302,#6572,.F.);
#6570=EDGE_CURVE('',#302,#300,#6573,.T.);
#6571=EDGE_CURVE('',#300,#88,#6574,.T.);
#6572=LINE('',#87,#6575);
#6573=LINE('',#301,#6576);
#6574=LINE('',#299,#6577);
#6575=VECTOR('',#6578,1.0);
#6576=VECTOR('',#6579,1.0);
#6577=VECTOR('',#6580,1.0);
#6578=DIRECTION('',(0.05741813399194176,0.9983215989881368,-0.007559291147538059));
#6579=DIRECTION('',(-0.9914447487517178,0,0.13052704766692302));
#6580=DIRECTION('',(0,-1,0));
#6581=FACE_SURFACE('',(#6586),#6582,.T.);
#6582=PLANE('',#6583);
#6583=AXIS2_PLACEMENT_3D('',#87,#6584,#6585);
#6584=DIRECTION('',(0.3826779268656891,-0,0.9238818129445878));
#6585=DIRECTION('',(0,1,0));
#6586=FACE_BOUND('',#6587,.T.);
#6587=EDGE_LOOP('',(#6588,#6589,#6590));
#6588=ORIENTED_EDGE('',*,*,#6591,.T.);
#6589=ORIENTED_EDGE('',*,*,#6592,.T.);
#6590=ORIENTED_EDGE('',*,*,#6593,.T.);
#6591=EDGE_CURVE('',#88,#300,#6594,.F.);
#6592=EDGE_CURVE('',#300,#90,#6595,.T.);
#6593=EDGE_CURVE('',#90,#88,#6596,.T.);
#6594=LINE('',#87,#6597);
#6595=LINE('',#299,#6598);
#6596=LINE('',#89,#6599);
#6597=VECTOR('',#6600,1.0);
#6598=VECTOR('',#6601,1.0);
#6599=VECTOR('',#6602,1.0);
#6600=DIRECTION('',(0,1,0));
#6601=DIRECTION('',(-0.05350648420387955,-0.9983215259614332,0.02216273787634399));
#6602=DIRECTION('',(0.9238818129445878,0,-0.3826779268656891));
#6603=FACE_SURFACE('',(#6608),#6604,.T.);
#6604=PLANE('',#6605);
#6605=AXIS2_PLACEMENT_3D('',#89,#6606,#6607);
#6606=DIRECTION('',(0.3826779268656891,-0,0.9238818129445878));
#6607=DIRECTION('',(0.05350648420387955,0.9983215259614332,-0.02216273787634399));
#6608=FACE_BOUND('',#6609,.T.);
#6609=EDGE_LOOP('',(#6610,#6611,#6612));
#6610=ORIENTED_EDGE('',*,*,#6613,.T.);
#6611=ORIENTED_EDGE('',*,*,#6614,.T.);
#6612=ORIENTED_EDGE('',*,*,#6615,.T.);
#6613=EDGE_CURVE('',#90,#300,#6616,.F.);
#6614=EDGE_CURVE('',#300,#298,#6617,.T.);
#6615=EDGE_CURVE('',#298,#90,#6618,.T.);
#6616=LINE('',#89,#6619);
#6617=LINE('',#299,#6620);
#6618=LINE('',#297,#6621);
#6619=VECTOR('',#6622,1.0);
#6620=VECTOR('',#6623,1.0);
#6621=VECTOR('',#6624,1.0);
#6622=DIRECTION('',(0.05350648420387955,0.9983215259614332,-0.02216273787634399));
#6623=DIRECTION('',(-0.9238818129445878,0,0.3826779268656891));
#6624=DIRECTION('',(0,-1,0));
#6625=FACE_SURFACE('',(#6630),#6626,.T.);
#6626=PLANE('',#6627);
#6627=AXIS2_PLACEMENT_3D('',#89,#6628,#6629);
#6628=DIRECTION('',(0.6087674843365594,-0,0.7933486938380482));
#6629=DIRECTION('',(0,1,0));
#6630=FACE_BOUND('',#6631,.T.);
#6631=EDGE_LOOP('',(#6632,#6633,#6634));
#6632=ORIENTED_EDGE('',*,*,#6635,.T.);
#6633=ORIENTED_EDGE('',*,*,#6636,.T.);
#6634=ORIENTED_EDGE('',*,*,#6637,.T.);
#6635=EDGE_CURVE('',#90,#298,#6638,.F.);
#6636=EDGE_CURVE('',#298,#92,#6639,.T.);
#6637=EDGE_CURVE('',#92,#90,#6640,.T.);
#6638=LINE('',#89,#6641);
#6639=LINE('',#297,#6642);
#6640=LINE('',#91,#6643);
#6641=VECTOR('',#6644,1.0);
#6642=VECTOR('',#6645,1.0);
#6643=VECTOR('',#6646,1.0);
#6644=DIRECTION('',(0,1,0));
#6645=DIRECTION('',(-0.04594586524615823,-0.9983215853276459,0.035256059559707405));
#6646=DIRECTION('',(0.7933486938380481,0,-0.6087674843365594));
#6647=FACE_SURFACE('',(#6652),#6648,.T.);
#6648=PLANE('',#6649);
#6649=AXIS2_PLACEMENT_3D('',#91,#6650,#6651);
#6650=DIRECTION('',(0.6087674843365594,-0,0.7933486938380482));
#6651=DIRECTION('',(0.04594586524615823,0.9983215853276459,-0.035256059559707405));
#6652=FACE_BOUND('',#6653,.T.);
#6653=EDGE_LOOP('',(#6654,#6655,#6656));
#6654=ORIENTED_EDGE('',*,*,#6657,.T.);
#6655=ORIENTED_EDGE('',*,*,#6658,.T.);
#6656=ORIENTED_EDGE('',*,*,#6659,.T.);
#6657=EDGE_CURVE('',#92,#298,#6660,.F.);
#6658=EDGE_CURVE('',#298,#296,#6661,.T.);
#6659=EDGE_CURVE('',#296,#92,#6662,.T.);
#6660=LINE('',#91,#6663);
#6661=LINE('',#297,#6664);
#6662=LINE('',#295,#6665);
#6663=VECTOR('',#6666,1.0);
#6664=VECTOR('',#6667,1.0);
#6665=VECTOR('',#6668,1.0);
#6666=DIRECTION('',(0.04594586524615823,0.9983215853276459,-0.035256059559707405));
#6667=DIRECTION('',(-0.7933486938380481,0,0.6087674843365594));
#6668=DIRECTION('',(0,-1,0));
#6669=FACE_SURFACE('',(#6674),#6670,.T.);
#6670=PLANE('',#6671);
#6671=AXIS2_PLACEMENT_3D('',#91,#6672,#6673);
#6672=DIRECTION('',(0.793336302223714,-0,0.6087836328072592));
#6673=DIRECTION('',(0,1,0));
#6674=FACE_BOUND('',#6675,.T.);
#6675=EDGE_LOOP('',(#6676,#6677,#6678));
#6676=ORIENTED_EDGE('',*,*,#6679,.T.);
#6677=ORIENTED_EDGE('',*,*,#6680,.T.);
#6678=ORIENTED_EDGE('',*,*,#6681,.T.);
#6679=EDGE_CURVE('',#92,#296,#6682,.F.);
#6680=EDGE_CURVE('',#296,#94,#6683,.T.);
#6681=EDGE_CURVE('',#94,#92,#6684,.T.);
#6682=LINE('',#91,#6685);
#6683=LINE('',#295,#6686);
#6684=LINE('',#93,#6687);
#6685=VECTOR('',#6688,1.0);
#6686=VECTOR('',#6689,1.0);
#6687=VECTOR('',#6690,1.0);
#6688=DIRECTION('',(0,1,0));
#6689=DIRECTION('',(-0.03525805264269191,-0.9983214845219882,0.04594652615442114));
#6690=DIRECTION('',(0.6087836328072592,0,-0.793336302223714));
#6691=FACE_SURFACE('',(#6696),#6692,.T.);
#6692=PLANE('',#6693);
#6693=AXIS2_PLACEMENT_3D('',#93,#6694,#6695);
#6694=DIRECTION('',(0.793336302223714,-0,0.6087836328072592));
#6695=DIRECTION('',(0.03525805264269191,0.9983214845219882,-0.04594652615442114));
#6696=FACE_BOUND('',#6697,.T.);
#6697=EDGE_LOOP('',(#6698,#6699,#6700));
#6698=ORIENTED_EDGE('',*,*,#6701,.T.);
#6699=ORIENTED_EDGE('',*,*,#6702,.T.);
#6700=ORIENTED_EDGE('',*,*,#6703,.T.);
#6701=EDGE_CURVE('',#94,#296,#6704,.F.);
#6702=EDGE_CURVE('',#296,#294,#6705,.T.);
#6703=EDGE_CURVE('',#294,#94,#6706,.T.);
#6704=LINE('',#93,#6707);
#6705=LINE('',#295,#6708);
#6706=LINE('',#293,#6709);
#6707=VECTOR('',#6710,1.0);
#6708=VECTOR('',#6711,1.0);
#6709=VECTOR('',#6712,1.0);
#6710=DIRECTION('',(0.03525805264269191,0.9983214845219882,-0.04594652615442114));
#6711=DIRECTION('',(-0.6087836328072592,0,0.793336302223714));
#6712=DIRECTION('',(0,-1,0));
#6713=FACE_SURFACE('',(#6718),#6714,.T.);
#6714=PLANE('',#6715);
#6715=AXIS2_PLACEMENT_3D('',#93,#6716,#6717);
#6716=DIRECTION('',(0.9238963815025724,-0,0.3826427527687587));
#6717=DIRECTION('',(0,1,0));
#6718=FACE_BOUND('',#6719,.T.);
#6719=EDGE_LOOP('',(#6720,#6721,#6722));
#6720=ORIENTED_EDGE('',*,*,#6723,.T.);
#6721=ORIENTED_EDGE('',*,*,#6724,.T.);
#6722=ORIENTED_EDGE('',*,*,#6725,.T.);
#6723=EDGE_CURVE('',#94,#294,#6726,.F.);
#6724=EDGE_CURVE('',#294,#96,#6727,.T.);
#6725=EDGE_CURVE('',#96,#94,#6728,.T.);
#6726=LINE('',#93,#6729);
#6727=LINE('',#293,#6730);
#6728=LINE('',#95,#6731);
#6729=VECTOR('',#6732,1.0);
#6730=VECTOR('',#6733,1.0);
#6731=VECTOR('',#6734,1.0);
#6732=DIRECTION('',(0,1,0));
#6733=DIRECTION('',(-0.02216007778214451,-0.9983216204114349,0.05350582371832251));
#6734=DIRECTION('',(0.38264275276875864,0,-0.9238963815025723));
#6735=FACE_SURFACE('',(#6740),#6736,.T.);
#6736=PLANE('',#6737);
#6737=AXIS2_PLACEMENT_3D('',#95,#6738,#6739);
#6738=DIRECTION('',(0.9238963815025724,-0,0.3826427527687587));
#6739=DIRECTION('',(0.02216007778214451,0.9983216204114349,-0.05350582371832251));
#6740=FACE_BOUND('',#6741,.T.);
#6741=EDGE_LOOP('',(#6742,#6743,#6744));
#6742=ORIENTED_EDGE('',*,*,#6745,.T.);
#6743=ORIENTED_EDGE('',*,*,#6746,.T.);
#6744=ORIENTED_EDGE('',*,*,#6747,.T.);
#6745=EDGE_CURVE('',#96,#294,#6748,.F.);
#6746=EDGE_CURVE('',#294,#292,#6749,.T.);
#6747=EDGE_CURVE('',#292,#96,#6750,.T.);
#6748=LINE('',#95,#6751);
#6749=LINE('',#293,#6752);
#6750=LINE('',#291,#6753);
#6751=VECTOR('',#6754,1.0);
#6752=VECTOR('',#6755,1.0);
#6753=VECTOR('',#6756,1.0);
#6754=DIRECTION('',(0.02216007778214451,0.9983216204114349,-0.05350582371832251));
#6755=DIRECTION('',(-0.38264275276875864,0,0.9238963815025723));
#6756=DIRECTION('',(0,-1,0));
#6757=FACE_SURFACE('',(#6762),#6758,.T.);
#6758=PLANE('',#6759);
#6759=AXIS2_PLACEMENT_3D('',#95,#6760,#6761);
#6760=DIRECTION('',(0.9914419699728219,-0,0.1305481527115968));
#6761=DIRECTION('',(0,1,0));
#6762=FACE_BOUND('',#6763,.T.);
#6763=EDGE_LOOP('',(#6764,#6765,#6766));
#6764=ORIENTED_EDGE('',*,*,#6767,.T.);
#6765=ORIENTED_EDGE('',*,*,#6768,.T.);
#6766=ORIENTED_EDGE('',*,*,#6769,.T.);
#6767=EDGE_CURVE('',#96,#292,#6770,.F.);
#6768=EDGE_CURVE('',#292,#98,#6771,.T.);
#6769=EDGE_CURVE('',#98,#96,#6772,.T.);
#6770=LINE('',#95,#6773);
#6771=LINE('',#291,#6774);
#6772=LINE('',#97,#6775);
#6773=VECTOR('',#6776,1.0);
#6774=VECTOR('',#6777,1.0);
#6775=VECTOR('',#6778,1.0);
#6776=DIRECTION('',(0,1,0));
#6777=DIRECTION('',(-0.007560621877991166,-0.9983215507914156,0.05741879676761831));
#6778=DIRECTION('',(0.13054815271159678,0,-0.9914419699728216));
#6779=FACE_SURFACE('',(#6784),#6780,.T.);
#6780=PLANE('',#6781);
#6781=AXIS2_PLACEMENT_3D('',#97,#6782,#6783);
#6782=DIRECTION('',(0.9914419699728219,-0,0.1305481527115968));
#6783=DIRECTION('',(0.007560621877991166,0.9983215507914156,-0.05741879676761831));
#6784=FACE_BOUND('',#6785,.T.);
#6785=EDGE_LOOP('',(#6786,#6787,#6788));
#6786=ORIENTED_EDGE('',*,*,#6789,.T.);
#6787=ORIENTED_EDGE('',*,*,#6790,.T.);
#6788=ORIENTED_EDGE('',*,*,#6791,.T.);
#6789=EDGE_CURVE('',#98,#292,#6792,.F.);
#6790=EDGE_CURVE('',#292,#290,#6793,.T.);
#6791=EDGE_CURVE('',#290,#98,#6794,.T.);
#6792=LINE('',#97,#6795);
#6793=LINE('',#291,#6796);
#6794=LINE('',#289,#6797);
#6795=VECTOR('',#6798,1.0);
#6796=VECTOR('',#6799,1.0);
#6797=VECTOR('',#6800,1.0);
#6798=DIRECTION('',(0.007560621877991166,0.9983215507914156,-0.05741879676761831));
#6799=DIRECTION('',(-0.13054815271159678,0,0.9914419699728216));
#6800=DIRECTION('',(0,-1,0));
#6801=FACE_SURFACE('',(#6806),#6802,.T.);
#6802=PLANE('',#6803);
#6803=AXIS2_PLACEMENT_3D('',#97,#6804,#6805);
#6804=DIRECTION('',(0.9914419699728219,0,-0.13054815271159592));
#6805=DIRECTION('',(0,1,0));
#6806=FACE_BOUND('',#6807,.T.);
#6807=EDGE_LOOP('',(#6808,#6809,#6810));
#6808=ORIENTED_EDGE('',*,*,#6811,.T.);
#6809=ORIENTED_EDGE('',*,*,#6812,.T.);
#6810=ORIENTED_EDGE('',*,*,#6813,.T.);
#6811=EDGE_CURVE('',#98,#290,#6814,.F.);
#6812=EDGE_CURVE('',#290,#100,#6815,.T.);
#6813=EDGE_CURVE('',#100,#98,#6816,.T.);
#6814=LINE('',#97,#6817);
#6815=LINE('',#289,#6818);
#6816=LINE('',#99,#6819);
#6817=VECTOR('',#6820,1.0);
#6818=VECTOR('',#6821,1.0);
#6819=VECTOR('',#6822,1.0);
#6820=DIRECTION('',(0,1,0));
#6821=DIRECTION('',(0.007560621877991166,-0.9983215507914156,0.057418796767618706));
#6822=DIRECTION('',(-0.13054815271159592,0,-0.9914419699728219));
#6823=FACE_SURFACE('',(#6828),#6824,.T.);
#6824=PLANE('',#6825);
#6825=AXIS2_PLACEMENT_3D('',#99,#6826,#6827);
#6826=DIRECTION('',(0.9914419699728219,0,-0.13054815271159592));
#6827=DIRECTION('',(-0.007560621877991166,0.9983215507914156,-0.057418796767618706));
#6828=FACE_BOUND('',#6829,.T.);
#6829=EDGE_LOOP('',(#6830,#6831,#6832));
#6830=ORIENTED_EDGE('',*,*,#6833,.T.);
#6831=ORIENTED_EDGE('',*,*,#6834,.T.);
#6832=ORIENTED_EDGE('',*,*,#6835,.T.);
#6833=EDGE_CURVE('',#100,#290,#6836,.F.);
#6834=EDGE_CURVE('',#290,#288,#6837,.T.);
#6835=EDGE_CURVE('',#288,#100,#6838,.T.);
#6836=LINE('',#99,#6839);
#6837=LINE('',#289,#6840);
#6838=LINE('',#287,#6841);
#6839=VECTOR('',#6842,1.0);
#6840=VECTOR('',#6843,1.0);
#6841=VECTOR('',#6844,1.0);
#6842=DIRECTION('',(-0.007560621877991166,0.9983215507914156,-0.057418796767618706));
#6843=DIRECTION('',(0.13054815271159592,0,0.9914419699728219));
#6844=DIRECTION('',(0,-1,0));
#6845=FACE_SURFACE('',(#6850),#6846,.T.);
#6846=PLANE('',#6847);
#6847=AXIS2_PLACEMENT_3D('',#99,#6848,#6849);
#6848=DIRECTION('',(0.9238963815025714,0,-0.3826427527687611));
#6849=DIRECTION('',(0,1,0));
#6850=FACE_BOUND('',#6851,.T.);
#6851=EDGE_LOOP('',(#6852,#6853,#6854));
#6852=ORIENTED_EDGE('',*,*,#6855,.T.);
#6853=ORIENTED_EDGE('',*,*,#6856,.T.);
#6854=ORIENTED_EDGE('',*,*,#6857,.T.);
#6855=EDGE_CURVE('',#100,#288,#6858,.F.);
#6856=EDGE_CURVE('',#288,#102,#6859,.T.);
#6857=EDGE_CURVE('',#102,#100,#6860,.T.);
#6858=LINE('',#99,#6861);
#6859=LINE('',#287,#6862);
#6860=LINE('',#101,#6863);
#6861=VECTOR('',#6864,1.0);
#6862=VECTOR('',#6865,1.0);
#6863=VECTOR('',#6866,1.0);
#6864=DIRECTION('',(0,1,0));
#6865=DIRECTION('',(0.02216007778214451,-0.9983216204114349,0.05350582371832211));
#6866=DIRECTION('',(-0.3826427527687611,0,-0.9238963815025714));
#6867=FACE_SURFACE('',(#6872),#6868,.T.);
#6868=PLANE('',#6869);
#6869=AXIS2_PLACEMENT_3D('',#101,#6870,#6871);
#6870=DIRECTION('',(0.9238963815025714,0,-0.3826427527687611));
#6871=DIRECTION('',(-0.02216007778214451,0.9983216204114349,-0.05350582371832211));
#6872=FACE_BOUND('',#6873,.T.);
#6873=EDGE_LOOP('',(#6874,#6875,#6876));
#6874=ORIENTED_EDGE('',*,*,#6877,.T.);
#6875=ORIENTED_EDGE('',*,*,#6878,.T.);
#6876=ORIENTED_EDGE('',*,*,#6879,.T.);
#6877=EDGE_CURVE('',#102,#288,#6880,.F.);
#6878=EDGE_CURVE('',#288,#286,#6881,.T.);
#6879=EDGE_CURVE('',#286,#102,#6882,.T.);
#6880=LINE('',#101,#6883);
#6881=LINE('',#287,#6884);
#6882=LINE('',#285,#6885);
#6883=VECTOR('',#6886,1.0);
#6884=VECTOR('',#6887,1.0);
#6885=VECTOR('',#6888,1.0);
#6886=DIRECTION('',(-0.02216007778214451,0.9983216204114349,-0.05350582371832211));
#6887=DIRECTION('',(0.3826427527687611,0,0.9238963815025714));
#6888=DIRECTION('',(0,-1,0));
#6889=FACE_SURFACE('',(#6894),#6890,.T.);
#6890=PLANE('',#6891);
#6891=AXIS2_PLACEMENT_3D('',#101,#6892,#6893);
#6892=DIRECTION('',(0.793334882543713,0,-0.6087854828585788));
#6893=DIRECTION('',(0,1,0));
#6894=FACE_BOUND('',#6895,.T.);
#6895=EDGE_LOOP('',(#6896,#6897,#6898));
#6896=ORIENTED_EDGE('',*,*,#6899,.T.);
#6897=ORIENTED_EDGE('',*,*,#6900,.T.);
#6898=ORIENTED_EDGE('',*,*,#6901,.T.);
#6899=EDGE_CURVE('',#102,#286,#6902,.F.);
#6900=EDGE_CURVE('',#286,#104,#6903,.T.);
#6901=EDGE_CURVE('',#104,#102,#6904,.T.);
#6902=LINE('',#101,#6905);
#6903=LINE('',#285,#6906);
#6904=LINE('',#103,#6907);
#6905=VECTOR('',#6908,1.0);
#6906=VECTOR('',#6909,1.0);
#6907=VECTOR('',#6910,1.0);
#6908=DIRECTION('',(0,1,0));
#6909=DIRECTION('',(0.035258053002083456,-0.9983214946980551,0.0459463047735415));
#6910=DIRECTION('',(-0.6087854828585789,0,-0.7933348825437131));
#6911=FACE_SURFACE('',(#6916),#6912,.T.);
#6912=PLANE('',#6913);
#6913=AXIS2_PLACEMENT_3D('',#103,#6914,#6915);
#6914=DIRECTION('',(0.793334882543713,0,-0.6087854828585788));
#6915=DIRECTION('',(-0.035258053002083456,0.9983214946980551,-0.0459463047735415));
#6916=FACE_BOUND('',#6917,.T.);
#6917=EDGE_LOOP('',(#6918,#6919,#6920));
#6918=ORIENTED_EDGE('',*,*,#6921,.T.);
#6919=ORIENTED_EDGE('',*,*,#6922,.T.);
#6920=ORIENTED_EDGE('',*,*,#6923,.T.);
#6921=EDGE_CURVE('',#104,#286,#6924,.F.);
#6922=EDGE_CURVE('',#286,#284,#6925,.T.);
#6923=EDGE_CURVE('',#284,#104,#6926,.T.);
#6924=LINE('',#103,#6927);
#6925=LINE('',#285,#6928);
#6926=LINE('',#283,#6929);
#6927=VECTOR('',#6930,1.0);
#6928=VECTOR('',#6931,1.0);
#6929=VECTOR('',#6932,1.0);
#6930=DIRECTION('',(-0.035258053002083456,0.9983214946980551,-0.0459463047735415));
#6931=DIRECTION('',(0.6087854828585789,0,0.7933348825437131));
#6932=DIRECTION('',(0,-1,0));
#6933=FACE_SURFACE('',(#6938),#6934,.T.);
#6934=PLANE('',#6935);
#6935=AXIS2_PLACEMENT_3D('',#103,#6936,#6937);
#6936=DIRECTION('',(0.6087698953649676,0,-0.7933468437558232));
#6937=DIRECTION('',(0,1,0));
#6938=FACE_BOUND('',#6939,.T.);
#6939=EDGE_LOOP('',(#6940,#6941,#6942));
#6940=ORIENTED_EDGE('',*,*,#6943,.T.);
#6941=ORIENTED_EDGE('',*,*,#6944,.T.);
#6942=ORIENTED_EDGE('',*,*,#6945,.T.);
#6943=EDGE_CURVE('',#104,#284,#6946,.F.);
#6944=EDGE_CURVE('',#284,#106,#6947,.T.);
#6945=EDGE_CURVE('',#106,#104,#6948,.T.);
#6946=LINE('',#103,#6949);
#6947=LINE('',#283,#6950);
#6948=LINE('',#105,#6951);
#6949=VECTOR('',#6952,1.0);
#6950=VECTOR('',#6953,1.0);
#6951=VECTOR('',#6954,1.0);
#6952=DIRECTION('',(0,1,0));
#6953=DIRECTION('',(0.04594586488679014,-0.9983215775192191,0.03525628113318988));
#6954=DIRECTION('',(-0.7933468437558232,0,-0.6087698953649676));
#6955=FACE_SURFACE('',(#6960),#6956,.T.);
#6956=PLANE('',#6957);
#6957=AXIS2_PLACEMENT_3D('',#105,#6958,#6959);
#6958=DIRECTION('',(0.6087698953649676,0,-0.7933468437558232));
#6959=DIRECTION('',(-0.04594586488679014,0.9983215775192191,-0.03525628113318988));
#6960=FACE_BOUND('',#6961,.T.);
#6961=EDGE_LOOP('',(#6962,#6963,#6964));
#6962=ORIENTED_EDGE('',*,*,#6965,.T.);
#6963=ORIENTED_EDGE('',*,*,#6966,.T.);
#6964=ORIENTED_EDGE('',*,*,#6967,.T.);
#6965=EDGE_CURVE('',#106,#284,#6968,.F.);
#6966=EDGE_CURVE('',#284,#282,#6969,.T.);
#6967=EDGE_CURVE('',#282,#106,#6970,.T.);
#6968=LINE('',#105,#6971);
#6969=LINE('',#283,#6972);
#6970=LINE('',#281,#6973);
#6971=VECTOR('',#6974,1.0);
#6972=VECTOR('',#6975,1.0);
#6973=VECTOR('',#6976,1.0);
#6974=DIRECTION('',(-0.04594586488679014,0.9983215775192191,-0.03525628113318988));
#6975=DIRECTION('',(0.7933468437558232,0,0.6087698953649676));
#6976=DIRECTION('',(0,-1,0));
#6977=FACE_SURFACE('',(#6982),#6978,.T.);
#6978=PLANE('',#6979);
#6979=AXIS2_PLACEMENT_3D('',#105,#6980,#6981);
#6980=DIRECTION('',(0.38267792686568614,0,-0.923881812944589));
#6981=DIRECTION('',(0,1,0));
#6982=FACE_BOUND('',#6983,.T.);
#6983=EDGE_LOOP('',(#6984,#6985,#6986));
#6984=ORIENTED_EDGE('',*,*,#6987,.T.);
#6985=ORIENTED_EDGE('',*,*,#6988,.T.);
#6986=ORIENTED_EDGE('',*,*,#6989,.T.);
#6987=EDGE_CURVE('',#106,#282,#6990,.F.);
#6988=EDGE_CURVE('',#282,#108,#6991,.T.);
#6989=EDGE_CURVE('',#108,#106,#6992,.T.);
#6990=LINE('',#105,#6993);
#6991=LINE('',#281,#6994);
#6992=LINE('',#107,#6995);
#6993=VECTOR('',#6996,1.0);
#6994=VECTOR('',#6997,1.0);
#6995=VECTOR('',#6998,1.0);
#6996=DIRECTION('',(0,1,0));
#6997=DIRECTION('',(0.05350648420387955,-0.9983215259614332,0.02216273787634379));
#6998=DIRECTION('',(-0.923881812944589,0,-0.3826779268656862));
#6999=FACE_SURFACE('',(#7004),#7000,.T.);
#7000=PLANE('',#7001);
#7001=AXIS2_PLACEMENT_3D('',#107,#7002,#7003);
#7002=DIRECTION('',(0.38267792686568614,0,-0.923881812944589));
#7003=DIRECTION('',(-0.05350648420387955,0.9983215259614332,-0.02216273787634379));
#7004=FACE_BOUND('',#7005,.T.);
#7005=EDGE_LOOP('',(#7006,#7007,#7008));
#7006=ORIENTED_EDGE('',*,*,#7009,.T.);
#7007=ORIENTED_EDGE('',*,*,#7010,.T.);
#7008=ORIENTED_EDGE('',*,*,#7011,.T.);
#7009=EDGE_CURVE('',#108,#282,#7012,.F.);
#7010=EDGE_CURVE('',#282,#280,#7013,.T.);
#7011=EDGE_CURVE('',#280,#108,#7014,.T.);
#7012=LINE('',#107,#7015);
#7013=LINE('',#281,#7016);
#7014=LINE('',#279,#7017);
#7015=VECTOR('',#7018,1.0);
#7016=VECTOR('',#7019,1.0);
#7017=VECTOR('',#7020,1.0);
#7018=DIRECTION('',(-0.05350648420387955,0.9983215259614332,-0.02216273787634379));
#7019=DIRECTION('',(0.923881812944589,0,0.3826779268656862));
#7020=DIRECTION('',(0,-1,0));
#7021=FACE_SURFACE('',(#7026),#7022,.T.);
#7022=PLANE('',#7023);
#7023=AXIS2_PLACEMENT_3D('',#107,#7024,#7025);
#7024=DIRECTION('',(0.1305270476669197,0,-0.9914447487517183));
#7025=DIRECTION('',(0,1,0));
#7026=FACE_BOUND('',#7027,.T.);
#7027=EDGE_LOOP('',(#7028,#7029,#7030));
#7028=ORIENTED_EDGE('',*,*,#7031,.T.);
#7029=ORIENTED_EDGE('',*,*,#7032,.T.);
#7030=ORIENTED_EDGE('',*,*,#7033,.T.);
#7031=EDGE_CURVE('',#108,#280,#7034,.F.);
#7032=EDGE_CURVE('',#280,#110,#7035,.T.);
#7033=EDGE_CURVE('',#110,#108,#7036,.T.);
#7034=LINE('',#107,#7037);
#7035=LINE('',#279,#7038);
#7036=LINE('',#109,#7039);
#7037=VECTOR('',#7040,1.0);
#7038=VECTOR('',#7041,1.0);
#7039=VECTOR('',#7042,1.0);
#7040=DIRECTION('',(0,1,0));
#7041=DIRECTION('',(0.05741813399194176,-0.9983215989881368,0.007559291147537862));
#7042=DIRECTION('',(-0.9914447487517183,0,-0.1305270476669197));
#7043=FACE_SURFACE('',(#7048),#7044,.T.);
#7044=PLANE('',#7045);
#7045=AXIS2_PLACEMENT_3D('',#109,#7046,#7047);
#7046=DIRECTION('',(0.1305270476669197,0,-0.9914447487517183));
#7047=DIRECTION('',(-0.05741813399194176,0.9983215989881368,-0.007559291147537862));
#7048=FACE_BOUND('',#7049,.T.);
#7049=EDGE_LOOP('',(#7050,#7051,#7052));
#7050=ORIENTED_EDGE('',*,*,#7053,.T.);
#7051=ORIENTED_EDGE('',*,*,#7054,.T.);
#7052=ORIENTED_EDGE('',*,*,#7055,.T.);
#7053=EDGE_CURVE('',#110,#280,#7056,.F.);
#7054=EDGE_CURVE('',#280,#278,#7057,.T.);
#7055=EDGE_CURVE('',#278,#110,#7058,.T.);
#7056=LINE('',#109,#7059);
#7057=LINE('',#279,#7060);
#7058=LINE('',#277,#7061);
#7059=VECTOR('',#7062,1.0);
#7060=VECTOR('',#7063,1.0);
#7061=VECTOR('',#7064,1.0);
#7062=DIRECTION('',(-0.05741813399194176,0.9983215989881368,-0.007559291147537862));
#7063=DIRECTION('',(0.9914447487517183,0,0.1305270476669197));
#7064=DIRECTION('',(0,-1,0));
#7065=FACE_SURFACE('',(#7070),#7066,.T.);
#7066=PLANE('',#7067);
#7067=AXIS2_PLACEMENT_3D('',#109,#7068,#7069);
#7068=DIRECTION('',(-0.13052704766693377,0,-0.9914447487517164));
#7069=DIRECTION('',(0,1,0));
#7070=FACE_BOUND('',#7071,.T.);
#7071=EDGE_LOOP('',(#7072,#7073,#7074));
#7072=ORIENTED_EDGE('',*,*,#7075,.T.);
#7073=ORIENTED_EDGE('',*,*,#7076,.T.);
#7074=ORIENTED_EDGE('',*,*,#7077,.T.);
#7075=EDGE_CURVE('',#110,#278,#7078,.F.);
#7076=EDGE_CURVE('',#278,#112,#7079,.T.);
#7077=EDGE_CURVE('',#112,#110,#7080,.T.);
#7078=LINE('',#109,#7081);
#7079=LINE('',#277,#7082);
#7080=LINE('',#111,#7083);
#7081=VECTOR('',#7084,1.0);
#7082=VECTOR('',#7085,1.0);
#7083=VECTOR('',#7086,1.0);
#7084=DIRECTION('',(0,1,0));
#7085=DIRECTION('',(0.05741813399193548,-0.9983215989881372,-0.007559291147537866));
#7086=DIRECTION('',(-0.9914447487517163,0,0.13052704766693377));
#7087=FACE_SURFACE('',(#7092),#7088,.T.);
#7088=PLANE('',#7089);
#7089=AXIS2_PLACEMENT_3D('',#111,#7090,#7091);
#7090=DIRECTION('',(-0.13052704766693377,0,-0.9914447487517164));
#7091=DIRECTION('',(-0.05741813399193548,0.9983215989881372,0.007559291147537866));
#7092=FACE_BOUND('',#7093,.T.);
#7093=EDGE_LOOP('',(#7094,#7095,#7096));
#7094=ORIENTED_EDGE('',*,*,#7097,.T.);
#7095=ORIENTED_EDGE('',*,*,#7098,.T.);
#7096=ORIENTED_EDGE('',*,*,#7099,.T.);
#7097=EDGE_CURVE('',#112,#278,#7100,.F.);
#7098=EDGE_CURVE('',#278,#276,#7101,.T.);
#7099=EDGE_CURVE('',#276,#112,#7102,.T.);
#7100=LINE('',#111,#7103);
#7101=LINE('',#277,#7104);
#7102=LINE('',#275,#7105);
#7103=VECTOR('',#7106,1.0);
#7104=VECTOR('',#7107,1.0);
#7105=VECTOR('',#7108,1.0);
#7106=DIRECTION('',(-0.05741813399193548,0.9983215989881372,0.007559291147537866));
#7107=DIRECTION('',(0.9914447487517163,0,-0.13052704766693377));
#7108=DIRECTION('',(0,-1,0));
#7109=FACE_SURFACE('',(#7114),#7110,.T.);
#7110=PLANE('',#7111);
#7111=AXIS2_PLACEMENT_3D('',#111,#7112,#7113);
#7112=DIRECTION('',(-0.38267792686564767,0,-0.9238818129446049));
#7113=DIRECTION('',(0,1,0));
#7114=FACE_BOUND('',#7115,.T.);
#7115=EDGE_LOOP('',(#7116,#7117,#7118));
#7116=ORIENTED_EDGE('',*,*,#7119,.T.);
#7117=ORIENTED_EDGE('',*,*,#7120,.T.);
#7118=ORIENTED_EDGE('',*,*,#7121,.T.);
#7119=EDGE_CURVE('',#112,#276,#7122,.F.);
#7120=EDGE_CURVE('',#276,#114,#7123,.T.);
#7121=EDGE_CURVE('',#114,#112,#7124,.T.);
#7122=LINE('',#111,#7125);
#7123=LINE('',#275,#7126);
#7124=LINE('',#113,#7127);
#7125=VECTOR('',#7128,1.0);
#7126=VECTOR('',#7129,1.0);
#7127=VECTOR('',#7130,1.0);
#7128=DIRECTION('',(0,1,0));
#7129=DIRECTION('',(0.05350648420388584,-0.9983215259614329,-0.02216273787634378));
#7130=DIRECTION('',(-0.923881812944605,0,0.38267792686564767));
#7131=FACE_SURFACE('',(#7136),#7132,.T.);
#7132=PLANE('',#7133);
#7133=AXIS2_PLACEMENT_3D('',#113,#7134,#7135);
#7134=DIRECTION('',(-0.38267792686564767,0,-0.9238818129446049));
#7135=DIRECTION('',(-0.05350648420388584,0.9983215259614329,0.02216273787634378));
#7136=FACE_BOUND('',#7137,.T.);
#7137=EDGE_LOOP('',(#7138,#7139,#7140));
#7138=ORIENTED_EDGE('',*,*,#7141,.T.);
#7139=ORIENTED_EDGE('',*,*,#7142,.T.);
#7140=ORIENTED_EDGE('',*,*,#7143,.T.);
#7141=EDGE_CURVE('',#114,#276,#7144,.F.);
#7142=EDGE_CURVE('',#276,#274,#7145,.T.);
#7143=EDGE_CURVE('',#274,#114,#7146,.T.);
#7144=LINE('',#113,#7147);
#7145=LINE('',#275,#7148);
#7146=LINE('',#273,#7149);
#7147=VECTOR('',#7150,1.0);
#7148=VECTOR('',#7151,1.0);
#7149=VECTOR('',#7152,1.0);
#7150=DIRECTION('',(-0.05350648420388584,0.9983215259614329,0.02216273787634378));
#7151=DIRECTION('',(0.923881812944605,0,-0.38267792686564767));
#7152=DIRECTION('',(0,-1,0));
#7153=FACE_SURFACE('',(#7158),#7154,.T.);
#7154=PLANE('',#7155);
#7155=AXIS2_PLACEMENT_3D('',#113,#7156,#7157);
#7156=DIRECTION('',(-0.6087698953650201,0,-0.7933468437557827));
#7157=DIRECTION('',(0,1,0));
#7158=FACE_BOUND('',#7159,.T.);
#7159=EDGE_LOOP('',(#7160,#7161,#7162));
#7160=ORIENTED_EDGE('',*,*,#7163,.T.);
#7161=ORIENTED_EDGE('',*,*,#7164,.T.);
#7162=ORIENTED_EDGE('',*,*,#7165,.T.);
#7163=EDGE_CURVE('',#114,#274,#7166,.F.);
#7164=EDGE_CURVE('',#274,#116,#7167,.T.);
#7165=EDGE_CURVE('',#116,#114,#7168,.T.);
#7166=LINE('',#113,#7169);
#7167=LINE('',#273,#7170);
#7168=LINE('',#115,#7171);
#7169=VECTOR('',#7172,1.0);
#7170=VECTOR('',#7173,1.0);
#7171=VECTOR('',#7174,1.0);
#7172=DIRECTION('',(0,1,0));
#7173=DIRECTION('',(0.04594586488678385,-0.9983215775192196,-0.0352562811331899));
#7174=DIRECTION('',(-0.7933468437557828,0,0.6087698953650201));
#7175=FACE_SURFACE('',(#7180),#7176,.T.);
#7176=PLANE('',#7177);
#7177=AXIS2_PLACEMENT_3D('',#115,#7178,#7179);
#7178=DIRECTION('',(-0.6087698953650201,0,-0.7933468437557827));
#7179=DIRECTION('',(-0.04594586488678385,0.9983215775192196,0.0352562811331899));
#7180=FACE_BOUND('',#7181,.T.);
#7181=EDGE_LOOP('',(#7182,#7183,#7184));
#7182=ORIENTED_EDGE('',*,*,#7185,.T.);
#7183=ORIENTED_EDGE('',*,*,#7186,.T.);
#7184=ORIENTED_EDGE('',*,*,#7187,.T.);
#7185=EDGE_CURVE('',#116,#274,#7188,.F.);
#7186=EDGE_CURVE('',#274,#272,#7189,.T.);
#7187=EDGE_CURVE('',#272,#116,#7190,.T.);
#7188=LINE('',#115,#7191);
#7189=LINE('',#273,#7192);
#7190=LINE('',#271,#7193);
#7191=VECTOR('',#7194,1.0);
#7192=VECTOR('',#7195,1.0);
#7193=VECTOR('',#7196,1.0);
#7194=DIRECTION('',(-0.04594586488678385,0.9983215775192196,0.0352562811331899));
#7195=DIRECTION('',(0.7933468437557828,0,-0.6087698953650201));
#7196=DIRECTION('',(0,-1,0));
#7197=FACE_SURFACE('',(#7202),#7198,.T.);
#7198=PLANE('',#7199);
#7199=AXIS2_PLACEMENT_3D('',#115,#7200,#7201);
#7200=DIRECTION('',(-0.7933644835949852,0,-0.6087469064973244));
#7201=DIRECTION('',(0,1,0));
#7202=FACE_BOUND('',#7203,.T.);
#7203=EDGE_LOOP('',(#7204,#7205,#7206));
#7204=ORIENTED_EDGE('',*,*,#7207,.T.);
#7205=ORIENTED_EDGE('',*,*,#7208,.T.);
#7206=ORIENTED_EDGE('',*,*,#7209,.T.);
#7207=EDGE_CURVE('',#116,#272,#7210,.F.);
#7208=EDGE_CURVE('',#272,#118,#7211,.T.);
#7209=EDGE_CURVE('',#118,#116,#7212,.T.);
#7210=LINE('',#115,#7213);
#7211=LINE('',#271,#7214);
#7212=LINE('',#117,#7215);
#7213=VECTOR('',#7216,1.0);
#7214=VECTOR('',#7217,1.0);
#7215=VECTOR('',#7218,1.0);
#7216=DIRECTION('',(0,1,0));
#7217=DIRECTION('',(0.03525450782647743,-0.9983216196332675,-0.04594631052350419));
#7218=DIRECTION('',(-0.6087469064973243,0,0.7933644835949852));
#7219=FACE_SURFACE('',(#7224),#7220,.T.);
#7220=PLANE('',#7221);
#7221=AXIS2_PLACEMENT_3D('',#117,#7222,#7223);
#7222=DIRECTION('',(-0.7933644835949852,0,-0.6087469064973244));
#7223=DIRECTION('',(-0.03525450782647743,0.9983216196332675,0.04594631052350419));
#7224=FACE_BOUND('',#7225,.T.);
#7225=EDGE_LOOP('',(#7226,#7227,#7228));
#7226=ORIENTED_EDGE('',*,*,#7229,.T.);
#7227=ORIENTED_EDGE('',*,*,#7230,.T.);
#7228=ORIENTED_EDGE('',*,*,#7231,.T.);
#7229=EDGE_CURVE('',#118,#272,#7232,.F.);
#7230=EDGE_CURVE('',#272,#270,#7233,.T.);
#7231=EDGE_CURVE('',#270,#118,#7234,.T.);
#7232=LINE('',#117,#7235);
#7233=LINE('',#271,#7236);
#7234=LINE('',#269,#7237);
#7235=VECTOR('',#7238,1.0);
#7236=VECTOR('',#7239,1.0);
#7237=VECTOR('',#7240,1.0);
#7238=DIRECTION('',(-0.03525450782647743,0.9983216196332675,0.04594631052350419));
#7239=DIRECTION('',(0.6087469064973243,0,-0.7933644835949852));
#7240=DIRECTION('',(0,-1,0));
#7241=FACE_SURFACE('',(#7246),#7242,.T.);
#7242=PLANE('',#7243);
#7243=AXIS2_PLACEMENT_3D('',#117,#7244,#7245);
#7244=DIRECTION('',(-0.9238530418015016,0,-0.3827473803360553));
#7245=DIRECTION('',(0,1,0));
#7246=FACE_BOUND('',#7247,.T.);
#7247=EDGE_LOOP('',(#7248,#7249,#7250));
#7248=ORIENTED_EDGE('',*,*,#7251,.T.);
#7249=ORIENTED_EDGE('',*,*,#7252,.T.);
#7250=ORIENTED_EDGE('',*,*,#7253,.T.);
#7251=EDGE_CURVE('',#118,#270,#7254,.F.);
#7252=EDGE_CURVE('',#270,#120,#7255,.T.);
#7253=EDGE_CURVE('',#120,#118,#7256,.T.);
#7254=LINE('',#117,#7257);
#7255=LINE('',#269,#7258);
#7256=LINE('',#119,#7259);
#7257=VECTOR('',#7260,1.0);
#7258=VECTOR('',#7261,1.0);
#7259=VECTOR('',#7262,1.0);
#7260=DIRECTION('',(0,1,0));
#7261=DIRECTION('',(0.022167173470258997,-0.9983214633320633,-0.053505815299531016));
#7262=DIRECTION('',(-0.38274738033605527,0,0.9238530418015015));
#7263=FACE_SURFACE('',(#7268),#7264,.T.);
#7264=PLANE('',#7265);
#7265=AXIS2_PLACEMENT_3D('',#119,#7266,#7267);
#7266=DIRECTION('',(-0.9238530418015016,0,-0.3827473803360553));
#7267=DIRECTION('',(-0.022167173470258997,0.9983214633320633,0.053505815299531016));
#7268=FACE_BOUND('',#7269,.T.);
#7269=EDGE_LOOP('',(#7270,#7271,#7272));
#7270=ORIENTED_EDGE('',*,*,#7273,.T.);
#7271=ORIENTED_EDGE('',*,*,#7274,.T.);
#7272=ORIENTED_EDGE('',*,*,#7275,.T.);
#7273=EDGE_CURVE('',#120,#270,#7276,.F.);
#7274=EDGE_CURVE('',#270,#268,#7277,.T.);
#7275=EDGE_CURVE('',#268,#120,#7278,.T.);
#7276=LINE('',#119,#7279);
#7277=LINE('',#269,#7280);
#7278=LINE('',#267,#7281);
#7279=VECTOR('',#7282,1.0);
#7280=VECTOR('',#7283,1.0);
#7281=VECTOR('',#7284,1.0);
#7282=DIRECTION('',(-0.022167173470258997,0.9983214633320633,0.053505815299531016));
#7283=DIRECTION('',(0.38274738033605527,0,-0.9238530418015015));
#7284=DIRECTION('',(0,-1,0));
#7285=FACE_SURFACE('',(#7290),#7286,.T.);
#7286=PLANE('',#7287);
#7287=AXIS2_PLACEMENT_3D('',#255,#7288,#7289);
#7288=DIRECTION('',(-0,-0,-1));
#7289=DIRECTION('',(0,-1,0));
#7290=FACE_BOUND('',#7291,.T.);
#7291=EDGE_LOOP('',(#7292,#7293,#7294));
#7292=ORIENTED_EDGE('',*,*,#7295,.T.);
#7293=ORIENTED_EDGE('',*,*,#7296,.T.);
#7294=ORIENTED_EDGE('',*,*,#7297,.T.);
#7295=EDGE_CURVE('',#256,#362,#7298,.F.);
#7296=EDGE_CURVE('',#362,#258,#7299,.T.);
#7297=EDGE_CURVE('',#258,#256,#7300,.T.);
#7298=LINE('',#255,#7301);
#7299=LINE('',#361,#7302);
#7300=LINE('',#257,#7303);
#7301=VECTOR('',#7304,1.0);
#7302=VECTOR('',#7305,1.0);
#7303=VECTOR('',#7306,1.0);
#7304=DIRECTION('',(0,-1,0));
#7305=DIRECTION('',(-0.9998650507056381,0.01642803632245421,0));
#7306=DIRECTION('',(1,0,0));
#7307=FACE_SURFACE('',(#7312),#7308,.T.);
#7308=PLANE('',#7309);
#7309=AXIS2_PLACEMENT_3D('',#257,#7310,#7311);
#7310=DIRECTION('',(0,0,-1));
#7311=DIRECTION('',(0.9998650507056381,-0.01642803632245421,0));
#7312=FACE_BOUND('',#7313,.T.);
#7313=EDGE_LOOP('',(#7314,#7315,#7316));
#7314=ORIENTED_EDGE('',*,*,#7317,.T.);
#7315=ORIENTED_EDGE('',*,*,#7318,.T.);
#7316=ORIENTED_EDGE('',*,*,#7319,.T.);
#7317=EDGE_CURVE('',#258,#362,#7320,.F.);
#7318=EDGE_CURVE('',#362,#364,#7321,.T.);
#7319=EDGE_CURVE('',#364,#258,#7322,.T.);
#7320=LINE('',#257,#7323);
#7321=LINE('',#361,#7324);
#7322=LINE('',#363,#7325);
#7323=VECTOR('',#7326,1.0);
#7324=VECTOR('',#7327,1.0);
#7325=VECTOR('',#7328,1.0);
#7326=DIRECTION('',(0.9998650507056381,-0.01642803632245421,0));
#7327=DIRECTION('',(-1,0,0));
#7328=DIRECTION('',(0,1,0));
#7329=FACE_SURFACE('',(#7334),#7330,.T.);
#7330=PLANE('',#7331);
#7331=AXIS2_PLACEMENT_3D('',#257,#7332,#7333);
#7332=DIRECTION('',(1,0,0));
#7333=DIRECTION('',(0,-1,0));
#7334=FACE_BOUND('',#7335,.T.);
#7335=EDGE_LOOP('',(#7336,#7337,#7338));
#7336=ORIENTED_EDGE('',*,*,#7339,.T.);
#7337=ORIENTED_EDGE('',*,*,#7340,.T.);
#7338=ORIENTED_EDGE('',*,*,#7341,.T.);
#7339=EDGE_CURVE('',#258,#364,#7342,.F.);
#7340=EDGE_CURVE('',#364,#260,#7343,.T.);
#7341=EDGE_CURVE('',#260,#258,#7344,.T.);
#7342=LINE('',#257,#7345);
#7343=LINE('',#363,#7346);
#7344=LINE('',#259,#7347);
#7345=VECTOR('',#7348,1.0);
#7346=VECTOR('',#7349,1.0);
#7347=VECTOR('',#7350,1.0);
#7348=DIRECTION('',(0,-1,0));
#7349=DIRECTION('',(0,0.021486549268246582,-0.9997691374515135));
#7350=DIRECTION('',(0,0,1));
#7351=FACE_SURFACE('',(#7356),#7352,.T.);
#7352=PLANE('',#7353);
#7353=AXIS2_PLACEMENT_3D('',#259,#7354,#7355);
#7354=DIRECTION('',(1,0,0));
#7355=DIRECTION('',(0,-0.021486549268246582,0.9997691374515135));
#7356=FACE_BOUND('',#7357,.T.);
#7357=EDGE_LOOP('',(#7358,#7359,#7360));
#7358=ORIENTED_EDGE('',*,*,#7361,.T.);
#7359=ORIENTED_EDGE('',*,*,#7362,.T.);
#7360=ORIENTED_EDGE('',*,*,#7363,.T.);
#7361=EDGE_CURVE('',#260,#364,#7364,.F.);
#7362=EDGE_CURVE('',#364,#366,#7365,.T.);
#7363=EDGE_CURVE('',#366,#260,#7366,.T.);
#7364=LINE('',#259,#7367);
#7365=LINE('',#363,#7368);
#7366=LINE('',#365,#7369);
#7367=VECTOR('',#7370,1.0);
#7368=VECTOR('',#7371,1.0);
#7369=VECTOR('',#7372,1.0);
#7370=DIRECTION('',(0,-0.021486549268246582,0.9997691374515135));
#7371=DIRECTION('',(0,0,-1));
#7372=DIRECTION('',(0,1,0));
#7373=FACE_SURFACE('',(#7378),#7374,.T.);
#7374=PLANE('',#7375);
#7375=AXIS2_PLACEMENT_3D('',#261,#7376,#7377);
#7376=DIRECTION('',(1,0,0));
#7377=DIRECTION('',(0,-1,0));
#7378=FACE_BOUND('',#7379,.T.);
#7379=EDGE_LOOP('',(#7380,#7381,#7382));
#7380=ORIENTED_EDGE('',*,*,#7383,.T.);
#7381=ORIENTED_EDGE('',*,*,#7384,.T.);
#7382=ORIENTED_EDGE('',*,*,#7385,.T.);
#7383=EDGE_CURVE('',#262,#368,#7386,.F.);
#7384=EDGE_CURVE('',#368,#264,#7387,.T.);
#7385=EDGE_CURVE('',#264,#262,#7388,.T.);
#7386=LINE('',#261,#7389);
#7387=LINE('',#367,#7390);
#7388=LINE('',#263,#7391);
#7389=VECTOR('',#7392,1.0);
#7390=VECTOR('',#7393,1.0);
#7391=VECTOR('',#7394,1.0);
#7392=DIRECTION('',(0,-1,0));
#7393=DIRECTION('',(0,0.9977851578566089,-0.06651901052377487));
#7394=DIRECTION('',(0,0,1));
#7395=FACE_SURFACE('',(#7400),#7396,.T.);
#7396=PLANE('',#7397);
#7397=AXIS2_PLACEMENT_3D('',#263,#7398,#7399);
#7398=DIRECTION('',(1,0,0));
#7399=DIRECTION('',(0,-0.9977851578566089,0.06651901052377487));
#7400=FACE_BOUND('',#7401,.T.);
#7401=EDGE_LOOP('',(#7402,#7403,#7404));
#7402=ORIENTED_EDGE('',*,*,#7405,.T.);
#7403=ORIENTED_EDGE('',*,*,#7406,.T.);
#7404=ORIENTED_EDGE('',*,*,#7407,.T.);
#7405=EDGE_CURVE('',#264,#368,#7408,.F.);
#7406=EDGE_CURVE('',#368,#370,#7409,.T.);
#7407=EDGE_CURVE('',#370,#264,#7410,.T.);
#7408=LINE('',#263,#7411);
#7409=LINE('',#367,#7412);
#7410=LINE('',#369,#7413);
#7411=VECTOR('',#7414,1.0);
#7412=VECTOR('',#7415,1.0);
#7413=VECTOR('',#7416,1.0);
#7414=DIRECTION('',(0,-0.9977851578566089,0.06651901052377487));
#7415=DIRECTION('',(0,0,-1));
#7416=DIRECTION('',(0,1,0));
#7417=FACE_SURFACE('',(#7422),#7418,.T.);
#7418=PLANE('',#7419);
#7419=AXIS2_PLACEMENT_3D('',#365,#7420,#7421);
#7420=DIRECTION('',(0,1,0));
#7421=DIRECTION('',(0,0,1));
#7422=FACE_BOUND('',#7423,.T.);
#7423=EDGE_LOOP('',(#7424,#7425,#7426));
#7424=ORIENTED_EDGE('',*,*,#7427,.T.);
#7425=ORIENTED_EDGE('',*,*,#7428,.T.);
#7426=ORIENTED_EDGE('',*,*,#7429,.T.);
#7427=EDGE_CURVE('',#366,#364,#7430,.F.);
#7428=EDGE_CURVE('',#364,#368,#7431,.T.);
#7429=EDGE_CURVE('',#368,#366,#7432,.T.);
#7430=LINE('',#365,#7433);
#7431=LINE('',#363,#7434);
#7432=LINE('',#367,#7435);
#7433=VECTOR('',#7436,1.0);
#7434=VECTOR('',#7437,1.0);
#7435=VECTOR('',#7438,1.0);
#7436=DIRECTION('',(0,0,1));
#7437=DIRECTION('',(0.2526406836526865,0,-0.967560171236654));
#7438=DIRECTION('',(-1,0,0));
#7439=FACE_SURFACE('',(#7444),#7440,.T.);
#7440=PLANE('',#7441);
#7441=AXIS2_PLACEMENT_3D('',#367,#7442,#7443);
#7442=DIRECTION('',(0,1,-0));
#7443=DIRECTION('',(-0.2526406836526865,0,0.967560171236654));
#7444=FACE_BOUND('',#7445,.T.);
#7445=EDGE_LOOP('',(#7446,#7447,#7448));
#7446=ORIENTED_EDGE('',*,*,#7449,.T.);
#7447=ORIENTED_EDGE('',*,*,#7450,.T.);
#7448=ORIENTED_EDGE('',*,*,#7451,.T.);
#7449=EDGE_CURVE('',#368,#364,#7452,.F.);
#7450=EDGE_CURVE('',#364,#372,#7453,.T.);
#7451=EDGE_CURVE('',#372,#368,#7454,.T.);
#7452=LINE('',#367,#7455);
#7453=LINE('',#363,#7456);
#7454=LINE('',#371,#7457);
#7455=VECTOR('',#7458,1.0);
#7456=VECTOR('',#7459,1.0);
#7457=VECTOR('',#7460,1.0);
#7458=DIRECTION('',(-0.2526406836526865,0,0.967560171236654));
#7459=DIRECTION('',(0.9077810839979186,0,-0.41944427941690166));
#7460=DIRECTION('',(-0.9354414753901272,0,-0.3534816064803683));
#7461=FACE_SURFACE('',(#7466),#7462,.T.);
#7462=PLANE('',#7463);
#7463=AXIS2_PLACEMENT_3D('',#367,#7464,#7465);
#7464=DIRECTION('',(-0,1,0));
#7465=DIRECTION('',(0.9354414753901272,0,0.3534816064803683));
#7466=FACE_BOUND('',#7467,.T.);
#7467=EDGE_LOOP('',(#7468,#7469,#7470));
#7468=ORIENTED_EDGE('',*,*,#7471,.T.);
#7469=ORIENTED_EDGE('',*,*,#7472,.T.);
#7470=ORIENTED_EDGE('',*,*,#7473,.T.);
#7471=EDGE_CURVE('',#368,#372,#7474,.F.);
#7472=EDGE_CURVE('',#372,#376,#7475,.T.);
#7473=EDGE_CURVE('',#376,#368,#7476,.T.);
#7474=LINE('',#367,#7477);
#7475=LINE('',#371,#7478);
#7476=LINE('',#375,#7479);
#7477=VECTOR('',#7480,1.0);
#7478=VECTOR('',#7481,1.0);
#7479=VECTOR('',#7482,1.0);
#7480=DIRECTION('',(0.9354414753901272,0,0.3534816064803683));
#7481=DIRECTION('',(0.003608555396170446,0,-0.9999934891427807));
#7482=DIRECTION('',(-0.9999990661129374,0,0.0013666650113326039));
#7483=FACE_SURFACE('',(#7488),#7484,.T.);
#7484=PLANE('',#7485);
#7485=AXIS2_PLACEMENT_3D('',#375,#7486,#7487);
#7486=DIRECTION('',(0,1,-0));
#7487=DIRECTION('',(-0.003608555396170446,0,0.9999934891427807));
#7488=FACE_BOUND('',#7489,.T.);
#7489=EDGE_LOOP('',(#7490,#7491,#7492));
#7490=ORIENTED_EDGE('',*,*,#7493,.T.);
#7491=ORIENTED_EDGE('',*,*,#7494,.T.);
#7492=ORIENTED_EDGE('',*,*,#7495,.T.);
#7493=EDGE_CURVE('',#376,#372,#7496,.F.);
#7494=EDGE_CURVE('',#372,#374,#7497,.T.);
#7495=EDGE_CURVE('',#374,#376,#7498,.T.);
#7496=LINE('',#375,#7499);
#7497=LINE('',#371,#7500);
#7498=LINE('',#373,#7501);
#7499=VECTOR('',#7502,1.0);
#7500=VECTOR('',#7503,1.0);
#7501=VECTOR('',#7504,1.0);
#7502=DIRECTION('',(-0.003608555396170446,0,0.9999934891427807));
#7503=DIRECTION('',(1,0,0));
#7504=DIRECTION('',(0,0,-1));
#7505=FACE_SURFACE('',(#7510),#7506,.T.);
#7506=PLANE('',#7507);
#7507=AXIS2_PLACEMENT_3D('',#363,#7508,#7509);
#7508=DIRECTION('',(-0,1,0));
#7509=DIRECTION('',(1,0,0));
#7510=FACE_BOUND('',#7511,.T.);
#7511=EDGE_LOOP('',(#7512,#7513,#7514));
#7512=ORIENTED_EDGE('',*,*,#7515,.T.);
#7513=ORIENTED_EDGE('',*,*,#7516,.T.);
#7514=ORIENTED_EDGE('',*,*,#7517,.T.);
#7515=EDGE_CURVE('',#364,#362,#7518,.F.);
#7516=EDGE_CURVE('',#362,#372,#7519,.T.);
#7517=EDGE_CURVE('',#372,#364,#7520,.T.);
#7518=LINE('',#363,#7521);
#7519=LINE('',#361,#7522);
#7520=LINE('',#371,#7523);
#7521=VECTOR('',#7524,1.0);
#7522=VECTOR('',#7525,1.0);
#7523=VECTOR('',#7526,1.0);
#7524=DIRECTION('',(1,0,0));
#7525=DIRECTION('',(0,0,-1));
#7526=DIRECTION('',(-0.9077810839979186,0,0.41944427941690166));
#7527=FACE_SURFACE('',(#7532),#7528,.T.);
#7528=PLANE('',#7529);
#7529=AXIS2_PLACEMENT_3D('',#375,#7530,#7531);
#7530=DIRECTION('',(0,1,0));
#7531=DIRECTION('',(-1,0,0));
#7532=FACE_BOUND('',#7533,.T.);
#7533=EDGE_LOOP('',(#7534,#7535,#7536));
#7534=ORIENTED_EDGE('',*,*,#7537,.T.);
#7535=ORIENTED_EDGE('',*,*,#7538,.T.);
#7536=ORIENTED_EDGE('',*,*,#7539,.T.);
#7537=EDGE_CURVE('',#376,#370,#7540,.F.);
#7538=EDGE_CURVE('',#370,#368,#7541,.T.);
#7539=EDGE_CURVE('',#368,#376,#7542,.T.);
#7540=LINE('',#375,#7543);
#7541=LINE('',#369,#7544);
#7542=LINE('',#367,#7545);
#7543=VECTOR('',#7546,1.0);
#7544=VECTOR('',#7547,1.0);
#7545=VECTOR('',#7548,1.0);
#7546=DIRECTION('',(-1,0,0));
#7547=DIRECTION('',(0,0,1));
#7548=DIRECTION('',(0.9999990661129374,0,-0.0013666650113326039));
#7549=FACE_SURFACE('',(#7554),#7550,.T.);
#7550=PLANE('',#7551);
#7551=AXIS2_PLACEMENT_3D('',#261,#7552,#7553);
#7552=DIRECTION('',(0,0,1));
#7553=DIRECTION('',(-1,0,0));
#7554=FACE_BOUND('',#7555,.T.);
#7555=EDGE_LOOP('',(#7556,#7557,#7558));
#7556=ORIENTED_EDGE('',*,*,#7559,.T.);
#7557=ORIENTED_EDGE('',*,*,#7560,.T.);
#7558=ORIENTED_EDGE('',*,*,#7561,.T.);
#7559=EDGE_CURVE('',#262,#260,#7562,.F.);
#7560=EDGE_CURVE('',#260,#368,#7563,.T.);
#7561=EDGE_CURVE('',#368,#262,#7564,.T.);
#7562=LINE('',#261,#7565);
#7563=LINE('',#259,#7566);
#7564=LINE('',#367,#7567);
#7565=VECTOR('',#7568,1.0);
#7566=VECTOR('',#7569,1.0);
#7567=VECTOR('',#7570,1.0);
#7568=DIRECTION('',(-1,0,0));
#7569=DIRECTION('',(0.9966298169928148,-0.08203053017546853,0));
#7570=DIRECTION('',(0,1,0));
#7571=FACE_SURFACE('',(#7576),#7572,.T.);
#7572=PLANE('',#7573);
#7573=AXIS2_PLACEMENT_3D('',#367,#7574,#7575);
#7574=DIRECTION('',(0,0,1));
#7575=DIRECTION('',(-0.9966298169928148,0.08203053017546853,0));
#7576=FACE_BOUND('',#7577,.T.);
#7577=EDGE_LOOP('',(#7578,#7579,#7580));
#7578=ORIENTED_EDGE('',*,*,#7581,.T.);
#7579=ORIENTED_EDGE('',*,*,#7582,.T.);
#7580=ORIENTED_EDGE('',*,*,#7583,.T.);
#7581=EDGE_CURVE('',#368,#260,#7584,.F.);
#7582=EDGE_CURVE('',#260,#366,#7585,.T.);
#7583=EDGE_CURVE('',#366,#368,#7586,.T.);
#7584=LINE('',#367,#7587);
#7585=LINE('',#259,#7588);
#7586=LINE('',#365,#7589);
#7587=VECTOR('',#7590,1.0);
#7588=VECTOR('',#7591,1.0);
#7589=VECTOR('',#7592,1.0);
#7590=DIRECTION('',(-0.9966298169928148,0.08203053017546853,0));
#7591=DIRECTION('',(0,-1,0));
#7592=DIRECTION('',(1,0,0));
#7593=FACE_SURFACE('',(#7598),#7594,.T.);
#7594=PLANE('',#7595);
#7595=AXIS2_PLACEMENT_3D('',#249,#7596,#7597);
#7596=DIRECTION('',(0,0,1));
#7597=DIRECTION('',(-1,0,0));
#7598=FACE_BOUND('',#7599,.T.);
#7599=EDGE_LOOP('',(#7600,#7601,#7602));
#7600=ORIENTED_EDGE('',*,*,#7603,.T.);
#7601=ORIENTED_EDGE('',*,*,#7604,.T.);
#7602=ORIENTED_EDGE('',*,*,#7605,.T.);
#7603=EDGE_CURVE('',#250,#264,#7606,.F.);
#7604=EDGE_CURVE('',#264,#376,#7607,.T.);
#7605=EDGE_CURVE('',#376,#250,#7608,.T.);
#7606=LINE('',#249,#7609);
#7607=LINE('',#263,#7610);
#7608=LINE('',#375,#7611);
#7609=VECTOR('',#7612,1.0);
#7610=VECTOR('',#7613,1.0);
#7611=VECTOR('',#7614,1.0);
#7612=DIRECTION('',(-1,0,0));
#7613=DIRECTION('',(0.999789941322064,-0.020495688112964806,0));
#7614=DIRECTION('',(0,1,0));
#7615=FACE_SURFACE('',(#7620),#7616,.T.);
#7616=PLANE('',#7617);
#7617=AXIS2_PLACEMENT_3D('',#375,#7618,#7619);
#7618=DIRECTION('',(0,0,1));
#7619=DIRECTION('',(-0.999789941322064,0.020495688112964806,0));
#7620=FACE_BOUND('',#7621,.T.);
#7621=EDGE_LOOP('',(#7622,#7623,#7624));
#7622=ORIENTED_EDGE('',*,*,#7625,.T.);
#7623=ORIENTED_EDGE('',*,*,#7626,.T.);
#7624=ORIENTED_EDGE('',*,*,#7627,.T.);
#7625=EDGE_CURVE('',#376,#264,#7628,.F.);
#7626=EDGE_CURVE('',#264,#370,#7629,.T.);
#7627=EDGE_CURVE('',#370,#376,#7630,.T.);
#7628=LINE('',#375,#7631);
#7629=LINE('',#263,#7632);
#7630=LINE('',#369,#7633);
#7631=VECTOR('',#7634,1.0);
#7632=VECTOR('',#7635,1.0);
#7633=VECTOR('',#7636,1.0);
#7634=DIRECTION('',(-0.999789941322064,0.020495688112964806,0));
#7635=DIRECTION('',(0,-1,0));
#7636=DIRECTION('',(1,0,0));
#7637=FACE_SURFACE('',(#7642),#7638,.T.);
#7638=PLANE('',#7639);
#7639=AXIS2_PLACEMENT_3D('',#235,#7640,#7641);
#7640=DIRECTION('',(0,0,-1));
#7641=DIRECTION('',(1,0,0));
#7642=FACE_BOUND('',#7643,.T.);
#7643=EDGE_LOOP('',(#7644,#7645,#7646));
#7644=ORIENTED_EDGE('',*,*,#7647,.T.);
#7645=ORIENTED_EDGE('',*,*,#7648,.T.);
#7646=ORIENTED_EDGE('',*,*,#7649,.T.);
#7647=EDGE_CURVE('',#236,#238,#7650,.F.);
#7648=EDGE_CURVE('',#238,#196,#7651,.T.);
#7649=EDGE_CURVE('',#196,#236,#7652,.T.);
#7650=LINE('',#235,#7653);
#7651=LINE('',#237,#7654);
#7652=LINE('',#195,#7655);
#7653=VECTOR('',#7656,1.0);
#7654=VECTOR('',#7657,1.0);
#7655=VECTOR('',#7658,1.0);
#7656=DIRECTION('',(1,0,0));
#7657=DIRECTION('',(-0.9989746505180049,-0.0452730341641676,0));
#7658=DIRECTION('',(0,1,0));
#7659=FACE_SURFACE('',(#7664),#7660,.T.);
#7660=PLANE('',#7661);
#7661=AXIS2_PLACEMENT_3D('',#195,#7662,#7663);
#7662=DIRECTION('',(0,0,-1));
#7663=DIRECTION('',(0.9989746505180049,0.0452730341641676,0));
#7664=FACE_BOUND('',#7665,.T.);
#7665=EDGE_LOOP('',(#7666,#7667,#7668));
#7666=ORIENTED_EDGE('',*,*,#7669,.T.);
#7667=ORIENTED_EDGE('',*,*,#7670,.T.);
#7668=ORIENTED_EDGE('',*,*,#7671,.T.);
#7669=EDGE_CURVE('',#196,#238,#7672,.F.);
#7670=EDGE_CURVE('',#238,#198,#7673,.T.);
#7671=EDGE_CURVE('',#198,#196,#7674,.T.);
#7672=LINE('',#195,#7675);
#7673=LINE('',#237,#7676);
#7674=LINE('',#197,#7677);
#7675=VECTOR('',#7678,1.0);
#7676=VECTOR('',#7679,1.0);
#7677=VECTOR('',#7680,1.0);
#7678=DIRECTION('',(0.9989746505180049,0.0452730341641676,0));
#7679=DIRECTION('',(0,-1,0));
#7680=DIRECTION('',(-1,0,0));
#7681=FACE_SURFACE('',(#7686),#7682,.T.);
#7682=PLANE('',#7683);
#7683=AXIS2_PLACEMENT_3D('',#67,#7684,#7685);
#7684=DIRECTION('',(0,0,1));
#7685=DIRECTION('',(-1,0,0));
#7686=FACE_BOUND('',#7687,.T.);
#7687=EDGE_LOOP('',(#7688,#7689,#7690));
#7688=ORIENTED_EDGE('',*,*,#7691,.T.);
#7689=ORIENTED_EDGE('',*,*,#7692,.T.);
#7690=ORIENTED_EDGE('',*,*,#7693,.T.);
#7691=EDGE_CURVE('',#68,#210,#7694,.F.);
#7692=EDGE_CURVE('',#210,#42,#7695,.T.);
#7693=EDGE_CURVE('',#42,#68,#7696,.T.);
#7694=LINE('',#67,#7697);
#7695=LINE('',#209,#7698);
#7696=LINE('',#41,#7699);
#7697=VECTOR('',#7700,1.0);
#7698=VECTOR('',#7701,1.0);
#7699=VECTOR('',#7702,1.0);
#7700=DIRECTION('',(-1,0,0));
#7701=DIRECTION('',(0.9989746505180049,-0.0452730341641676,0));
#7702=DIRECTION('',(0,1,0));
#7703=FACE_SURFACE('',(#7708),#7704,.T.);
#7704=PLANE('',#7705);
#7705=AXIS2_PLACEMENT_3D('',#41,#7706,#7707);
#7706=DIRECTION('',(0,0,1));
#7707=DIRECTION('',(-0.9989746505180049,0.0452730341641676,0));
#7708=FACE_BOUND('',#7709,.T.);
#7709=EDGE_LOOP('',(#7710,#7711,#7712));
#7710=ORIENTED_EDGE('',*,*,#7713,.T.);
#7711=ORIENTED_EDGE('',*,*,#7714,.T.);
#7712=ORIENTED_EDGE('',*,*,#7715,.T.);
#7713=EDGE_CURVE('',#42,#210,#7716,.F.);
#7714=EDGE_CURVE('',#210,#170,#7717,.T.);
#7715=EDGE_CURVE('',#170,#42,#7718,.T.);
#7716=LINE('',#41,#7719);
#7717=LINE('',#209,#7720);
#7718=LINE('',#169,#7721);
#7719=VECTOR('',#7722,1.0);
#7720=VECTOR('',#7723,1.0);
#7721=VECTOR('',#7724,1.0);
#7722=DIRECTION('',(-0.9989746505180049,0.0452730341641676,0));
#7723=DIRECTION('',(0,-1,0));
#7724=DIRECTION('',(1,0,0));
#7725=FACE_SURFACE('',(#7730),#7726,.T.);
#7726=PLANE('',#7727);
#7727=AXIS2_PLACEMENT_3D('',#251,#7728,#7729);
#7728=DIRECTION('',(-1,-0,-0));
#7729=DIRECTION('',(0,0,-1));
#7730=FACE_BOUND('',#7731,.T.);
#7731=EDGE_LOOP('',(#7732,#7733,#7734));
#7732=ORIENTED_EDGE('',*,*,#7735,.T.);
#7733=ORIENTED_EDGE('',*,*,#7736,.T.);
#7734=ORIENTED_EDGE('',*,*,#7737,.T.);
#7735=EDGE_CURVE('',#252,#250,#7738,.F.);
#7736=EDGE_CURVE('',#250,#374,#7739,.T.);
#7737=EDGE_CURVE('',#374,#252,#7740,.T.);
#7738=LINE('',#251,#7741);
#7739=LINE('',#249,#7742);
#7740=LINE('',#373,#7743);
#7741=VECTOR('',#7744,1.0);
#7742=VECTOR('',#7745,1.0);
#7743=VECTOR('',#7746,1.0);
#7744=DIRECTION('',(0,0,-1));
#7745=DIRECTION('',(0,-0.05404956098722313,0.9985382541280471));
#7746=DIRECTION('',(0,1,0));
#7747=FACE_SURFACE('',(#7752),#7748,.T.);
#7748=PLANE('',#7749);
#7749=AXIS2_PLACEMENT_3D('',#373,#7750,#7751);
#7750=DIRECTION('',(-1,0,0));
#7751=DIRECTION('',(0,0.05404956098722313,-0.9985382541280471));
#7752=FACE_BOUND('',#7753,.T.);
#7753=EDGE_LOOP('',(#7754,#7755,#7756));
#7754=ORIENTED_EDGE('',*,*,#7757,.T.);
#7755=ORIENTED_EDGE('',*,*,#7758,.T.);
#7756=ORIENTED_EDGE('',*,*,#7759,.T.);
#7757=EDGE_CURVE('',#374,#250,#7760,.F.);
#7758=EDGE_CURVE('',#250,#376,#7761,.T.);
#7759=EDGE_CURVE('',#376,#374,#7762,.T.);
#7760=LINE('',#373,#7763);
#7761=LINE('',#249,#7764);
#7762=LINE('',#375,#7765);
#7763=VECTOR('',#7766,1.0);
#7764=VECTOR('',#7767,1.0);
#7765=VECTOR('',#7768,1.0);
#7766=DIRECTION('',(0,0.05404956098722313,-0.9985382541280471));
#7767=DIRECTION('',(0,-1,0));
#7768=DIRECTION('',(0,0,1));
#7769=FACE_SURFACE('',(#7774),#7770,.T.);
#7770=PLANE('',#7771);
#7771=AXIS2_PLACEMENT_3D('',#253,#7772,#7773);
#7772=DIRECTION('',(0,0,-1));
#7773=DIRECTION('',(1,0,0));
#7774=FACE_BOUND('',#7775,.T.);
#7775=EDGE_LOOP('',(#7776,#7777,#7778));
#7776=ORIENTED_EDGE('',*,*,#7779,.T.);
#7777=ORIENTED_EDGE('',*,*,#7780,.T.);
#7778=ORIENTED_EDGE('',*,*,#7781,.T.);
#7779=EDGE_CURVE('',#254,#252,#7782,.F.);
#7780=EDGE_CURVE('',#252,#372,#7783,.T.);
#7781=EDGE_CURVE('',#372,#254,#7784,.T.);
#7782=LINE('',#253,#7785);
#7783=LINE('',#251,#7786);
#7784=LINE('',#371,#7787);
#7785=VECTOR('',#7788,1.0);
#7786=VECTOR('',#7789,1.0);
#7787=VECTOR('',#7790,1.0);
#7788=DIRECTION('',(1,0,0));
#7789=DIRECTION('',(-0.06651901052377017,-0.9977851578566092,0));
#7790=DIRECTION('',(0,1,0));
#7791=FACE_SURFACE('',(#7796),#7792,.T.);
#7792=PLANE('',#7793);
#7793=AXIS2_PLACEMENT_3D('',#371,#7794,#7795);
#7794=DIRECTION('',(0,0,-1));
#7795=DIRECTION('',(0.06651901052377017,0.9977851578566092,0));
#7796=FACE_BOUND('',#7797,.T.);
#7797=EDGE_LOOP('',(#7798,#7799,#7800));
#7798=ORIENTED_EDGE('',*,*,#7801,.T.);
#7799=ORIENTED_EDGE('',*,*,#7802,.T.);
#7800=ORIENTED_EDGE('',*,*,#7803,.T.);
#7801=EDGE_CURVE('',#372,#252,#7804,.F.);
#7802=EDGE_CURVE('',#252,#374,#7805,.T.);
#7803=EDGE_CURVE('',#374,#372,#7806,.T.);
#7804=LINE('',#371,#7807);
#7805=LINE('',#251,#7808);
#7806=LINE('',#373,#7809);
#7807=VECTOR('',#7810,1.0);
#7808=VECTOR('',#7811,1.0);
#7809=VECTOR('',#7812,1.0);
#7810=DIRECTION('',(0.06651901052377017,0.9977851578566092,0));
#7811=DIRECTION('',(0,-1,0));
#7812=DIRECTION('',(-1,0,0));
#7813=FACE_SURFACE('',(#7818),#7814,.T.);
#7814=PLANE('',#7815);
#7815=AXIS2_PLACEMENT_3D('',#253,#7816,#7817);
#7816=DIRECTION('',(-1,0,0));
#7817=DIRECTION('',(0,-1,0));
#7818=FACE_BOUND('',#7819,.T.);
#7819=EDGE_LOOP('',(#7820,#7821,#7822));
#7820=ORIENTED_EDGE('',*,*,#7823,.T.);
#7821=ORIENTED_EDGE('',*,*,#7824,.T.);
#7822=ORIENTED_EDGE('',*,*,#7825,.T.);
#7823=EDGE_CURVE('',#254,#372,#7826,.F.);
#7824=EDGE_CURVE('',#372,#256,#7827,.T.);
#7825=EDGE_CURVE('',#256,#254,#7828,.T.);
#7826=LINE('',#253,#7829);
#7827=LINE('',#371,#7830);
#7828=LINE('',#255,#7831);
#7829=VECTOR('',#7832,1.0);
#7830=VECTOR('',#7833,1.0);
#7831=VECTOR('',#7834,1.0);
#7832=DIRECTION('',(0,-1,0));
#7833=DIRECTION('',(0,0.03553666927682021,0.9993683730920795));
#7834=DIRECTION('',(0,0,-1));
#7835=FACE_SURFACE('',(#7840),#7836,.T.);
#7836=PLANE('',#7837);
#7837=AXIS2_PLACEMENT_3D('',#255,#7838,#7839);
#7838=DIRECTION('',(-1,-0,0));
#7839=DIRECTION('',(0,-0.03553666927682021,-0.9993683730920795));
#7840=FACE_BOUND('',#7841,.T.);
#7841=EDGE_LOOP('',(#7842,#7843,#7844));
#7842=ORIENTED_EDGE('',*,*,#7845,.T.);
#7843=ORIENTED_EDGE('',*,*,#7846,.T.);
#7844=ORIENTED_EDGE('',*,*,#7847,.T.);
#7845=EDGE_CURVE('',#256,#372,#7848,.F.);
#7846=EDGE_CURVE('',#372,#362,#7849,.T.);
#7847=EDGE_CURVE('',#362,#256,#7850,.T.);
#7848=LINE('',#255,#7851);
#7849=LINE('',#371,#7852);
#7850=LINE('',#361,#7853);
#7851=VECTOR('',#7854,1.0);
#7852=VECTOR('',#7855,1.0);
#7853=VECTOR('',#7856,1.0);
#7854=DIRECTION('',(0,-0.03553666927682021,-0.9993683730920795));
#7855=DIRECTION('',(0,0,1));
#7856=DIRECTION('',(0,1,0));
ENDSEC;
END-ISO-10303-21;
