ISO-10303-21;
HEADER;
FILE_DESCRIPTION((''),'2;1');
FILE_NAME('Top', '2026-07-30T12:58:43', (''), (''), 'ImageToStl.com STEP Converter','', '');
FILE_SCHEMA(('AUTOMOTIVE_DESIGN_CC2'));
ENDSEC;
DATA;
#1=PRODUCT_DEFINITION_CONTEXT('',#4,'design');
#2=APPLICATION_PROTOCOL_DEFINITION('INTERNATIONAL STANDARD','automotive_design',1994,#4);
#3=(GEOMETRIC_REPRESENTATION_CONTEXT(3)GLOBAL_UNCERTAINTY_ASSIGNED_CONTEXT((#5))GLOBAL_UNIT_ASSIGNED_CONTEXT((#6,#7,#8))REPRESENTATION_CONTEXT('NONE','WORKSPACE'));
#4=APPLICATION_CONTEXT(' ');
#5=UNCERTAINTY_MEASURE_WITH_UNIT(LENGTH_MEASURE(1.0E-006),#6,'','');
#6=(CONVERSION_BASED_UNIT('METRE',#10)LENGTH_UNIT()NAMED_UNIT(#11));
#7=(NAMED_UNIT(#12)PLANE_ANGLE_UNIT()SI_UNIT($,.RADIAN.));
#8=(NAMED_UNIT(#12)SOLID_ANGLE_UNIT()SI_UNIT($,.STERADIAN.));
#9=AXIS2_PLACEMENT_3D('',#14,#15,#16);
#10=LENGTH_MEASURE_WITH_UNIT(LENGTH_MEASURE(1.0),#17);
#11=DIMENSIONAL_EXPONENTS(1.0,0.0,0.0,0.0,0.0,0.0,0.0);
#12=DIMENSIONAL_EXPONENTS(0.0,0.0,0.0,0.0,0.0,0.0,0.0);
#13=PRODUCT_CONTEXT('',#4,'mechanical');
#14=CARTESIAN_POINT('',(0.0,0.0,0.0));
#15=DIRECTION('',(0.0,0.0,1.0));
#16=DIRECTION('',(1.0,0.0,0.0));
#17=(NAMED_UNIT(#11)LENGTH_UNIT()SI_UNIT(.MILLI.,.METRE.));
#18=PRESENTATION_STYLE_ASSIGNMENT((#19));
#19=SURFACE_STYLE_USAGE(.BOTH.,#20);
#20=SURFACE_SIDE_STYLE('',(#21));
#21=SURFACE_STYLE_FILL_AREA(#22);
#22=FILL_AREA_STYLE('',(#23));
#23=FILL_AREA_STYLE_COLOUR('',#24);
#24=COLOUR_RGB('',0.62745,0.62745,0.62745);
#25=PRESENTATION_STYLE_ASSIGNMENT((#26));
#26=SURFACE_STYLE_USAGE(.BOTH.,#27);
#27=SURFACE_SIDE_STYLE('',(#28));
#28=SURFACE_STYLE_FILL_AREA(#29);
#29=FILL_AREA_STYLE('',(#30));
#30=FILL_AREA_STYLE_COLOUR('',#31);
#31=COLOUR_RGB('',0.9,0.9,0.9);
#32=SHAPE_DEFINITION_REPRESENTATION(#33,#34);
#33=PRODUCT_DEFINITION_SHAPE('productshape0','',#37);
#34=MANIFOLD_SURFACE_SHAPE_REPRESENTATION('',(#35,#9),#3);
#35=SHELL_BASED_SURFACE_MODEL('shell0',(#40));
#36=PRODUCT('product0','','',(#13));
#37=PRODUCT_DEFINITION('mesh0','',#38,#2);
#38=PRODUCT_DEFINITION_FORMATION_WITH_SPECIFIED_SOURCE('prodsource0','',#36,.NOT_KNOWN.);
#39=STYLED_ITEM('',(#25),#40);
#40=CLOSED_SHELL('',(#641,#663,#685,#707,#729,#751,#773,#795,#817,#839,#861,#883,#905,#927,#949,#971,#993,#1015,#1037,#1059,#1081,#1103,#1125,#1147,#1169,#1191,#1213,#1235,#1257,#1279,#1301,#1323,#1345,#1367,#1389,#1411,#1433,#1455,#1477,#1499,#1521,#1543,#1565,#1587,#1609,#1631,#1653,#1675,#1697,#1719,#1741,#1763,#1785,#1807,#1829,#1851,#1873,#1895,#1917,#1939,#1961,#1983,#2005,#2027,#2049,#2071,#2093,#2115,#2137,#2159,#2181,#2203,#2225,#2247,#2269,#2291,#2313,#2335,#2357,#2379,#2401,#2423,#2445,#2467,#2489,#2511,#2533,#2555,#2577,#2599,#2621,#2643,#2665,#2687,#2709,#2731,#2753,#2775,#2797,#2819,#2841,#2863,#2885,#2907,#2929,#2951,#2973,#2995,#3017,#3039,#3061,#3083,#3105,#3127,#3149,#3171,#3193,#3215,#3237,#3259,#3281,#3303,#3325,#3347,#3369,#3391,#3413,#3435,#3457,#3479,#3501,#3523,#3545,#3567,#3589,#3611,#3633,#3655,#3677,#3699,#3721,#3743,#3765,#3787,#3809,#3831,#3853,#3875,#3897,#3919,#3941,#3963,#3985,#4007,#4029,#4051,#4073,#4095,#4117,#4139,#4161,#4183,#4205,#4227,#4249,#4271,#4293,#4315,#4337,#4359,#4381,#4403,#4425,#4447,#4469,#4491,#4513,#4535,#4557,#4579,#4601,#4623,#4645,#4667,#4689,#4711,#4733,#4755,#4777,#4799,#4821,#4843,#4865,#4887,#4909,#4931,#4953,#4975,#4997,#5019,#5041,#5063,#5085,#5107,#5129,#5151,#5173,#5195,#5217,#5239,#5261,#5283,#5305,#5327,#5349,#5371,#5393,#5415,#5437,#5459,#5481,#5503,#5525,#5547,#5569,#5591,#5613,#5635,#5657,#5679,#5701,#5723,#5745,#5767,#5789,#5811,#5833,#5855,#5877,#5899,#5921,#5943,#5965,#5987,#6009,#6031,#6053,#6075,#6097,#6119,#6141,#6163,#6185,#6207,#6229,#6251,#6273,#6295,#6317,#6339,#6361,#6383,#6405,#6427,#6449,#6471,#6493,#6515,#6537,#6559,#6581,#6603,#6625,#6647,#6669,#6691,#6713,#6735,#6757,#6779,#6801,#6823,#6845,#6867,#6889,#6911,#6933,#6955,#6977,#6999,#7021,#7043,#7065,#7087,#7109,#7131,#7153,#7175,#7197,#7219,#7241,#7263,#7285,#7307,#7329,#7351,#7373,#7395,#7417,#7439,#7461,#7483,#7505,#7527,#7549,#7571,#7593,#7615,#7637,#7659,#7681,#7703,#7725,#7747,#7769,#7791,#7813,#7835,#7857,#7879,#7901,#7923,#7945,#7967,#7989,#8011,#8033,#8055,#8077,#8099,#8121,#8143,#8165,#8187,#8209,#8231,#8253,#8275,#8297,#8319,#8341,#8363,#8385,#8407,#8429,#8451,#8473,#8495,#8517,#8539,#8561,#8583,#8605,#8627,#8649,#8671,#8693,#8715,#8737,#8759,#8781,#8803,#8825,#8847,#8869,#8891,#8913,#8935,#8957,#8979,#9001,#9023,#9045,#9067,#9089,#9111,#9133,#9155,#9177,#9199,#9221,#9243,#9265,#9287,#9309,#9331,#9353,#9375,#9397,#9419,#9441,#9463,#9485,#9507,#9529,#9551,#9573,#9595,#9617,#9639,#9661,#9683,#9705,#9727,#9749,#9771,#9793,#9815,#9837,#9859,#9881,#9903,#9925,#9947,#9969,#9991,#10013,#10035,#10057,#10079,#10101,#10123,#10145,#10167,#10189,#10211,#10233,#10255,#10277,#10299,#10321,#10343,#10365,#10387,#10409,#10431,#10453,#10475,#10497,#10519,#10541,#10563,#10585,#10607,#10629,#10651,#10673,#10695,#10717,#10739,#10761,#10783,#10805,#10827,#10849,#10871,#10893,#10915,#10937,#10959,#10981,#11003,#11025,#11047,#11069,#11091,#11113,#11135,#11157,#11179,#11201,#11223,#11245,#11267,#11289,#11311,#11333,#11355,#11377,#11399,#11421,#11443,#11465,#11487,#11509,#11531,#11553,#11575,#11597,#11619,#11641,#11663,#11685,#11707,#11729,#11751,#11773,#11795,#11817,#11839,#11861,#11883,#11905,#11927,#11949,#11971,#11993,#12015,#12037,#12059,#12081,#12103,#12125,#12147,#12169,#12191,#12213,#12235,#12257,#12279,#12301,#12323,#12345,#12367,#12389,#12411,#12433,#12455,#12477,#12499,#12521,#12543,#12565,#12587,#12609,#12631,#12653,#12675,#12697,#12719,#12741,#12763,#12785,#12807,#12829,#12851,#12873,#12895,#12917,#12939,#12961,#12983,#13005,#13027,#13049,#13071,#13093,#13115,#13137,#13159,#13181,#13203,#13225,#13247,#13269,#13291,#13313,#13335,#13357,#13379,#13401,#13423,#13445,#13467,#13489,#13511,#13533,#13555,#13577,#13599,#13621,#13643,#13665,#13687,#13709,#13731,#13753,#13775,#13797,#13819,#13841,#13863,#13885,#13907,#13929,#13951,#13973,#13995,#14017,#14039,#14061,#14083,#14105,#14127,#14149,#14171,#14193,#14215,#14237,#14259,#14281,#14303,#14325,#14347,#14369,#14391,#14413,#14435));
#41=CARTESIAN_POINT('',(193.037504,8.88,11.2));
#42=VERTEX_POINT('',#41);
#43=CARTESIAN_POINT('',(193.29632,8.88,11.165926));
#44=VERTEX_POINT('',#43);
#45=CARTESIAN_POINT('',(193.537504,8.88,11.066026));
#46=VERTEX_POINT('',#45);
#47=CARTESIAN_POINT('',(193.744608,8.88,10.907106));
#48=VERTEX_POINT('',#47);
#49=CARTESIAN_POINT('',(193.90352,8.88,10.7));
#50=VERTEX_POINT('',#49);
#51=CARTESIAN_POINT('',(194.00344,8.88,10.458819));
#52=VERTEX_POINT('',#51);
#53=CARTESIAN_POINT('',(194.037504,8.88,10.2));
#54=VERTEX_POINT('',#53);
#55=CARTESIAN_POINT('',(194.037504,13.635,10.2));
#56=VERTEX_POINT('',#55);
#57=CARTESIAN_POINT('',(194.00344,13.635,10.458819));
#58=VERTEX_POINT('',#57);
#59=CARTESIAN_POINT('',(193.90352,13.635,10.7));
#60=VERTEX_POINT('',#59);
#61=CARTESIAN_POINT('',(193.744608,13.635,10.907106));
#62=VERTEX_POINT('',#61);
#63=CARTESIAN_POINT('',(193.537504,13.635,11.066026));
#64=VERTEX_POINT('',#63);
#65=CARTESIAN_POINT('',(193.29632,13.635,11.165926));
#66=VERTEX_POINT('',#65);
#67=CARTESIAN_POINT('',(193.037504,13.635,11.2));
#68=VERTEX_POINT('',#67);
#69=CARTESIAN_POINT('',(93.742504,13.635,11.2));
#70=VERTEX_POINT('',#69);
#71=CARTESIAN_POINT('',(93.742504,8.88,11.2));
#72=VERTEX_POINT('',#71);
#73=CARTESIAN_POINT('',(96.242504,13.635,-66.095));
#74=VERTEX_POINT('',#73);
#75=CARTESIAN_POINT('',(96.208424,13.635,-65.83618));
#76=VERTEX_POINT('',#75);
#77=CARTESIAN_POINT('',(96.108528,13.635,-65.595));
#78=VERTEX_POINT('',#77);
#79=CARTESIAN_POINT('',(95.949608,13.635,-65.387892));
#80=VERTEX_POINT('',#79);
#81=CARTESIAN_POINT('',(95.742504,13.635,-65.228972));
#82=VERTEX_POINT('',#81);
#83=CARTESIAN_POINT('',(95.50132,13.635,-65.129076));
#84=VERTEX_POINT('',#83);
#85=CARTESIAN_POINT('',(95.242504,13.635,-65.095));
#86=VERTEX_POINT('',#85);
#87=CARTESIAN_POINT('',(94.98368,13.635,-65.129076));
#88=VERTEX_POINT('',#87);
#89=CARTESIAN_POINT('',(94.742504,13.635,-65.228972));
#90=VERTEX_POINT('',#89);
#91=CARTESIAN_POINT('',(94.535392,13.635,-65.387892));
#92=VERTEX_POINT('',#91);
#93=CARTESIAN_POINT('',(94.376472,13.635,-65.595));
#94=VERTEX_POINT('',#93);
#95=CARTESIAN_POINT('',(94.276576,13.635,-65.83618));
#96=VERTEX_POINT('',#95);
#97=CARTESIAN_POINT('',(94.242504,13.635,-66.095));
#98=VERTEX_POINT('',#97);
#99=CARTESIAN_POINT('',(94.276576,13.635,-66.35382));
#100=VERTEX_POINT('',#99);
#101=CARTESIAN_POINT('',(94.376472,13.635,-66.595));
#102=VERTEX_POINT('',#101);
#103=CARTESIAN_POINT('',(94.535392,13.635,-66.802108));
#104=VERTEX_POINT('',#103);
#105=CARTESIAN_POINT('',(94.742504,13.635,-66.961028));
#106=VERTEX_POINT('',#105);
#107=CARTESIAN_POINT('',(94.98368,13.635,-67.060928));
#108=VERTEX_POINT('',#107);
#109=CARTESIAN_POINT('',(95.242504,13.635,-67.095));
#110=VERTEX_POINT('',#109);
#111=CARTESIAN_POINT('',(95.50132,13.635,-67.060928));
#112=VERTEX_POINT('',#111);
#113=CARTESIAN_POINT('',(95.742504,13.635,-66.961028));
#114=VERTEX_POINT('',#113);
#115=CARTESIAN_POINT('',(95.949608,13.635,-66.802108));
#116=VERTEX_POINT('',#115);
#117=CARTESIAN_POINT('',(96.108528,13.635,-66.595));
#118=VERTEX_POINT('',#117);
#119=CARTESIAN_POINT('',(96.208424,13.635,-66.35382));
#120=VERTEX_POINT('',#119);
#121=CARTESIAN_POINT('',(192.537504,13.635,8.7));
#122=VERTEX_POINT('',#121);
#123=CARTESIAN_POINT('',(192.50344,13.635,8.958819));
#124=VERTEX_POINT('',#123);
#125=CARTESIAN_POINT('',(192.40352,13.635,9.2));
#126=VERTEX_POINT('',#125);
#127=CARTESIAN_POINT('',(192.244608,13.635,9.407106));
#128=VERTEX_POINT('',#127);
#129=CARTESIAN_POINT('',(192.037504,13.635,9.566026));
#130=VERTEX_POINT('',#129);
#131=CARTESIAN_POINT('',(191.79632,13.635,9.665926));
#132=VERTEX_POINT('',#131);
#133=CARTESIAN_POINT('',(191.537504,13.635,9.7));
#134=VERTEX_POINT('',#133);
#135=CARTESIAN_POINT('',(191.278688,13.635,9.665926));
#136=VERTEX_POINT('',#135);
#137=CARTESIAN_POINT('',(191.037504,13.635,9.566026));
#138=VERTEX_POINT('',#137);
#139=CARTESIAN_POINT('',(190.8304,13.635,9.407106));
#140=VERTEX_POINT('',#139);
#141=CARTESIAN_POINT('',(190.671472,13.635,9.2));
#142=VERTEX_POINT('',#141);
#143=CARTESIAN_POINT('',(190.571584,13.635,8.958819));
#144=VERTEX_POINT('',#143);
#145=CARTESIAN_POINT('',(190.537504,13.635,8.7));
#146=VERTEX_POINT('',#145);
#147=CARTESIAN_POINT('',(190.571584,13.635,8.441181));
#148=VERTEX_POINT('',#147);
#149=CARTESIAN_POINT('',(190.671472,13.635,8.2));
#150=VERTEX_POINT('',#149);
#151=CARTESIAN_POINT('',(190.8304,13.635,7.992893));
#152=VERTEX_POINT('',#151);
#153=CARTESIAN_POINT('',(191.037504,13.635,7.833974));
#154=VERTEX_POINT('',#153);
#155=CARTESIAN_POINT('',(191.278688,13.635,7.734074));
#156=VERTEX_POINT('',#155);
#157=CARTESIAN_POINT('',(191.537504,13.635,7.7));
#158=VERTEX_POINT('',#157);
#159=CARTESIAN_POINT('',(191.79632,13.635,7.734074));
#160=VERTEX_POINT('',#159);
#161=CARTESIAN_POINT('',(192.037504,13.635,7.833974));
#162=VERTEX_POINT('',#161);
#163=CARTESIAN_POINT('',(192.244608,13.635,7.992893));
#164=VERTEX_POINT('',#163);
#165=CARTESIAN_POINT('',(192.40352,13.635,8.2));
#166=VERTEX_POINT('',#165);
#167=CARTESIAN_POINT('',(192.50344,13.635,8.441181));
#168=VERTEX_POINT('',#167);
#169=CARTESIAN_POINT('',(116.471456,13.635,2.859593));
#170=VERTEX_POINT('',#169);
#171=CARTESIAN_POINT('',(98.594064,13.635,2.859593));
#172=VERTEX_POINT('',#171);
#173=CARTESIAN_POINT('',(98.594064,13.635,-10.538882));
#174=VERTEX_POINT('',#173);
#175=CARTESIAN_POINT('',(116.471456,13.635,-10.538882));
#176=VERTEX_POINT('',#175);
#177=CARTESIAN_POINT('',(114.198976,13.635,-32.753528));
#178=VERTEX_POINT('',#177);
#179=CARTESIAN_POINT('',(100.291552,13.635,-32.753528));
#180=VERTEX_POINT('',#179);
#181=CARTESIAN_POINT('',(100.291552,13.635,-46.65318));
#182=VERTEX_POINT('',#181);
#183=CARTESIAN_POINT('',(114.198976,13.635,-46.65318));
#184=VERTEX_POINT('',#183);
#185=CARTESIAN_POINT('',(114.198976,13.635,-13.630928));
#186=VERTEX_POINT('',#185);
#187=CARTESIAN_POINT('',(100.291552,13.635,-13.630928));
#188=VERTEX_POINT('',#187);
#189=CARTESIAN_POINT('',(100.291552,13.635,-27.546354));
#190=VERTEX_POINT('',#189);
#191=CARTESIAN_POINT('',(114.198976,13.635,-27.546354));
#192=VERTEX_POINT('',#191);
#193=CARTESIAN_POINT('',(150.141424,13.635,3.801048));
#194=VERTEX_POINT('',#193);
#195=CARTESIAN_POINT('',(121.886952,13.635,3.801048));
#196=VERTEX_POINT('',#195);
#197=CARTESIAN_POINT('',(121.886952,13.635,-24.833518));
#198=VERTEX_POINT('',#197);
#199=CARTESIAN_POINT('',(150.141424,13.635,-24.833518));
#200=VERTEX_POINT('',#199);
#201=CARTESIAN_POINT('',(187.87304,13.635,-22.046568));
#202=VERTEX_POINT('',#201);
#203=CARTESIAN_POINT('',(187.792576,13.635,-21.306616));
#204=VERTEX_POINT('',#203);
#205=CARTESIAN_POINT('',(187.554912,13.635,-20.601264));
#206=VERTEX_POINT('',#205);
#207=CARTESIAN_POINT('',(187.171184,13.635,-19.963494));
#208=VERTEX_POINT('',#207);
#209=CARTESIAN_POINT('',(186.659312,13.635,-19.423124));
#210=VERTEX_POINT('',#209);
#211=CARTESIAN_POINT('',(186.043264,13.635,-19.005426));
#212=VERTEX_POINT('',#211);
#213=CARTESIAN_POINT('',(185.351808,13.635,-18.729928));
#214=VERTEX_POINT('',#213);
#215=CARTESIAN_POINT('',(184.617296,13.635,-18.60951));
#216=VERTEX_POINT('',#215);
#217=CARTESIAN_POINT('',(183.874064,13.635,-18.649806));
#218=VERTEX_POINT('',#217);
#219=CARTESIAN_POINT('',(183.156896,13.635,-18.848932));
#220=VERTEX_POINT('',#219);
#221=CARTESIAN_POINT('',(182.49928,13.635,-19.197574));
#222=VERTEX_POINT('',#221);
#223=CARTESIAN_POINT('',(181.931984,13.635,-19.679434));
#224=VERTEX_POINT('',#223);
#225=CARTESIAN_POINT('',(181.481552,13.635,-20.271976));
#226=VERTEX_POINT('',#225);
#227=CARTESIAN_POINT('',(181.169024,13.635,-20.947498));
#228=VERTEX_POINT('',#227);
#229=CARTESIAN_POINT('',(181.009024,13.635,-21.67441));
#230=VERTEX_POINT('',#229);
#231=CARTESIAN_POINT('',(181.009024,13.635,-22.418724));
#232=VERTEX_POINT('',#231);
#233=CARTESIAN_POINT('',(181.169024,13.635,-23.145638));
#234=VERTEX_POINT('',#233);
#235=CARTESIAN_POINT('',(181.481552,13.635,-23.821158));
#236=VERTEX_POINT('',#235);
#237=CARTESIAN_POINT('',(181.931984,13.635,-24.413702));
#238=VERTEX_POINT('',#237);
#239=CARTESIAN_POINT('',(182.49928,13.635,-24.89556));
#240=VERTEX_POINT('',#239);
#241=CARTESIAN_POINT('',(183.156896,13.635,-25.244204));
#242=VERTEX_POINT('',#241);
#243=CARTESIAN_POINT('',(183.874064,13.635,-25.443328));
#244=VERTEX_POINT('',#243);
#245=CARTESIAN_POINT('',(184.617296,13.635,-25.483626));
#246=VERTEX_POINT('',#245);
#247=CARTESIAN_POINT('',(185.351808,13.635,-25.363208));
#248=VERTEX_POINT('',#247);
#249=CARTESIAN_POINT('',(186.043264,13.635,-25.08771));
#250=VERTEX_POINT('',#249);
#251=CARTESIAN_POINT('',(186.659312,13.635,-24.67001));
#252=VERTEX_POINT('',#251);
#253=CARTESIAN_POINT('',(187.171184,13.635,-24.12964));
#254=VERTEX_POINT('',#253);
#255=CARTESIAN_POINT('',(187.554912,13.635,-23.491868));
#256=VERTEX_POINT('',#255);
#257=CARTESIAN_POINT('',(187.792576,13.635,-22.786518));
#258=VERTEX_POINT('',#257);
#259=CARTESIAN_POINT('',(187.103328,13.635,-15.562688));
#260=VERTEX_POINT('',#259);
#261=CARTESIAN_POINT('',(187.023584,13.635,-14.880375));
#262=VERTEX_POINT('',#261);
#263=CARTESIAN_POINT('',(186.78864,13.635,-14.234845));
#264=VERTEX_POINT('',#263);
#265=CARTESIAN_POINT('',(186.411152,13.635,-13.6609));
#266=VERTEX_POINT('',#265);
#267=CARTESIAN_POINT('',(185.911472,13.635,-13.189481));
#268=VERTEX_POINT('',#267);
#269=CARTESIAN_POINT('',(185.316544,13.635,-12.846002));
#270=VERTEX_POINT('',#269);
#271=CARTESIAN_POINT('',(184.658448,13.635,-12.64898));
#272=VERTEX_POINT('',#271);
#273=CARTESIAN_POINT('',(183.972656,13.635,-12.609037));
#274=VERTEX_POINT('',#273);
#275=CARTESIAN_POINT('',(183.296128,13.635,-12.728326));
#276=VERTEX_POINT('',#275);
#277=CARTESIAN_POINT('',(182.66536,13.635,-13.000416));
#278=VERTEX_POINT('',#277);
#279=CARTESIAN_POINT('',(182.114336,13.635,-13.410639));
#280=VERTEX_POINT('',#279);
#281=CARTESIAN_POINT('',(181.672768,13.635,-13.936879));
#282=VERTEX_POINT('',#281);
#283=CARTESIAN_POINT('',(181.364464,13.635,-14.550768));
#284=VERTEX_POINT('',#283);
#285=CARTESIAN_POINT('',(181.206032,13.635,-15.219209));
#286=VERTEX_POINT('',#285);
#287=CARTESIAN_POINT('',(181.206032,13.635,-15.906167));
#288=VERTEX_POINT('',#287);
#289=CARTESIAN_POINT('',(181.364464,13.635,-16.574608));
#290=VERTEX_POINT('',#289);
#291=CARTESIAN_POINT('',(181.672768,13.635,-17.188496));
#292=VERTEX_POINT('',#291);
#293=CARTESIAN_POINT('',(182.114336,13.635,-17.714736));
#294=VERTEX_POINT('',#293);
#295=CARTESIAN_POINT('',(182.66536,13.635,-18.12496));
#296=VERTEX_POINT('',#295);
#297=CARTESIAN_POINT('',(183.296128,13.635,-18.397048));
#298=VERTEX_POINT('',#297);
#299=CARTESIAN_POINT('',(183.972656,13.635,-18.516338));
#300=VERTEX_POINT('',#299);
#301=CARTESIAN_POINT('',(184.658448,13.635,-18.476394));
#302=VERTEX_POINT('',#301);
#303=CARTESIAN_POINT('',(185.316544,13.635,-18.279374));
#304=VERTEX_POINT('',#303);
#305=CARTESIAN_POINT('',(185.911472,13.635,-17.935894));
#306=VERTEX_POINT('',#305);
#307=CARTESIAN_POINT('',(186.411152,13.635,-17.464476));
#308=VERTEX_POINT('',#307);
#309=CARTESIAN_POINT('',(186.78864,13.635,-16.89053));
#310=VERTEX_POINT('',#309);
#311=CARTESIAN_POINT('',(187.023584,13.635,-16.245001));
#312=VERTEX_POINT('',#311);
#313=CARTESIAN_POINT('',(194.037504,13.635,-35.98326));
#314=VERTEX_POINT('',#313);
#315=CARTESIAN_POINT('',(115.931976,13.635,-35.98326));
#316=VERTEX_POINT('',#315);
#317=CARTESIAN_POINT('',(115.931976,13.635,-63.595));
#318=VERTEX_POINT('',#317);
#319=CARTESIAN_POINT('',(115.966752,13.635,-63.595));
#320=VERTEX_POINT('',#319);
#321=CARTESIAN_POINT('',(115.966752,13.635,-68.595));
#322=VERTEX_POINT('',#321);
#323=CARTESIAN_POINT('',(93.742504,13.635,-68.595));
#324=VERTEX_POINT('',#323);
#325=CARTESIAN_POINT('',(93.48368,13.635,-68.560928));
#326=VERTEX_POINT('',#325);
#327=CARTESIAN_POINT('',(93.242504,13.635,-68.461032));
#328=VERTEX_POINT('',#327);
#329=CARTESIAN_POINT('',(93.035392,13.635,-68.302112));
#330=VERTEX_POINT('',#329);
#331=CARTESIAN_POINT('',(92.876472,13.635,-68.095));
#332=VERTEX_POINT('',#331);
#333=CARTESIAN_POINT('',(92.776576,13.635,-67.853824));
#334=VERTEX_POINT('',#333);
#335=CARTESIAN_POINT('',(92.742504,13.635,-67.595));
#336=VERTEX_POINT('',#335);
#337=CARTESIAN_POINT('',(92.742504,13.635,10.2));
#338=VERTEX_POINT('',#337);
#339=CARTESIAN_POINT('',(92.776576,13.635,10.458819));
#340=VERTEX_POINT('',#339);
#341=CARTESIAN_POINT('',(92.876472,13.635,10.7));
#342=VERTEX_POINT('',#341);
#343=CARTESIAN_POINT('',(93.035392,13.635,10.907106));
#344=VERTEX_POINT('',#343);
#345=CARTESIAN_POINT('',(93.242504,13.635,11.066026));
#346=VERTEX_POINT('',#345);
#347=CARTESIAN_POINT('',(93.48368,13.635,11.165926));
#348=VERTEX_POINT('',#347);
#349=CARTESIAN_POINT('',(92.742504,8.88,10.2));
#350=VERTEX_POINT('',#349);
#351=CARTESIAN_POINT('',(92.776576,8.88,10.458819));
#352=VERTEX_POINT('',#351);
#353=CARTESIAN_POINT('',(92.876472,8.88,10.7));
#354=VERTEX_POINT('',#353);
#355=CARTESIAN_POINT('',(93.035392,8.88,10.907106));
#356=VERTEX_POINT('',#355);
#357=CARTESIAN_POINT('',(93.242504,8.88,11.066026));
#358=VERTEX_POINT('',#357);
#359=CARTESIAN_POINT('',(93.48368,8.88,11.165926));
#360=VERTEX_POINT('',#359);
#361=CARTESIAN_POINT('',(92.742504,8.88,-67.595));
#362=VERTEX_POINT('',#361);
#363=CARTESIAN_POINT('',(92.776576,8.88,-67.853824));
#364=VERTEX_POINT('',#363);
#365=CARTESIAN_POINT('',(92.876472,8.88,-68.095));
#366=VERTEX_POINT('',#365);
#367=CARTESIAN_POINT('',(93.035392,8.88,-68.302112));
#368=VERTEX_POINT('',#367);
#369=CARTESIAN_POINT('',(93.242504,8.88,-68.461032));
#370=VERTEX_POINT('',#369);
#371=CARTESIAN_POINT('',(93.48368,8.88,-68.560928));
#372=VERTEX_POINT('',#371);
#373=CARTESIAN_POINT('',(93.742504,8.88,-68.595));
#374=VERTEX_POINT('',#373);
#375=CARTESIAN_POINT('',(115.966752,8.88,-68.595));
#376=VERTEX_POINT('',#375);
#377=CARTESIAN_POINT('',(115.966752,8.88,-63.595));
#378=VERTEX_POINT('',#377);
#379=CARTESIAN_POINT('',(97.742504,8.88,-63.595));
#380=VERTEX_POINT('',#379);
#381=CARTESIAN_POINT('',(97.742504,8.88,6.2));
#382=VERTEX_POINT('',#381);
#383=CARTESIAN_POINT('',(189.037504,8.88,6.2));
#384=VERTEX_POINT('',#383);
#385=CARTESIAN_POINT('',(189.037504,8.88,-35.98326));
#386=VERTEX_POINT('',#385);
#387=CARTESIAN_POINT('',(194.037504,8.88,-35.98326));
#388=VERTEX_POINT('',#387);
#389=CARTESIAN_POINT('',(96.242504,8.88,-66.095));
#390=VERTEX_POINT('',#389);
#391=CARTESIAN_POINT('',(96.208424,8.88,-66.35382));
#392=VERTEX_POINT('',#391);
#393=CARTESIAN_POINT('',(96.108528,8.88,-66.595));
#394=VERTEX_POINT('',#393);
#395=CARTESIAN_POINT('',(95.949608,8.88,-66.802108));
#396=VERTEX_POINT('',#395);
#397=CARTESIAN_POINT('',(95.742504,8.88,-66.961028));
#398=VERTEX_POINT('',#397);
#399=CARTESIAN_POINT('',(95.50132,8.88,-67.060928));
#400=VERTEX_POINT('',#399);
#401=CARTESIAN_POINT('',(95.242504,8.88,-67.095));
#402=VERTEX_POINT('',#401);
#403=CARTESIAN_POINT('',(94.98368,8.88,-67.060928));
#404=VERTEX_POINT('',#403);
#405=CARTESIAN_POINT('',(94.742504,8.88,-66.961028));
#406=VERTEX_POINT('',#405);
#407=CARTESIAN_POINT('',(94.535392,8.88,-66.802108));
#408=VERTEX_POINT('',#407);
#409=CARTESIAN_POINT('',(94.376472,8.88,-66.595));
#410=VERTEX_POINT('',#409);
#411=CARTESIAN_POINT('',(94.276576,8.88,-66.35382));
#412=VERTEX_POINT('',#411);
#413=CARTESIAN_POINT('',(94.242504,8.88,-66.095));
#414=VERTEX_POINT('',#413);
#415=CARTESIAN_POINT('',(94.276576,8.88,-65.83618));
#416=VERTEX_POINT('',#415);
#417=CARTESIAN_POINT('',(94.376472,8.88,-65.595));
#418=VERTEX_POINT('',#417);
#419=CARTESIAN_POINT('',(94.535392,8.88,-65.387892));
#420=VERTEX_POINT('',#419);
#421=CARTESIAN_POINT('',(94.742504,8.88,-65.228972));
#422=VERTEX_POINT('',#421);
#423=CARTESIAN_POINT('',(94.98368,8.88,-65.129076));
#424=VERTEX_POINT('',#423);
#425=CARTESIAN_POINT('',(95.242504,8.88,-65.095));
#426=VERTEX_POINT('',#425);
#427=CARTESIAN_POINT('',(95.50132,8.88,-65.129076));
#428=VERTEX_POINT('',#427);
#429=CARTESIAN_POINT('',(95.742504,8.88,-65.228972));
#430=VERTEX_POINT('',#429);
#431=CARTESIAN_POINT('',(95.949608,8.88,-65.387892));
#432=VERTEX_POINT('',#431);
#433=CARTESIAN_POINT('',(96.108528,8.88,-65.595));
#434=VERTEX_POINT('',#433);
#435=CARTESIAN_POINT('',(96.208424,8.88,-65.83618));
#436=VERTEX_POINT('',#435);
#437=CARTESIAN_POINT('',(192.537504,8.88,8.7));
#438=VERTEX_POINT('',#437);
#439=CARTESIAN_POINT('',(192.50344,8.88,8.441181));
#440=VERTEX_POINT('',#439);
#441=CARTESIAN_POINT('',(192.40352,8.88,8.2));
#442=VERTEX_POINT('',#441);
#443=CARTESIAN_POINT('',(192.244608,8.88,7.992893));
#444=VERTEX_POINT('',#443);
#445=CARTESIAN_POINT('',(192.037504,8.88,7.833974));
#446=VERTEX_POINT('',#445);
#447=CARTESIAN_POINT('',(191.79632,8.88,7.734074));
#448=VERTEX_POINT('',#447);
#449=CARTESIAN_POINT('',(191.537504,8.88,7.7));
#450=VERTEX_POINT('',#449);
#451=CARTESIAN_POINT('',(191.278688,8.88,7.734074));
#452=VERTEX_POINT('',#451);
#453=CARTESIAN_POINT('',(191.037504,8.88,7.833974));
#454=VERTEX_POINT('',#453);
#455=CARTESIAN_POINT('',(190.8304,8.88,7.992893));
#456=VERTEX_POINT('',#455);
#457=CARTESIAN_POINT('',(190.671472,8.88,8.2));
#458=VERTEX_POINT('',#457);
#459=CARTESIAN_POINT('',(190.571584,8.88,8.441181));
#460=VERTEX_POINT('',#459);
#461=CARTESIAN_POINT('',(190.537504,8.88,8.7));
#462=VERTEX_POINT('',#461);
#463=CARTESIAN_POINT('',(190.571584,8.88,8.958819));
#464=VERTEX_POINT('',#463);
#465=CARTESIAN_POINT('',(190.671472,8.88,9.2));
#466=VERTEX_POINT('',#465);
#467=CARTESIAN_POINT('',(190.8304,8.88,9.407106));
#468=VERTEX_POINT('',#467);
#469=CARTESIAN_POINT('',(191.037504,8.88,9.566026));
#470=VERTEX_POINT('',#469);
#471=CARTESIAN_POINT('',(191.278688,8.88,9.665926));
#472=VERTEX_POINT('',#471);
#473=CARTESIAN_POINT('',(191.537504,8.88,9.7));
#474=VERTEX_POINT('',#473);
#475=CARTESIAN_POINT('',(191.79632,8.88,9.665926));
#476=VERTEX_POINT('',#475);
#477=CARTESIAN_POINT('',(192.037504,8.88,9.566026));
#478=VERTEX_POINT('',#477);
#479=CARTESIAN_POINT('',(192.244608,8.88,9.407106));
#480=VERTEX_POINT('',#479);
#481=CARTESIAN_POINT('',(192.40352,8.88,9.2));
#482=VERTEX_POINT('',#481);
#483=CARTESIAN_POINT('',(192.50344,8.88,8.958819));
#484=VERTEX_POINT('',#483);
#485=CARTESIAN_POINT('',(189.037504,11.635,6.2));
#486=VERTEX_POINT('',#485);
#487=CARTESIAN_POINT('',(189.037504,11.635,-35.98326));
#488=VERTEX_POINT('',#487);
#489=CARTESIAN_POINT('',(97.742504,11.635,6.2));
#490=VERTEX_POINT('',#489);
#491=CARTESIAN_POINT('',(97.742504,11.635,-63.595));
#492=VERTEX_POINT('',#491);
#493=CARTESIAN_POINT('',(115.931976,11.635,-63.595));
#494=VERTEX_POINT('',#493);
#495=CARTESIAN_POINT('',(116.471456,11.635,2.859593));
#496=VERTEX_POINT('',#495);
#497=CARTESIAN_POINT('',(98.594064,11.635,2.859593));
#498=VERTEX_POINT('',#497);
#499=CARTESIAN_POINT('',(116.471456,11.635,-10.538882));
#500=VERTEX_POINT('',#499);
#501=CARTESIAN_POINT('',(98.594064,11.635,-10.538882));
#502=VERTEX_POINT('',#501);
#503=CARTESIAN_POINT('',(115.931976,11.635,-35.98326));
#504=VERTEX_POINT('',#503);
#505=CARTESIAN_POINT('',(187.103328,11.635,-15.562688));
#506=VERTEX_POINT('',#505);
#507=CARTESIAN_POINT('',(187.023584,11.635,-16.245001));
#508=VERTEX_POINT('',#507);
#509=CARTESIAN_POINT('',(186.78864,11.635,-16.89053));
#510=VERTEX_POINT('',#509);
#511=CARTESIAN_POINT('',(186.411152,11.635,-17.464476));
#512=VERTEX_POINT('',#511);
#513=CARTESIAN_POINT('',(185.911472,11.635,-17.935894));
#514=VERTEX_POINT('',#513);
#515=CARTESIAN_POINT('',(185.316544,11.635,-18.279374));
#516=VERTEX_POINT('',#515);
#517=CARTESIAN_POINT('',(184.658448,11.635,-18.476394));
#518=VERTEX_POINT('',#517);
#519=CARTESIAN_POINT('',(183.972656,11.635,-18.516338));
#520=VERTEX_POINT('',#519);
#521=CARTESIAN_POINT('',(183.296128,11.635,-18.397048));
#522=VERTEX_POINT('',#521);
#523=CARTESIAN_POINT('',(182.66536,11.635,-18.12496));
#524=VERTEX_POINT('',#523);
#525=CARTESIAN_POINT('',(182.114336,11.635,-17.714736));
#526=VERTEX_POINT('',#525);
#527=CARTESIAN_POINT('',(181.672768,11.635,-17.188496));
#528=VERTEX_POINT('',#527);
#529=CARTESIAN_POINT('',(181.364464,11.635,-16.574608));
#530=VERTEX_POINT('',#529);
#531=CARTESIAN_POINT('',(181.206032,11.635,-15.906167));
#532=VERTEX_POINT('',#531);
#533=CARTESIAN_POINT('',(181.206032,11.635,-15.219209));
#534=VERTEX_POINT('',#533);
#535=CARTESIAN_POINT('',(181.364464,11.635,-14.550768));
#536=VERTEX_POINT('',#535);
#537=CARTESIAN_POINT('',(181.672768,11.635,-13.936879));
#538=VERTEX_POINT('',#537);
#539=CARTESIAN_POINT('',(182.114336,11.635,-13.410639));
#540=VERTEX_POINT('',#539);
#541=CARTESIAN_POINT('',(182.66536,11.635,-13.000416));
#542=VERTEX_POINT('',#541);
#543=CARTESIAN_POINT('',(183.296128,11.635,-12.728326));
#544=VERTEX_POINT('',#543);
#545=CARTESIAN_POINT('',(183.972656,11.635,-12.609037));
#546=VERTEX_POINT('',#545);
#547=CARTESIAN_POINT('',(184.658448,11.635,-12.64898));
#548=VERTEX_POINT('',#547);
#549=CARTESIAN_POINT('',(185.316544,11.635,-12.846002));
#550=VERTEX_POINT('',#549);
#551=CARTESIAN_POINT('',(185.911472,11.635,-13.189481));
#552=VERTEX_POINT('',#551);
#553=CARTESIAN_POINT('',(186.411152,11.635,-13.6609));
#554=VERTEX_POINT('',#553);
#555=CARTESIAN_POINT('',(186.78864,11.635,-14.234845));
#556=VERTEX_POINT('',#555);
#557=CARTESIAN_POINT('',(187.023584,11.635,-14.880375));
#558=VERTEX_POINT('',#557);
#559=CARTESIAN_POINT('',(187.87304,11.635,-22.046568));
#560=VERTEX_POINT('',#559);
#561=CARTESIAN_POINT('',(187.792576,11.635,-22.786518));
#562=VERTEX_POINT('',#561);
#563=CARTESIAN_POINT('',(187.554912,11.635,-23.491868));
#564=VERTEX_POINT('',#563);
#565=CARTESIAN_POINT('',(187.171184,11.635,-24.12964));
#566=VERTEX_POINT('',#565);
#567=CARTESIAN_POINT('',(186.659312,11.635,-24.67001));
#568=VERTEX_POINT('',#567);
#569=CARTESIAN_POINT('',(186.043264,11.635,-25.08771));
#570=VERTEX_POINT('',#569);
#571=CARTESIAN_POINT('',(185.351808,11.635,-25.363208));
#572=VERTEX_POINT('',#571);
#573=CARTESIAN_POINT('',(184.617296,11.635,-25.483626));
#574=VERTEX_POINT('',#573);
#575=CARTESIAN_POINT('',(183.874064,11.635,-25.443328));
#576=VERTEX_POINT('',#575);
#577=CARTESIAN_POINT('',(183.156896,11.635,-25.244204));
#578=VERTEX_POINT('',#577);
#579=CARTESIAN_POINT('',(182.49928,11.635,-24.89556));
#580=VERTEX_POINT('',#579);
#581=CARTESIAN_POINT('',(181.931984,11.635,-24.413702));
#582=VERTEX_POINT('',#581);
#583=CARTESIAN_POINT('',(181.481552,11.635,-23.821158));
#584=VERTEX_POINT('',#583);
#585=CARTESIAN_POINT('',(181.169024,11.635,-23.145638));
#586=VERTEX_POINT('',#585);
#587=CARTESIAN_POINT('',(181.009024,11.635,-22.418724));
#588=VERTEX_POINT('',#587);
#589=CARTESIAN_POINT('',(181.009024,11.635,-21.67441));
#590=VERTEX_POINT('',#589);
#591=CARTESIAN_POINT('',(181.169024,11.635,-20.947498));
#592=VERTEX_POINT('',#591);
#593=CARTESIAN_POINT('',(181.481552,11.635,-20.271976));
#594=VERTEX_POINT('',#593);
#595=CARTESIAN_POINT('',(181.931984,11.635,-19.679434));
#596=VERTEX_POINT('',#595);
#597=CARTESIAN_POINT('',(182.49928,11.635,-19.197574));
#598=VERTEX_POINT('',#597);
#599=CARTESIAN_POINT('',(183.156896,11.635,-18.848932));
#600=VERTEX_POINT('',#599);
#601=CARTESIAN_POINT('',(183.874064,11.635,-18.649806));
#602=VERTEX_POINT('',#601);
#603=CARTESIAN_POINT('',(184.617296,11.635,-18.60951));
#604=VERTEX_POINT('',#603);
#605=CARTESIAN_POINT('',(185.351808,11.635,-18.729928));
#606=VERTEX_POINT('',#605);
#607=CARTESIAN_POINT('',(186.043264,11.635,-19.005426));
#608=VERTEX_POINT('',#607);
#609=CARTESIAN_POINT('',(186.659312,11.635,-19.423124));
#610=VERTEX_POINT('',#609);
#611=CARTESIAN_POINT('',(187.171184,11.635,-19.963494));
#612=VERTEX_POINT('',#611);
#613=CARTESIAN_POINT('',(187.554912,11.635,-20.601264));
#614=VERTEX_POINT('',#613);
#615=CARTESIAN_POINT('',(187.792576,11.635,-21.306616));
#616=VERTEX_POINT('',#615);
#617=CARTESIAN_POINT('',(121.886952,11.635,3.801048));
#618=VERTEX_POINT('',#617);
#619=CARTESIAN_POINT('',(150.141424,11.635,3.801048));
#620=VERTEX_POINT('',#619);
#621=CARTESIAN_POINT('',(150.141424,11.635,-24.833518));
#622=VERTEX_POINT('',#621);
#623=CARTESIAN_POINT('',(121.886952,11.635,-24.833518));
#624=VERTEX_POINT('',#623);
#625=CARTESIAN_POINT('',(100.291552,11.635,-13.630928));
#626=VERTEX_POINT('',#625);
#627=CARTESIAN_POINT('',(114.198976,11.635,-13.630928));
#628=VERTEX_POINT('',#627);
#629=CARTESIAN_POINT('',(114.198976,11.635,-27.546354));
#630=VERTEX_POINT('',#629);
#631=CARTESIAN_POINT('',(100.291552,11.635,-27.546354));
#632=VERTEX_POINT('',#631);
#633=CARTESIAN_POINT('',(100.291552,11.635,-32.753528));
#634=VERTEX_POINT('',#633);
#635=CARTESIAN_POINT('',(114.198976,11.635,-32.753528));
#636=VERTEX_POINT('',#635);
#637=CARTESIAN_POINT('',(114.198976,11.635,-46.65318));
#638=VERTEX_POINT('',#637);
#639=CARTESIAN_POINT('',(100.291552,11.635,-46.65318));
#640=VERTEX_POINT('',#639);
#641=FACE_SURFACE('',(#646),#642,.T.);
#642=PLANE('',#643);
#643=AXIS2_PLACEMENT_3D('',#67,#644,#645);
#644=DIRECTION('',(0.13052704766693377,0,0.9914447487517163));
#645=DIRECTION('',(0,-1,0));
#646=FACE_BOUND('',#647,.T.);
#647=EDGE_LOOP('',(#648,#649,#650));
#648=ORIENTED_EDGE('',*,*,#651,.T.);
#649=ORIENTED_EDGE('',*,*,#652,.T.);
#650=ORIENTED_EDGE('',*,*,#653,.T.);
#651=EDGE_CURVE('',#68,#42,#654,.F.);
#652=EDGE_CURVE('',#42,#66,#655,.T.);
#653=EDGE_CURVE('',#66,#68,#656,.T.);
#654=LINE('',#67,#657);
#655=LINE('',#41,#658);
#656=LINE('',#65,#659);
#657=VECTOR('',#660,1.0);
#658=VECTOR('',#661,1.0);
#659=VECTOR('',#662,1.0);
#660=DIRECTION('',(0,-1,0));
#661=DIRECTION('',(0.05434844225756163,0.9984963948701376,-0.007155155869359345));
#662=DIRECTION('',(-0.9914447487517163,0,0.13052704766693377));
#663=FACE_SURFACE('',(#668),#664,.T.);
#664=PLANE('',#665);
#665=AXIS2_PLACEMENT_3D('',#65,#666,#667);
#666=DIRECTION('',(0.13052704766693377,0,0.9914447487517163));
#667=DIRECTION('',(-0.05434844225756163,-0.9984963948701376,0.007155155869359345));
#668=FACE_BOUND('',#669,.T.);
#669=EDGE_LOOP('',(#670,#671,#672));
#670=ORIENTED_EDGE('',*,*,#673,.T.);
#671=ORIENTED_EDGE('',*,*,#674,.T.);
#672=ORIENTED_EDGE('',*,*,#675,.T.);
#673=EDGE_CURVE('',#66,#42,#676,.F.);
#674=EDGE_CURVE('',#42,#44,#677,.T.);
#675=EDGE_CURVE('',#44,#66,#678,.T.);
#676=LINE('',#65,#679);
#677=LINE('',#41,#680);
#678=LINE('',#43,#681);
#679=VECTOR('',#682,1.0);
#680=VECTOR('',#683,1.0);
#681=VECTOR('',#684,1.0);
#682=DIRECTION('',(-0.05434844225756163,-0.9984963948701376,0.007155155869359345));
#683=DIRECTION('',(0.9914447487517163,0,-0.13052704766693377));
#684=DIRECTION('',(0,1,0));
#685=FACE_SURFACE('',(#690),#686,.T.);
#686=PLANE('',#687);
#687=AXIS2_PLACEMENT_3D('',#65,#688,#689);
#688=DIRECTION('',(0.38267792686564767,0,0.923881812944605));
#689=DIRECTION('',(0,-1,0));
#690=FACE_BOUND('',#691,.T.);
#691=EDGE_LOOP('',(#692,#693,#694));
#692=ORIENTED_EDGE('',*,*,#695,.T.);
#693=ORIENTED_EDGE('',*,*,#696,.T.);
#694=ORIENTED_EDGE('',*,*,#697,.T.);
#695=EDGE_CURVE('',#66,#44,#698,.F.);
#696=EDGE_CURVE('',#44,#64,#699,.T.);
#697=EDGE_CURVE('',#64,#66,#700,.T.);
#698=LINE('',#65,#701);
#699=LINE('',#43,#702);
#700=LINE('',#63,#703);
#701=VECTOR('',#704,1.0);
#702=VECTOR('',#705,1.0);
#703=VECTOR('',#706,1.0);
#704=DIRECTION('',(0,-1,0));
#705=DIRECTION('',(0.05064591771138329,0.9984963294315686,-0.02097787241013956));
#706=DIRECTION('',(-0.923881812944605,0,0.38267792686564767));
#707=FACE_SURFACE('',(#712),#708,.T.);
#708=PLANE('',#709);
#709=AXIS2_PLACEMENT_3D('',#63,#710,#711);
#710=DIRECTION('',(0.38267792686564767,0,0.923881812944605));
#711=DIRECTION('',(-0.05064591771138329,-0.9984963294315686,0.02097787241013956));
#712=FACE_BOUND('',#713,.T.);
#713=EDGE_LOOP('',(#714,#715,#716));
#714=ORIENTED_EDGE('',*,*,#717,.T.);
#715=ORIENTED_EDGE('',*,*,#718,.T.);
#716=ORIENTED_EDGE('',*,*,#719,.T.);
#717=EDGE_CURVE('',#64,#44,#720,.F.);
#718=EDGE_CURVE('',#44,#46,#721,.T.);
#719=EDGE_CURVE('',#46,#64,#722,.T.);
#720=LINE('',#63,#723);
#721=LINE('',#43,#724);
#722=LINE('',#45,#725);
#723=VECTOR('',#726,1.0);
#724=VECTOR('',#727,1.0);
#725=VECTOR('',#728,1.0);
#726=DIRECTION('',(-0.05064591771138329,-0.9984963294315686,0.02097787241013956));
#727=DIRECTION('',(0.923881812944605,0,-0.38267792686564767));
#728=DIRECTION('',(0,1,0));
#729=FACE_SURFACE('',(#734),#730,.T.);
#730=PLANE('',#731);
#731=AXIS2_PLACEMENT_3D('',#63,#732,#733);
#732=DIRECTION('',(0.6087698953650201,0,0.7933468437557828));
#733=DIRECTION('',(0,-1,0));
#734=FACE_BOUND('',#735,.T.);
#735=EDGE_LOOP('',(#736,#737,#738));
#736=ORIENTED_EDGE('',*,*,#739,.T.);
#737=ORIENTED_EDGE('',*,*,#740,.T.);
#738=ORIENTED_EDGE('',*,*,#741,.T.);
#739=EDGE_CURVE('',#64,#46,#742,.F.);
#740=EDGE_CURVE('',#46,#62,#743,.T.);
#741=EDGE_CURVE('',#62,#64,#744,.T.);
#742=LINE('',#63,#745);
#743=LINE('',#45,#746);
#744=LINE('',#61,#747);
#745=VECTOR('',#748,1.0);
#746=VECTOR('',#749,1.0);
#747=VECTOR('',#750,1.0);
#748=DIRECTION('',(0,-1,0));
#749=DIRECTION('',(0.043489504390932465,0.9984963756320349,-0.03337140778453064));
#750=DIRECTION('',(-0.7933468437557828,0,0.6087698953650201));
#751=FACE_SURFACE('',(#756),#752,.T.);
#752=PLANE('',#753);
#753=AXIS2_PLACEMENT_3D('',#61,#754,#755);
#754=DIRECTION('',(0.6087698953650201,0,0.7933468437557828));
#755=DIRECTION('',(-0.043489504390932465,-0.9984963756320349,0.03337140778453064));
#756=FACE_BOUND('',#757,.T.);
#757=EDGE_LOOP('',(#758,#759,#760));
#758=ORIENTED_EDGE('',*,*,#761,.T.);
#759=ORIENTED_EDGE('',*,*,#762,.T.);
#760=ORIENTED_EDGE('',*,*,#763,.T.);
#761=EDGE_CURVE('',#62,#46,#764,.F.);
#762=EDGE_CURVE('',#46,#48,#765,.T.);
#763=EDGE_CURVE('',#48,#62,#766,.T.);
#764=LINE('',#61,#767);
#765=LINE('',#45,#768);
#766=LINE('',#47,#769);
#767=VECTOR('',#770,1.0);
#768=VECTOR('',#771,1.0);
#769=VECTOR('',#772,1.0);
#770=DIRECTION('',(-0.043489504390932465,-0.9984963756320349,0.03337140778453064));
#771=DIRECTION('',(0.7933468437557828,0,-0.6087698953650201));
#772=DIRECTION('',(0,1,0));
#773=FACE_SURFACE('',(#778),#774,.T.);
#774=PLANE('',#775);
#775=AXIS2_PLACEMENT_3D('',#61,#776,#777);
#776=DIRECTION('',(0.7933644835949853,0,0.6087469064973244));
#777=DIRECTION('',(0,-1,0));
#778=FACE_BOUND('',#779,.T.);
#779=EDGE_LOOP('',(#780,#781,#782));
#780=ORIENTED_EDGE('',*,*,#783,.T.);
#781=ORIENTED_EDGE('',*,*,#784,.T.);
#782=ORIENTED_EDGE('',*,*,#785,.T.);
#783=EDGE_CURVE('',#62,#48,#786,.F.);
#784=EDGE_CURVE('',#48,#60,#787,.T.);
#785=EDGE_CURVE('',#60,#62,#788,.T.);
#786=LINE('',#61,#789);
#787=LINE('',#47,#790);
#788=LINE('',#59,#791);
#789=VECTOR('',#792,1.0);
#790=VECTOR('',#793,1.0);
#791=VECTOR('',#794,1.0);
#792=DIRECTION('',(0,-1,0));
#793=DIRECTION('',(0.03336972913595128,0.9984964133700518,-0.04348992601207557));
#794=DIRECTION('',(-0.6087469064973243,0,0.7933644835949852));
#795=FACE_SURFACE('',(#800),#796,.T.);
#796=PLANE('',#797);
#797=AXIS2_PLACEMENT_3D('',#59,#798,#799);
#798=DIRECTION('',(0.7933644835949853,0,0.6087469064973244));
#799=DIRECTION('',(-0.03336972913595128,-0.9984964133700518,0.04348992601207557));
#800=FACE_BOUND('',#801,.T.);
#801=EDGE_LOOP('',(#802,#803,#804));
#802=ORIENTED_EDGE('',*,*,#805,.T.);
#803=ORIENTED_EDGE('',*,*,#806,.T.);
#804=ORIENTED_EDGE('',*,*,#807,.T.);
#805=EDGE_CURVE('',#60,#48,#808,.F.);
#806=EDGE_CURVE('',#48,#50,#809,.T.);
#807=EDGE_CURVE('',#50,#60,#810,.T.);
#808=LINE('',#59,#811);
#809=LINE('',#47,#812);
#810=LINE('',#49,#813);
#811=VECTOR('',#814,1.0);
#812=VECTOR('',#815,1.0);
#813=VECTOR('',#816,1.0);
#814=DIRECTION('',(-0.03336972913595128,-0.9984964133700518,0.04348992601207557));
#815=DIRECTION('',(0.6087469064973243,0,-0.7933644835949852));
#816=DIRECTION('',(0,1,0));
#817=FACE_SURFACE('',(#822),#818,.T.);
#818=PLANE('',#819);
#819=AXIS2_PLACEMENT_3D('',#59,#820,#821);
#820=DIRECTION('',(0.9238530418015016,0,0.3827473803360553));
#821=DIRECTION('',(0,-1,0));
#822=FACE_BOUND('',#823,.T.);
#823=EDGE_LOOP('',(#824,#825,#826));
#824=ORIENTED_EDGE('',*,*,#827,.T.);
#825=ORIENTED_EDGE('',*,*,#828,.T.);
#826=ORIENTED_EDGE('',*,*,#829,.T.);
#827=EDGE_CURVE('',#60,#50,#830,.F.);
#828=EDGE_CURVE('',#50,#58,#831,.T.);
#829=EDGE_CURVE('',#58,#60,#832,.T.);
#830=LINE('',#59,#833);
#831=LINE('',#49,#834);
#832=LINE('',#57,#835);
#833=VECTOR('',#836,1.0);
#834=VECTOR('',#837,1.0);
#835=VECTOR('',#838,1.0);
#836=DIRECTION('',(0,-1,0));
#837=DIRECTION('',(0.020982071005080247,0.9984962733099562,-0.050645284898668305));
#838=DIRECTION('',(-0.38274738033605527,0,0.9238530418015015));
#839=FACE_SURFACE('',(#844),#840,.T.);
#840=PLANE('',#841);
#841=AXIS2_PLACEMENT_3D('',#57,#842,#843);
#842=DIRECTION('',(0.9238530418015016,0,0.3827473803360553));
#843=DIRECTION('',(-0.020982071005080247,-0.9984962733099562,0.050645284898668305));
#844=FACE_BOUND('',#845,.T.);
#845=EDGE_LOOP('',(#846,#847,#848));
#846=ORIENTED_EDGE('',*,*,#849,.T.);
#847=ORIENTED_EDGE('',*,*,#850,.T.);
#848=ORIENTED_EDGE('',*,*,#851,.T.);
#849=EDGE_CURVE('',#58,#50,#852,.F.);
#850=EDGE_CURVE('',#50,#52,#853,.T.);
#851=EDGE_CURVE('',#52,#58,#854,.T.);
#852=LINE('',#57,#855);
#853=LINE('',#49,#856);
#854=LINE('',#51,#857);
#855=VECTOR('',#858,1.0);
#856=VECTOR('',#859,1.0);
#857=VECTOR('',#860,1.0);
#858=DIRECTION('',(-0.020982071005080247,-0.9984962733099562,0.050645284898668305));
#859=DIRECTION('',(0.38274738033605527,0,-0.9238530418015015));
#860=DIRECTION('',(0,1,0));
#861=FACE_SURFACE('',(#866),#862,.T.);
#862=PLANE('',#863);
#863=AXIS2_PLACEMENT_3D('',#57,#864,#865);
#864=DIRECTION('',(0.9914499010542666,0,0.13048790633420723));
#865=DIRECTION('',(0,-1,0));
#866=FACE_BOUND('',#867,.T.);
#867=EDGE_LOOP('',(#868,#869,#870));
#868=ORIENTED_EDGE('',*,*,#871,.T.);
#869=ORIENTED_EDGE('',*,*,#872,.T.);
#870=ORIENTED_EDGE('',*,*,#873,.T.);
#871=EDGE_CURVE('',#58,#52,#874,.F.);
#872=EDGE_CURVE('',#52,#56,#875,.T.);
#873=EDGE_CURVE('',#56,#58,#876,.T.);
#874=LINE('',#57,#877);
#875=LINE('',#51,#878);
#876=LINE('',#55,#879);
#877=VECTOR('',#880,1.0);
#878=VECTOR('',#881,1.0);
#879=VECTOR('',#882,1.0);
#880=DIRECTION('',(0,-1,0));
#881=DIRECTION('',(0.007153055844647616,0.9984963756839669,-0.05434907117942155));
#882=DIRECTION('',(-0.13048790633420723,0,0.9914499010542666));
#883=FACE_SURFACE('',(#888),#884,.T.);
#884=PLANE('',#885);
#885=AXIS2_PLACEMENT_3D('',#55,#886,#887);
#886=DIRECTION('',(0.9914499010542666,0,0.13048790633420723));
#887=DIRECTION('',(-0.007153055844647616,-0.9984963756839669,0.05434907117942155));
#888=FACE_BOUND('',#889,.T.);
#889=EDGE_LOOP('',(#890,#891,#892));
#890=ORIENTED_EDGE('',*,*,#893,.T.);
#891=ORIENTED_EDGE('',*,*,#894,.T.);
#892=ORIENTED_EDGE('',*,*,#895,.T.);
#893=EDGE_CURVE('',#56,#52,#896,.F.);
#894=EDGE_CURVE('',#52,#54,#897,.T.);
#895=EDGE_CURVE('',#54,#56,#898,.T.);
#896=LINE('',#55,#899);
#897=LINE('',#51,#900);
#898=LINE('',#53,#901);
#899=VECTOR('',#902,1.0);
#900=VECTOR('',#903,1.0);
#901=VECTOR('',#904,1.0);
#902=DIRECTION('',(-0.007153055844647616,-0.9984963756839669,0.05434907117942155));
#903=DIRECTION('',(0.13048790633420723,0,-0.9914499010542666));
#904=DIRECTION('',(0,1,0));
#905=FACE_SURFACE('',(#910),#906,.T.);
#906=PLANE('',#907);
#907=AXIS2_PLACEMENT_3D('',#67,#908,#909);
#908=DIRECTION('',(0,0,1));
#909=DIRECTION('',(-1,0,0));
#910=FACE_BOUND('',#911,.T.);
#911=EDGE_LOOP('',(#912,#913,#914));
#912=ORIENTED_EDGE('',*,*,#915,.T.);
#913=ORIENTED_EDGE('',*,*,#916,.T.);
#914=ORIENTED_EDGE('',*,*,#917,.T.);
#915=EDGE_CURVE('',#68,#70,#918,.F.);
#916=EDGE_CURVE('',#70,#42,#919,.T.);
#917=EDGE_CURVE('',#42,#68,#920,.T.);
#918=LINE('',#67,#921);
#919=LINE('',#69,#922);
#920=LINE('',#41,#923);
#921=VECTOR('',#924,1.0);
#922=VECTOR('',#925,1.0);
#923=VECTOR('',#926,1.0);
#924=DIRECTION('',(-1,0,0));
#925=DIRECTION('',(0.9988553568332622,-0.04783279341096893,0));
#926=DIRECTION('',(0,1,0));
#927=FACE_SURFACE('',(#932),#928,.T.);
#928=PLANE('',#929);
#929=AXIS2_PLACEMENT_3D('',#41,#930,#931);
#930=DIRECTION('',(0,0,1));
#931=DIRECTION('',(-0.9988553568332622,0.04783279341096893,0));
#932=FACE_BOUND('',#933,.T.);
#933=EDGE_LOOP('',(#934,#935,#936));
#934=ORIENTED_EDGE('',*,*,#937,.T.);
#935=ORIENTED_EDGE('',*,*,#938,.T.);
#936=ORIENTED_EDGE('',*,*,#939,.T.);
#937=EDGE_CURVE('',#42,#70,#940,.F.);
#938=EDGE_CURVE('',#70,#72,#941,.T.);
#939=EDGE_CURVE('',#72,#42,#942,.T.);
#940=LINE('',#41,#943);
#941=LINE('',#69,#944);
#942=LINE('',#71,#945);
#943=VECTOR('',#946,1.0);
#944=VECTOR('',#947,1.0);
#945=VECTOR('',#948,1.0);
#946=DIRECTION('',(-0.9988553568332622,0.04783279341096893,0));
#947=DIRECTION('',(0,-1,0));
#948=DIRECTION('',(1,0,0));
#949=FACE_SURFACE('',(#954),#950,.T.);
#950=PLANE('',#951);
#951=AXIS2_PLACEMENT_3D('',#75,#952,#953);
#952=DIRECTION('',(-0,1,0));
#953=DIRECTION('',(0.9936060048939936,0,0.11290308693121398));
#954=FACE_BOUND('',#955,.T.);
#955=EDGE_LOOP('',(#956,#957,#958));
#956=ORIENTED_EDGE('',*,*,#959,.T.);
#957=ORIENTED_EDGE('',*,*,#960,.T.);
#958=ORIENTED_EDGE('',*,*,#961,.T.);
#959=EDGE_CURVE('',#76,#318,#962,.F.);
#960=EDGE_CURVE('',#318,#74,#963,.T.);
#961=EDGE_CURVE('',#74,#76,#964,.T.);
#962=LINE('',#75,#965);
#963=LINE('',#317,#966);
#964=LINE('',#73,#967);
#965=VECTOR('',#968,1.0);
#966=VECTOR('',#969,1.0);
#967=VECTOR('',#970,1.0);
#968=DIRECTION('',(0.9936060048939936,0,0.11290308693121398));
#969=DIRECTION('',(-0.9920353058522292,0,-0.1259601204456154));
#970=DIRECTION('',(-0.13054765691048803,0,0.9914420352573223));
#971=FACE_SURFACE('',(#976),#972,.T.);
#972=PLANE('',#973);
#973=AXIS2_PLACEMENT_3D('',#73,#974,#975);
#974=DIRECTION('',(-0,1,0));
#975=DIRECTION('',(0.9920353058522292,0,0.1259601204456154));
#976=FACE_BOUND('',#977,.T.);
#977=EDGE_LOOP('',(#978,#979,#980));
#978=ORIENTED_EDGE('',*,*,#981,.T.);
#979=ORIENTED_EDGE('',*,*,#982,.T.);
#980=ORIENTED_EDGE('',*,*,#983,.T.);
#981=EDGE_CURVE('',#74,#318,#984,.F.);
#982=EDGE_CURVE('',#318,#322,#985,.T.);
#983=EDGE_CURVE('',#322,#74,#986,.T.);
#984=LINE('',#73,#987);
#985=LINE('',#317,#988);
#986=LINE('',#321,#989);
#987=VECTOR('',#990,1.0);
#988=VECTOR('',#991,1.0);
#989=VECTOR('',#992,1.0);
#990=DIRECTION('',(0.9920353058522292,0,0.1259601204456154));
#991=DIRECTION('',(0.006955031777873038,0,-0.9999758134739903));
#992=DIRECTION('',(-0.9920630331547112,0,0.12574155338580095));
#993=FACE_SURFACE('',(#998),#994,.T.);
#994=PLANE('',#995);
#995=AXIS2_PLACEMENT_3D('',#73,#996,#997);
#996=DIRECTION('',(0,1,0));
#997=DIRECTION('',(0.9920630331547112,0,-0.12574155338580095));
#998=FACE_BOUND('',#999,.T.);
#999=EDGE_LOOP('',(#1000,#1001,#1002));
#1000=ORIENTED_EDGE('',*,*,#1003,.T.);
#1001=ORIENTED_EDGE('',*,*,#1004,.T.);
#1002=ORIENTED_EDGE('',*,*,#1005,.T.);
#1003=EDGE_CURVE('',#74,#322,#1006,.F.);
#1004=EDGE_CURVE('',#322,#120,#1007,.T.);
#1005=EDGE_CURVE('',#120,#74,#1008,.T.);
#1006=LINE('',#73,#1009);
#1007=LINE('',#321,#1010);
#1008=LINE('',#119,#1011);
#1009=VECTOR('',#1012,1.0);
#1010=VECTOR('',#1013,1.0);
#1011=VECTOR('',#1014,1.0);
#1012=DIRECTION('',(0.9920630331547112,0,-0.12574155338580095));
#1013=DIRECTION('',(-0.9936282783453323,0,0.1127068962951719));
#1014=DIRECTION('',(0.13054765691048803,0,0.9914420352573223));
#1015=FACE_SURFACE('',(#1020),#1016,.T.);
#1016=PLANE('',#1017);
#1017=AXIS2_PLACEMENT_3D('',#119,#1018,#1019);
#1018=DIRECTION('',(0,1,0));
#1019=DIRECTION('',(0.9936282783453323,0,-0.1127068962951719));
#1020=FACE_BOUND('',#1021,.T.);
#1021=EDGE_LOOP('',(#1022,#1023,#1024));
#1022=ORIENTED_EDGE('',*,*,#1025,.T.);
#1023=ORIENTED_EDGE('',*,*,#1026,.T.);
#1024=ORIENTED_EDGE('',*,*,#1027,.T.);
#1025=EDGE_CURVE('',#120,#322,#1028,.F.);
#1026=EDGE_CURVE('',#322,#118,#1029,.T.);
#1027=EDGE_CURVE('',#118,#120,#1030,.T.);
#1028=LINE('',#119,#1031);
#1029=LINE('',#321,#1032);
#1030=LINE('',#117,#1033);
#1031=VECTOR('',#1034,1.0);
#1032=VECTOR('',#1035,1.0);
#1033=VECTOR('',#1036,1.0);
#1034=DIRECTION('',(0.9936282783453323,0,-0.1127068962951719));
#1035=DIRECTION('',(-0.9949666102210444,0,0.10020700846370197));
#1036=DIRECTION('',(0.38267026535018583,0,0.923884986357511));
#1037=FACE_SURFACE('',(#1042),#1038,.T.);
#1038=PLANE('',#1039);
#1039=AXIS2_PLACEMENT_3D('',#117,#1040,#1041);
#1040=DIRECTION('',(0,1,0));
#1041=DIRECTION('',(0.9949666102210444,0,-0.10020700846370197));
#1042=FACE_BOUND('',#1043,.T.);
#1043=EDGE_LOOP('',(#1044,#1045,#1046));
#1044=ORIENTED_EDGE('',*,*,#1047,.T.);
#1045=ORIENTED_EDGE('',*,*,#1048,.T.);
#1046=ORIENTED_EDGE('',*,*,#1049,.T.);
#1047=EDGE_CURVE('',#118,#322,#1050,.F.);
#1048=EDGE_CURVE('',#322,#116,#1051,.T.);
#1049=EDGE_CURVE('',#116,#118,#1052,.T.);
#1050=LINE('',#117,#1053);
#1051=LINE('',#321,#1054);
#1052=LINE('',#115,#1055);
#1053=VECTOR('',#1056,1.0);
#1054=VECTOR('',#1057,1.0);
#1055=VECTOR('',#1058,1.0);
#1056=DIRECTION('',(0.9949666102210444,0,-0.10020700846370197));
#1057=DIRECTION('',(-0.9960127769236744,0,0.08921069557396576));
#1058=DIRECTION('',(0.6087624951021932,0,0.7933525222478038));
#1059=FACE_SURFACE('',(#1064),#1060,.T.);
#1060=PLANE('',#1061);
#1061=AXIS2_PLACEMENT_3D('',#115,#1062,#1063);
#1062=DIRECTION('',(0,1,0));
#1063=DIRECTION('',(0.9960127769236744,0,-0.08921069557396576));
#1064=FACE_BOUND('',#1065,.T.);
#1065=EDGE_LOOP('',(#1066,#1067,#1068));
#1066=ORIENTED_EDGE('',*,*,#1069,.T.);
#1067=ORIENTED_EDGE('',*,*,#1070,.T.);
#1068=ORIENTED_EDGE('',*,*,#1071,.T.);
#1069=EDGE_CURVE('',#116,#322,#1072,.F.);
#1070=EDGE_CURVE('',#322,#114,#1073,.T.);
#1071=EDGE_CURVE('',#114,#116,#1074,.T.);
#1072=LINE('',#115,#1075);
#1073=LINE('',#321,#1076);
#1074=LINE('',#113,#1077);
#1075=VECTOR('',#1078,1.0);
#1076=VECTOR('',#1079,1.0);
#1077=VECTOR('',#1080,1.0);
#1078=DIRECTION('',(0.9960127769236744,0,-0.08921069557396576));
#1079=DIRECTION('',(-0.9967521597194333,0,0.08053031786007972));
#1080=DIRECTION('',(0.7933468437558128,0,0.6087698953649809));
#1081=FACE_SURFACE('',(#1086),#1082,.T.);
#1082=PLANE('',#1083);
#1083=AXIS2_PLACEMENT_3D('',#113,#1084,#1085);
#1084=DIRECTION('',(0,1,0));
#1085=DIRECTION('',(0.9967521597194333,0,-0.08053031786007972));
#1086=FACE_BOUND('',#1087,.T.);
#1087=EDGE_LOOP('',(#1088,#1089,#1090));
#1088=ORIENTED_EDGE('',*,*,#1091,.T.);
#1089=ORIENTED_EDGE('',*,*,#1092,.T.);
#1090=ORIENTED_EDGE('',*,*,#1093,.T.);
#1091=EDGE_CURVE('',#114,#322,#1094,.F.);
#1092=EDGE_CURVE('',#322,#324,#1095,.T.);
#1093=EDGE_CURVE('',#324,#114,#1096,.T.);
#1094=LINE('',#113,#1097);
#1095=LINE('',#321,#1098);
#1096=LINE('',#323,#1099);
#1097=VECTOR('',#1100,1.0);
#1098=VECTOR('',#1101,1.0);
#1099=VECTOR('',#1102,1.0);
#1100=DIRECTION('',(0.9967521597194333,0,-0.08053031786007972));
#1101=DIRECTION('',(-1,0,0));
#1102=DIRECTION('',(0.7744109589073731,0,0.6326829116738991));
#1103=FACE_SURFACE('',(#1108),#1104,.T.);
#1104=PLANE('',#1105);
#1105=AXIS2_PLACEMENT_3D('',#113,#1106,#1107);
#1106=DIRECTION('',(0,1,0));
#1107=DIRECTION('',(-0.7744109589073731,0,-0.6326829116738991));
#1108=FACE_BOUND('',#1109,.T.);
#1109=EDGE_LOOP('',(#1110,#1111,#1112));
#1110=ORIENTED_EDGE('',*,*,#1113,.T.);
#1111=ORIENTED_EDGE('',*,*,#1114,.T.);
#1112=ORIENTED_EDGE('',*,*,#1115,.T.);
#1113=EDGE_CURVE('',#114,#324,#1116,.F.);
#1114=EDGE_CURVE('',#324,#112,#1117,.T.);
#1115=EDGE_CURVE('',#112,#114,#1118,.T.);
#1116=LINE('',#113,#1119);
#1117=LINE('',#323,#1120);
#1118=LINE('',#111,#1121);
#1119=VECTOR('',#1122,1.0);
#1120=VECTOR('',#1123,1.0);
#1121=VECTOR('',#1124,1.0);
#1122=DIRECTION('',(-0.7744109589073731,0,-0.6326829116738991));
#1123=DIRECTION('',(0.7536145414688937,0,0.6573166077976651));
#1124=DIRECTION('',(0.9238818129445898,0,0.38267792686568436));
#1125=FACE_SURFACE('',(#1130),#1126,.T.);
#1126=PLANE('',#1127);
#1127=AXIS2_PLACEMENT_3D('',#111,#1128,#1129);
#1128=DIRECTION('',(0,1,0));
#1129=DIRECTION('',(-0.7536145414688937,0,-0.6573166077976651));
#1130=FACE_BOUND('',#1131,.T.);
#1131=EDGE_LOOP('',(#1132,#1133,#1134));
#1132=ORIENTED_EDGE('',*,*,#1135,.T.);
#1133=ORIENTED_EDGE('',*,*,#1136,.T.);
#1134=ORIENTED_EDGE('',*,*,#1137,.T.);
#1135=EDGE_CURVE('',#112,#324,#1138,.F.);
#1136=EDGE_CURVE('',#324,#110,#1139,.T.);
#1137=EDGE_CURVE('',#110,#112,#1140,.T.);
#1138=LINE('',#111,#1141);
#1139=LINE('',#323,#1142);
#1140=LINE('',#109,#1143);
#1141=VECTOR('',#1144,1.0);
#1142=VECTOR('',#1145,1.0);
#1143=VECTOR('',#1146,1.0);
#1144=DIRECTION('',(-0.7536145414688937,0,-0.6573166077976651));
#1145=DIRECTION('',(0.7071067811865476,0,0.7071067811865476));
#1146=DIRECTION('',(0.9914457401869079,0,0.1305195167981957));
#1147=FACE_SURFACE('',(#1152),#1148,.T.);
#1148=PLANE('',#1149);
#1149=AXIS2_PLACEMENT_3D('',#109,#1150,#1151);
#1150=DIRECTION('',(0,1,0));
#1151=DIRECTION('',(-0.7071067811865476,0,-0.7071067811865476));
#1152=FACE_BOUND('',#1153,.T.);
#1153=EDGE_LOOP('',(#1154,#1155,#1156));
#1154=ORIENTED_EDGE('',*,*,#1157,.T.);
#1155=ORIENTED_EDGE('',*,*,#1158,.T.);
#1156=ORIENTED_EDGE('',*,*,#1159,.T.);
#1157=EDGE_CURVE('',#110,#324,#1160,.F.);
#1158=EDGE_CURVE('',#324,#108,#1161,.T.);
#1159=EDGE_CURVE('',#108,#110,#1162,.T.);
#1160=LINE('',#109,#1163);
#1161=LINE('',#323,#1164);
#1162=LINE('',#107,#1165);
#1163=VECTOR('',#1166,1.0);
#1164=VECTOR('',#1167,1.0);
#1165=VECTOR('',#1168,1.0);
#1166=DIRECTION('',(-0.7071067811865476,0,-0.7071067811865476));
#1167=DIRECTION('',(0.6289864130114614,0,0.7774162927588896));
#1168=DIRECTION('',(0.9914462622210863,0,-0.1305155512873342));
#1169=FACE_SURFACE('',(#1174),#1170,.T.);
#1170=PLANE('',#1171);
#1171=AXIS2_PLACEMENT_3D('',#107,#1172,#1173);
#1172=DIRECTION('',(0,1,0));
#1173=DIRECTION('',(-0.6289864130114614,0,-0.7774162927588896));
#1174=FACE_BOUND('',#1175,.T.);
#1175=EDGE_LOOP('',(#1176,#1177,#1178));
#1176=ORIENTED_EDGE('',*,*,#1179,.T.);
#1177=ORIENTED_EDGE('',*,*,#1180,.T.);
#1178=ORIENTED_EDGE('',*,*,#1181,.T.);
#1179=EDGE_CURVE('',#108,#324,#1182,.F.);
#1180=EDGE_CURVE('',#324,#106,#1183,.T.);
#1181=EDGE_CURVE('',#106,#108,#1184,.T.);
#1182=LINE('',#107,#1185);
#1183=LINE('',#323,#1186);
#1184=LINE('',#105,#1187);
#1185=VECTOR('',#1188,1.0);
#1186=VECTOR('',#1189,1.0);
#1187=VECTOR('',#1190,1.0);
#1188=DIRECTION('',(-0.6289864130114614,0,-0.7774162927588896));
#1189=DIRECTION('',(0.5220053877650312,0,0.8529421874572035));
#1190=DIRECTION('',(0.9238773250445074,0,-0.3826887616178527));
#1191=FACE_SURFACE('',(#1196),#1192,.T.);
#1192=PLANE('',#1193);
#1193=AXIS2_PLACEMENT_3D('',#105,#1194,#1195);
#1194=DIRECTION('',(0,1,0));
#1195=DIRECTION('',(-0.5220053877650312,0,-0.8529421874572035));
#1196=FACE_BOUND('',#1197,.T.);
#1197=EDGE_LOOP('',(#1198,#1199,#1200));
#1198=ORIENTED_EDGE('',*,*,#1201,.T.);
#1199=ORIENTED_EDGE('',*,*,#1202,.T.);
#1200=ORIENTED_EDGE('',*,*,#1203,.T.);
#1201=EDGE_CURVE('',#106,#324,#1204,.F.);
#1202=EDGE_CURVE('',#324,#332,#1205,.T.);
#1203=EDGE_CURVE('',#332,#106,#1206,.T.);
#1204=LINE('',#105,#1207);
#1205=LINE('',#323,#1208);
#1206=LINE('',#331,#1209);
#1207=VECTOR('',#1210,1.0);
#1208=VECTOR('',#1211,1.0);
#1209=VECTOR('',#1212,1.0);
#1210=DIRECTION('',(-0.5220053877650312,0,-0.8529421874572035));
#1211=DIRECTION('',(-0.8660270528241962,0,0.49999714376847876));
#1212=DIRECTION('',(0.8545794095722741,0,0.5193207416761856));
#1213=FACE_SURFACE('',(#1218),#1214,.T.);
#1214=PLANE('',#1215);
#1215=AXIS2_PLACEMENT_3D('',#105,#1216,#1217);
#1216=DIRECTION('',(0,1,0));
#1217=DIRECTION('',(-0.8545794095722741,0,-0.5193207416761856));
#1218=FACE_BOUND('',#1219,.T.);
#1219=EDGE_LOOP('',(#1220,#1221,#1222));
#1220=ORIENTED_EDGE('',*,*,#1223,.T.);
#1221=ORIENTED_EDGE('',*,*,#1224,.T.);
#1222=ORIENTED_EDGE('',*,*,#1225,.T.);
#1223=EDGE_CURVE('',#106,#332,#1226,.F.);
#1224=EDGE_CURVE('',#332,#334,#1227,.T.);
#1225=EDGE_CURVE('',#334,#106,#1228,.T.);
#1226=LINE('',#105,#1229);
#1227=LINE('',#331,#1230);
#1228=LINE('',#333,#1231);
#1229=VECTOR('',#1232,1.0);
#1230=VECTOR('',#1233,1.0);
#1231=VECTOR('',#1234,1.0);
#1232=DIRECTION('',(-0.8545794095722741,0,-0.5193207416761856));
#1233=DIRECTION('',(-0.3826756826748283,0,0.9238827425000179));
#1234=DIRECTION('',(0.9105073345914669,0,0.4134929185066446));
#1235=FACE_SURFACE('',(#1240),#1236,.T.);
#1236=PLANE('',#1237);
#1237=AXIS2_PLACEMENT_3D('',#75,#1238,#1239);
#1238=DIRECTION('',(0,1,-0));
#1239=DIRECTION('',(-0.38267026535018583,0,0.923884986357511));
#1240=FACE_BOUND('',#1241,.T.);
#1241=EDGE_LOOP('',(#1242,#1243,#1244));
#1242=ORIENTED_EDGE('',*,*,#1245,.T.);
#1243=ORIENTED_EDGE('',*,*,#1246,.T.);
#1244=ORIENTED_EDGE('',*,*,#1247,.T.);
#1245=EDGE_CURVE('',#76,#78,#1248,.F.);
#1246=EDGE_CURVE('',#78,#318,#1249,.T.);
#1247=EDGE_CURVE('',#318,#76,#1250,.T.);
#1248=LINE('',#75,#1251);
#1249=LINE('',#77,#1252);
#1250=LINE('',#317,#1253);
#1251=VECTOR('',#1254,1.0);
#1252=VECTOR('',#1255,1.0);
#1253=VECTOR('',#1256,1.0);
#1254=DIRECTION('',(-0.38267026535018583,0,0.923884986357511));
#1255=DIRECTION('',(0.9949490684104239,0,0.1003810304252241));
#1256=DIRECTION('',(-0.9936060048939936,0,-0.11290308693121398));
#1257=FACE_SURFACE('',(#1262),#1258,.T.);
#1258=PLANE('',#1259);
#1259=AXIS2_PLACEMENT_3D('',#317,#1260,#1261);
#1260=DIRECTION('',(0,1,0));
#1261=DIRECTION('',(-0.9949490684104239,0,-0.1003810304252241));
#1262=FACE_BOUND('',#1263,.T.);
#1263=EDGE_LOOP('',(#1264,#1265,#1266));
#1264=ORIENTED_EDGE('',*,*,#1267,.T.);
#1265=ORIENTED_EDGE('',*,*,#1268,.T.);
#1266=ORIENTED_EDGE('',*,*,#1269,.T.);
#1267=EDGE_CURVE('',#318,#78,#1270,.F.);
#1268=EDGE_CURVE('',#78,#80,#1271,.T.);
#1269=EDGE_CURVE('',#80,#318,#1272,.T.);
#1270=LINE('',#317,#1273);
#1271=LINE('',#77,#1274);
#1272=LINE('',#79,#1275);
#1273=VECTOR('',#1276,1.0);
#1274=VECTOR('',#1277,1.0);
#1275=VECTOR('',#1278,1.0);
#1276=DIRECTION('',(-0.9949490684104239,0,-0.1003810304252241));
#1277=DIRECTION('',(-0.6087624951021932,0,0.7933525222478038));
#1278=DIRECTION('',(0.995998969897471,0,0.0893647131880171));
#1279=FACE_SURFACE('',(#1284),#1280,.T.);
#1280=PLANE('',#1281);
#1281=AXIS2_PLACEMENT_3D('',#317,#1282,#1283);
#1282=DIRECTION('',(0,1,0));
#1283=DIRECTION('',(-0.995998969897471,0,-0.0893647131880171));
#1284=FACE_BOUND('',#1285,.T.);
#1285=EDGE_LOOP('',(#1286,#1287,#1288));
#1286=ORIENTED_EDGE('',*,*,#1289,.T.);
#1287=ORIENTED_EDGE('',*,*,#1290,.T.);
#1288=ORIENTED_EDGE('',*,*,#1291,.T.);
#1289=EDGE_CURVE('',#318,#80,#1292,.F.);
#1290=EDGE_CURVE('',#80,#82,#1293,.T.);
#1291=EDGE_CURVE('',#82,#318,#1294,.T.);
#1292=LINE('',#317,#1295);
#1293=LINE('',#79,#1296);
#1294=LINE('',#81,#1297);
#1295=VECTOR('',#1298,1.0);
#1296=VECTOR('',#1299,1.0);
#1297=VECTOR('',#1300,1.0);
#1298=DIRECTION('',(-0.995998969897471,0,-0.0893647131880171));
#1299=DIRECTION('',(-0.7933468437558128,0,0.6087698953649809));
#1300=DIRECTION('',(0.9967410160744988,0,0.08066812799845782));
#1301=FACE_SURFACE('',(#1306),#1302,.T.);
#1302=PLANE('',#1303);
#1303=AXIS2_PLACEMENT_3D('',#317,#1304,#1305);
#1304=DIRECTION('',(0,1,0));
#1305=DIRECTION('',(-0.9967410160744988,0,-0.08066812799845782));
#1306=FACE_BOUND('',#1307,.T.);
#1307=EDGE_LOOP('',(#1308,#1309,#1310));
#1308=ORIENTED_EDGE('',*,*,#1311,.T.);
#1309=ORIENTED_EDGE('',*,*,#1312,.T.);
#1310=ORIENTED_EDGE('',*,*,#1313,.T.);
#1311=EDGE_CURVE('',#318,#82,#1314,.F.);
#1312=EDGE_CURVE('',#82,#182,#1315,.T.);
#1313=EDGE_CURVE('',#182,#318,#1316,.T.);
#1314=LINE('',#317,#1317);
#1315=LINE('',#81,#1318);
#1316=LINE('',#181,#1319);
#1317=VECTOR('',#1320,1.0);
#1318=VECTOR('',#1321,1.0);
#1319=VECTOR('',#1322,1.0);
#1320=DIRECTION('',(-0.9967410160744988,0,-0.08066812799845782));
#1321=DIRECTION('',(0.23786253595993692,0,0.9712988283667945));
#1322=DIRECTION('',(0.6783227420452678,0,-0.7347640829709828));
#1323=FACE_SURFACE('',(#1328),#1324,.T.);
#1324=PLANE('',#1325);
#1325=AXIS2_PLACEMENT_3D('',#181,#1326,#1327);
#1326=DIRECTION('',(0,1,0));
#1327=DIRECTION('',(-0.23786253595993692,0,-0.9712988283667945));
#1328=FACE_BOUND('',#1329,.T.);
#1329=EDGE_LOOP('',(#1330,#1331,#1332));
#1330=ORIENTED_EDGE('',*,*,#1333,.T.);
#1331=ORIENTED_EDGE('',*,*,#1334,.T.);
#1332=ORIENTED_EDGE('',*,*,#1335,.T.);
#1333=EDGE_CURVE('',#182,#82,#1336,.F.);
#1334=EDGE_CURVE('',#82,#84,#1337,.T.);
#1335=EDGE_CURVE('',#84,#182,#1338,.T.);
#1336=LINE('',#181,#1339);
#1337=LINE('',#81,#1340);
#1338=LINE('',#83,#1341);
#1339=VECTOR('',#1342,1.0);
#1340=VECTOR('',#1343,1.0);
#1341=VECTOR('',#1344,1.0);
#1342=DIRECTION('',(-0.23786253595993692,0,-0.9712988283667945));
#1343=DIRECTION('',(-0.9238872301196647,0,0.38266484816587715));
#1344=DIRECTION('',(0.25097123543430466,0,0.9679945449146802));
#1345=FACE_SURFACE('',(#1350),#1346,.T.);
#1346=PLANE('',#1347);
#1347=AXIS2_PLACEMENT_3D('',#181,#1348,#1349);
#1348=DIRECTION('',(0,1,0));
#1349=DIRECTION('',(-0.25097123543430466,0,-0.9679945449146802));
#1350=FACE_BOUND('',#1351,.T.);
#1351=EDGE_LOOP('',(#1352,#1353,#1354));
#1352=ORIENTED_EDGE('',*,*,#1355,.T.);
#1353=ORIENTED_EDGE('',*,*,#1356,.T.);
#1354=ORIENTED_EDGE('',*,*,#1357,.T.);
#1355=EDGE_CURVE('',#182,#84,#1358,.F.);
#1356=EDGE_CURVE('',#84,#86,#1359,.T.);
#1357=EDGE_CURVE('',#86,#182,#1360,.T.);
#1358=LINE('',#181,#1361);
#1359=LINE('',#83,#1362);
#1360=LINE('',#85,#1363);
#1361=VECTOR('',#1364,1.0);
#1362=VECTOR('',#1365,1.0);
#1363=VECTOR('',#1366,1.0);
#1364=DIRECTION('',(-0.25097123543430466,0,-0.9679945449146802));
#1365=DIRECTION('',(-0.9914437572613084,0,0.13053457851305142));
#1366=DIRECTION('',(0.26406461002480647,0,0.9645049931091321));
#1367=FACE_SURFACE('',(#1372),#1368,.T.);
#1368=PLANE('',#1369);
#1369=AXIS2_PLACEMENT_3D('',#85,#1370,#1371);
#1370=DIRECTION('',(0,1,-0));
#1371=DIRECTION('',(-0.9914442794149332,0,-0.13053061256044057));
#1372=FACE_BOUND('',#1373,.T.);
#1373=EDGE_LOOP('',(#1374,#1375,#1376));
#1374=ORIENTED_EDGE('',*,*,#1377,.T.);
#1375=ORIENTED_EDGE('',*,*,#1378,.T.);
#1376=ORIENTED_EDGE('',*,*,#1379,.T.);
#1377=EDGE_CURVE('',#86,#88,#1380,.F.);
#1378=EDGE_CURVE('',#88,#182,#1381,.T.);
#1379=EDGE_CURVE('',#182,#86,#1382,.T.);
#1380=LINE('',#85,#1383);
#1381=LINE('',#87,#1384);
#1382=LINE('',#181,#1385);
#1383=VECTOR('',#1386,1.0);
#1384=VECTOR('',#1387,1.0);
#1385=VECTOR('',#1388,1.0);
#1386=DIRECTION('',(-0.9914442794149332,0,-0.13053061256044057));
#1387=DIRECTION('',(0.27611771772387844,0,0.9611238244674599));
#1388=DIRECTION('',(-0.26406461002480647,0,-0.9645049931091321));
#1389=FACE_SURFACE('',(#1394),#1390,.T.);
#1390=PLANE('',#1391);
#1391=AXIS2_PLACEMENT_3D('',#181,#1392,#1393);
#1392=DIRECTION('',(0,1,0));
#1393=DIRECTION('',(-0.27611771772387844,0,-0.9611238244674599));
#1394=FACE_BOUND('',#1395,.T.);
#1395=EDGE_LOOP('',(#1396,#1397,#1398));
#1396=ORIENTED_EDGE('',*,*,#1399,.T.);
#1397=ORIENTED_EDGE('',*,*,#1400,.T.);
#1398=ORIENTED_EDGE('',*,*,#1401,.T.);
#1399=EDGE_CURVE('',#182,#88,#1402,.F.);
#1400=EDGE_CURVE('',#88,#90,#1403,.T.);
#1401=EDGE_CURVE('',#90,#182,#1404,.T.);
#1402=LINE('',#181,#1405);
#1403=LINE('',#87,#1406);
#1404=LINE('',#89,#1407);
#1405=VECTOR('',#1408,1.0);
#1406=VECTOR('',#1409,1.0);
#1407=VECTOR('',#1410,1.0);
#1408=DIRECTION('',(-0.27611771772387844,0,-0.9611238244674599));
#1409=DIRECTION('',(-0.9238827425000258,0,-0.382675682674809));
#1410=DIRECTION('',(0.28622664437113066,0,0.9581619424982618));
#1411=FACE_SURFACE('',(#1416),#1412,.T.);
#1412=PLANE('',#1413);
#1413=AXIS2_PLACEMENT_3D('',#181,#1414,#1415);
#1414=DIRECTION('',(0,1,0));
#1415=DIRECTION('',(-0.28622664437113066,0,-0.9581619424982618));
#1416=FACE_BOUND('',#1417,.T.);
#1417=EDGE_LOOP('',(#1418,#1419,#1420));
#1418=ORIENTED_EDGE('',*,*,#1421,.T.);
#1419=ORIENTED_EDGE('',*,*,#1422,.T.);
#1420=ORIENTED_EDGE('',*,*,#1423,.T.);
#1421=EDGE_CURVE('',#182,#90,#1424,.F.);
#1422=EDGE_CURVE('',#90,#92,#1425,.T.);
#1423=EDGE_CURVE('',#92,#182,#1426,.T.);
#1424=LINE('',#181,#1427);
#1425=LINE('',#89,#1428);
#1426=LINE('',#91,#1429);
#1427=VECTOR('',#1430,1.0);
#1428=VECTOR('',#1431,1.0);
#1429=VECTOR('',#1432,1.0);
#1430=DIRECTION('',(-0.28622664437113066,0,-0.9581619424982618));
#1431=DIRECTION('',(-0.7933582005327457,0,-0.6087550949663122));
#1432=DIRECTION('',(0.2936958485043986,0,0.9558989217335069));
#1433=FACE_SURFACE('',(#1438),#1434,.T.);
#1434=PLANE('',#1435);
#1435=AXIS2_PLACEMENT_3D('',#91,#1436,#1437);
#1436=DIRECTION('',(0,1,-0));
#1437=DIRECTION('',(-0.608762495102159,0,-0.7933525222478303));
#1438=FACE_BOUND('',#1439,.T.);
#1439=EDGE_LOOP('',(#1440,#1441,#1442));
#1440=ORIENTED_EDGE('',*,*,#1443,.T.);
#1441=ORIENTED_EDGE('',*,*,#1444,.T.);
#1442=ORIENTED_EDGE('',*,*,#1445,.T.);
#1443=EDGE_CURVE('',#92,#94,#1446,.F.);
#1444=EDGE_CURVE('',#94,#182,#1447,.T.);
#1445=EDGE_CURVE('',#182,#92,#1448,.T.);
#1446=LINE('',#91,#1449);
#1447=LINE('',#93,#1450);
#1448=LINE('',#181,#1451);
#1449=VECTOR('',#1452,1.0);
#1450=VECTOR('',#1453,1.0);
#1451=VECTOR('',#1454,1.0);
#1452=DIRECTION('',(-0.608762495102159,0,-0.7933525222478303));
#1453=DIRECTION('',(0.29808038631385464,0,0.9545407708919421));
#1454=DIRECTION('',(-0.2936958485043986,0,-0.9558989217335069));
#1455=FACE_SURFACE('',(#1460),#1456,.T.);
#1456=PLANE('',#1457);
#1457=AXIS2_PLACEMENT_3D('',#181,#1458,#1459);
#1458=DIRECTION('',(0,1,0));
#1459=DIRECTION('',(-0.29808038631385464,0,-0.9545407708919421));
#1460=FACE_BOUND('',#1461,.T.);
#1461=EDGE_LOOP('',(#1462,#1463,#1464));
#1462=ORIENTED_EDGE('',*,*,#1465,.T.);
#1463=ORIENTED_EDGE('',*,*,#1466,.T.);
#1464=ORIENTED_EDGE('',*,*,#1467,.T.);
#1465=EDGE_CURVE('',#182,#94,#1468,.F.);
#1466=EDGE_CURVE('',#94,#336,#1469,.T.);
#1467=EDGE_CURVE('',#336,#182,#1470,.T.);
#1468=LINE('',#181,#1471);
#1469=LINE('',#93,#1472);
#1470=LINE('',#335,#1473);
#1471=VECTOR('',#1474,1.0);
#1472=VECTOR('',#1475,1.0);
#1473=VECTOR('',#1476,1.0);
#1474=DIRECTION('',(-0.29808038631385464,0,-0.9545407708919421));
#1475=DIRECTION('',(-0.63268198282493,0,-0.7744117177630482));
#1476=DIRECTION('',(0.3391168305638861,0,0.940744266646523));
#1477=FACE_SURFACE('',(#1482),#1478,.T.);
#1478=PLANE('',#1479);
#1479=AXIS2_PLACEMENT_3D('',#181,#1480,#1481);
#1480=DIRECTION('',(0,1,-0));
#1481=DIRECTION('',(-0.3391168305638861,0,-0.940744266646523));
#1482=FACE_BOUND('',#1483,.T.);
#1483=EDGE_LOOP('',(#1484,#1485,#1486));
#1484=ORIENTED_EDGE('',*,*,#1487,.T.);
#1485=ORIENTED_EDGE('',*,*,#1488,.T.);
#1486=ORIENTED_EDGE('',*,*,#1489,.T.);
#1487=EDGE_CURVE('',#182,#336,#1490,.F.);
#1488=EDGE_CURVE('',#336,#180,#1491,.T.);
#1489=EDGE_CURVE('',#180,#182,#1492,.T.);
#1490=LINE('',#181,#1493);
#1491=LINE('',#335,#1494);
#1492=LINE('',#179,#1495);
#1493=VECTOR('',#1496,1.0);
#1494=VECTOR('',#1497,1.0);
#1495=VECTOR('',#1498,1.0);
#1496=DIRECTION('',(-0.3391168305638861,0,-0.940744266646523));
#1497=DIRECTION('',(0.21175501887539536,0,0.977322777786889));
#1498=DIRECTION('',(0,0,-1));
#1499=FACE_SURFACE('',(#1504),#1500,.T.);
#1500=PLANE('',#1501);
#1501=AXIS2_PLACEMENT_3D('',#179,#1502,#1503);
#1502=DIRECTION('',(0,1,-0));
#1503=DIRECTION('',(-0.21175501887539536,0,-0.977322777786889));
#1504=FACE_BOUND('',#1505,.T.);
#1505=EDGE_LOOP('',(#1506,#1507,#1508));
#1506=ORIENTED_EDGE('',*,*,#1509,.T.);
#1507=ORIENTED_EDGE('',*,*,#1510,.T.);
#1508=ORIENTED_EDGE('',*,*,#1511,.T.);
#1509=EDGE_CURVE('',#180,#336,#1512,.F.);
#1510=EDGE_CURVE('',#336,#190,#1513,.T.);
#1511=EDGE_CURVE('',#190,#180,#1514,.T.);
#1512=LINE('',#179,#1515);
#1513=LINE('',#335,#1516);
#1514=LINE('',#189,#1517);
#1515=VECTOR('',#1518,1.0);
#1516=VECTOR('',#1519,1.0);
#1517=VECTOR('',#1520,1.0);
#1518=DIRECTION('',(-0.21175501887539536,0,-0.977322777786889));
#1519=DIRECTION('',(0.18523488288402273,0,0.9826942750229811));
#1520=DIRECTION('',(0,0,-1));
#1521=FACE_SURFACE('',(#1526),#1522,.T.);
#1522=PLANE('',#1523);
#1523=AXIS2_PLACEMENT_3D('',#179,#1524,#1525);
#1524=DIRECTION('',(0,1,0));
#1525=DIRECTION('',(0,0,1));
#1526=FACE_BOUND('',#1527,.T.);
#1527=EDGE_LOOP('',(#1528,#1529,#1530));
#1528=ORIENTED_EDGE('',*,*,#1531,.T.);
#1529=ORIENTED_EDGE('',*,*,#1532,.T.);
#1530=ORIENTED_EDGE('',*,*,#1533,.T.);
#1531=EDGE_CURVE('',#180,#190,#1534,.F.);
#1532=EDGE_CURVE('',#190,#192,#1535,.T.);
#1533=EDGE_CURVE('',#192,#180,#1536,.T.);
#1534=LINE('',#179,#1537);
#1535=LINE('',#189,#1538);
#1536=LINE('',#191,#1539);
#1537=VECTOR('',#1540,1.0);
#1538=VECTOR('',#1541,1.0);
#1539=VECTOR('',#1542,1.0);
#1540=DIRECTION('',(0,0,1));
#1541=DIRECTION('',(1,0,0));
#1542=DIRECTION('',(-0.9365086005675097,0,-0.35064460791959184));
#1543=FACE_SURFACE('',(#1548),#1544,.T.);
#1544=PLANE('',#1545);
#1545=AXIS2_PLACEMENT_3D('',#93,#1546,#1547);
#1546=DIRECTION('',(0,1,0));
#1547=DIRECTION('',(-0.3826702653502323,0,-0.9238849863574917));
#1548=FACE_BOUND('',#1549,.T.);
#1549=EDGE_LOOP('',(#1550,#1551,#1552));
#1550=ORIENTED_EDGE('',*,*,#1553,.T.);
#1551=ORIENTED_EDGE('',*,*,#1554,.T.);
#1552=ORIENTED_EDGE('',*,*,#1555,.T.);
#1553=EDGE_CURVE('',#94,#96,#1556,.F.);
#1554=EDGE_CURVE('',#96,#336,#1557,.T.);
#1555=EDGE_CURVE('',#336,#94,#1558,.T.);
#1556=LINE('',#93,#1559);
#1557=LINE('',#95,#1560);
#1558=LINE('',#335,#1561);
#1559=VECTOR('',#1562,1.0);
#1560=VECTOR('',#1563,1.0);
#1561=VECTOR('',#1564,1.0);
#1562=DIRECTION('',(-0.3826702653502323,0,-0.9238849863574917));
#1563=DIRECTION('',(-0.6573157587885006,0,-0.7536152819896222));
#1564=DIRECTION('',(0.63268198282493,0,0.7744117177630482));
#1565=FACE_SURFACE('',(#1570),#1566,.T.);
#1566=PLANE('',#1567);
#1567=AXIS2_PLACEMENT_3D('',#335,#1568,#1569);
#1568=DIRECTION('',(0,1,0));
#1569=DIRECTION('',(0.6573157587885006,0,0.7536152819896222));
#1570=FACE_BOUND('',#1571,.T.);
#1571=EDGE_LOOP('',(#1572,#1573,#1574));
#1572=ORIENTED_EDGE('',*,*,#1575,.T.);
#1573=ORIENTED_EDGE('',*,*,#1576,.T.);
#1574=ORIENTED_EDGE('',*,*,#1577,.T.);
#1575=EDGE_CURVE('',#336,#96,#1578,.F.);
#1576=EDGE_CURVE('',#96,#98,#1579,.T.);
#1577=EDGE_CURVE('',#98,#336,#1580,.T.);
#1578=LINE('',#335,#1581);
#1579=LINE('',#95,#1582);
#1580=LINE('',#97,#1583);
#1581=VECTOR('',#1584,1.0);
#1582=VECTOR('',#1585,1.0);
#1583=VECTOR('',#1586,1.0);
#1584=DIRECTION('',(0.6573157587885006,0,0.7536152819896222));
#1585=DIRECTION('',(-0.13051753401295846,0,-0.9914460012099379));
#1586=DIRECTION('',(-0.7071067811865476,0,-0.7071067811865476));
#1587=FACE_SURFACE('',(#1592),#1588,.T.);
#1588=PLANE('',#1589);
#1589=AXIS2_PLACEMENT_3D('',#335,#1590,#1591);
#1590=DIRECTION('',(0,1,0));
#1591=DIRECTION('',(0.7071067811865476,0,0.7071067811865476));
#1592=FACE_BOUND('',#1593,.T.);
#1593=EDGE_LOOP('',(#1594,#1595,#1596));
#1594=ORIENTED_EDGE('',*,*,#1597,.T.);
#1595=ORIENTED_EDGE('',*,*,#1598,.T.);
#1596=ORIENTED_EDGE('',*,*,#1599,.T.);
#1597=EDGE_CURVE('',#336,#98,#1600,.F.);
#1598=EDGE_CURVE('',#98,#100,#1601,.T.);
#1599=EDGE_CURVE('',#100,#336,#1602,.T.);
#1600=LINE('',#335,#1603);
#1601=LINE('',#97,#1604);
#1602=LINE('',#99,#1605);
#1603=VECTOR('',#1606,1.0);
#1604=VECTOR('',#1607,1.0);
#1605=VECTOR('',#1608,1.0);
#1606=DIRECTION('',(0.7071067811865476,0,0.7071067811865476));
#1607=DIRECTION('',(0.13051753401295846,0,-0.9914460012099379));
#1608=DIRECTION('',(-0.7774153015557808,0,-0.6289876381193309));
#1609=FACE_SURFACE('',(#1614),#1610,.T.);
#1610=PLANE('',#1611);
#1611=AXIS2_PLACEMENT_3D('',#99,#1612,#1613);
#1612=DIRECTION('',(0,1,0));
#1613=DIRECTION('',(0.3826702653502323,0,-0.9238849863574917));
#1614=FACE_BOUND('',#1615,.T.);
#1615=EDGE_LOOP('',(#1616,#1617,#1618));
#1616=ORIENTED_EDGE('',*,*,#1619,.T.);
#1617=ORIENTED_EDGE('',*,*,#1620,.T.);
#1618=ORIENTED_EDGE('',*,*,#1621,.T.);
#1619=EDGE_CURVE('',#100,#102,#1622,.F.);
#1620=EDGE_CURVE('',#102,#336,#1623,.T.);
#1621=EDGE_CURVE('',#336,#100,#1624,.T.);
#1622=LINE('',#99,#1625);
#1623=LINE('',#101,#1626);
#1624=LINE('',#335,#1627);
#1625=VECTOR('',#1628,1.0);
#1626=VECTOR('',#1629,1.0);
#1627=VECTOR('',#1630,1.0);
#1628=DIRECTION('',(0.3826702653502323,0,-0.9238849863574917));
#1629=DIRECTION('',(-0.8529416184914759,0,-0.5220063174379612));
#1630=DIRECTION('',(0.7774153015557808,0,0.6289876381193309));
#1631=FACE_SURFACE('',(#1636),#1632,.T.);
#1632=PLANE('',#1633);
#1633=AXIS2_PLACEMENT_3D('',#335,#1634,#1635);
#1634=DIRECTION('',(0,1,0));
#1635=DIRECTION('',(0.8529416184914759,0,0.5220063174379612));
#1636=FACE_BOUND('',#1637,.T.);
#1637=EDGE_LOOP('',(#1638,#1639,#1640));
#1638=ORIENTED_EDGE('',*,*,#1641,.T.);
#1639=ORIENTED_EDGE('',*,*,#1642,.T.);
#1640=ORIENTED_EDGE('',*,*,#1643,.T.);
#1641=EDGE_CURVE('',#336,#102,#1644,.F.);
#1642=EDGE_CURVE('',#102,#104,#1645,.T.);
#1643=EDGE_CURVE('',#104,#336,#1646,.T.);
#1644=LINE('',#335,#1647);
#1645=LINE('',#101,#1648);
#1646=LINE('',#103,#1649);
#1647=VECTOR('',#1650,1.0);
#1648=VECTOR('',#1651,1.0);
#1649=VECTOR('',#1652,1.0);
#1650=DIRECTION('',(0.8529416184914759,0,0.5220063174379612));
#1651=DIRECTION('',(0.608762495102159,0,-0.7933525222478303));
#1652=DIRECTION('',(-0.9145572552174313,0,-0.40445645863202434));
#1653=FACE_SURFACE('',(#1658),#1654,.T.);
#1654=PLANE('',#1655);
#1655=AXIS2_PLACEMENT_3D('',#335,#1656,#1657);
#1656=DIRECTION('',(0,1,0));
#1657=DIRECTION('',(0.9145572552174313,0,0.40445645863202434));
#1658=FACE_BOUND('',#1659,.T.);
#1659=EDGE_LOOP('',(#1660,#1661,#1662));
#1660=ORIENTED_EDGE('',*,*,#1663,.T.);
#1661=ORIENTED_EDGE('',*,*,#1664,.T.);
#1662=ORIENTED_EDGE('',*,*,#1665,.T.);
#1663=EDGE_CURVE('',#336,#104,#1666,.F.);
#1664=EDGE_CURVE('',#104,#106,#1667,.T.);
#1665=EDGE_CURVE('',#106,#336,#1668,.T.);
#1666=LINE('',#335,#1669);
#1667=LINE('',#103,#1670);
#1668=LINE('',#105,#1671);
#1669=VECTOR('',#1672,1.0);
#1670=VECTOR('',#1673,1.0);
#1671=VECTOR('',#1674,1.0);
#1672=DIRECTION('',(0.9145572552174313,0,0.40445645863202434));
#1673=DIRECTION('',(0.7933582005327457,0,-0.6087550949663122));
#1674=DIRECTION('',(-0.9532545753111645,0,-0.3021683548095848));
#1675=FACE_SURFACE('',(#1680),#1676,.T.);
#1676=PLANE('',#1677);
#1677=AXIS2_PLACEMENT_3D('',#167,#1678,#1679);
#1678=DIRECTION('',(0,1,0));
#1679=DIRECTION('',(0.13048790633420812,0,0.9914499010542664));
#1680=FACE_BOUND('',#1681,.T.);
#1681=EDGE_LOOP('',(#1682,#1683,#1684));
#1682=ORIENTED_EDGE('',*,*,#1685,.T.);
#1683=ORIENTED_EDGE('',*,*,#1686,.T.);
#1684=ORIENTED_EDGE('',*,*,#1687,.T.);
#1685=EDGE_CURVE('',#168,#122,#1688,.F.);
#1686=EDGE_CURVE('',#122,#56,#1689,.T.);
#1687=EDGE_CURVE('',#56,#168,#1690,.T.);
#1688=LINE('',#167,#1691);
#1689=LINE('',#121,#1692);
#1690=LINE('',#55,#1693);
#1691=VECTOR('',#1694,1.0);
#1692=VECTOR('',#1695,1.0);
#1693=VECTOR('',#1696,1.0);
#1694=DIRECTION('',(0.13048790633420812,0,0.9914499010542664));
#1695=DIRECTION('',(0.7071067811865476,0,0.7071067811865476));
#1696=DIRECTION('',(-0.6573140242508017,0,-0.7536167948786814));
#1697=FACE_SURFACE('',(#1702),#1698,.T.);
#1698=PLANE('',#1699);
#1699=AXIS2_PLACEMENT_3D('',#55,#1700,#1701);
#1700=DIRECTION('',(0,1,0));
#1701=DIRECTION('',(-0.7071067811865476,0,-0.7071067811865476));
#1702=FACE_BOUND('',#1703,.T.);
#1703=EDGE_LOOP('',(#1704,#1705,#1706));
#1704=ORIENTED_EDGE('',*,*,#1707,.T.);
#1705=ORIENTED_EDGE('',*,*,#1708,.T.);
#1706=ORIENTED_EDGE('',*,*,#1709,.T.);
#1707=EDGE_CURVE('',#56,#122,#1710,.F.);
#1708=EDGE_CURVE('',#122,#124,#1711,.T.);
#1709=EDGE_CURVE('',#124,#56,#1712,.T.);
#1710=LINE('',#55,#1713);
#1711=LINE('',#121,#1714);
#1712=LINE('',#123,#1715);
#1713=VECTOR('',#1716,1.0);
#1714=VECTOR('',#1717,1.0);
#1715=VECTOR('',#1718,1.0);
#1716=DIRECTION('',(-0.7071067811865476,0,-0.7071067811865476));
#1717=DIRECTION('',(-0.13048790633420723,0,0.9914499010542666));
#1718=DIRECTION('',(0.7774134498307244,0,0.6289899268051053));
#1719=FACE_SURFACE('',(#1724),#1720,.T.);
#1720=PLANE('',#1721);
#1721=AXIS2_PLACEMENT_3D('',#55,#1722,#1723);
#1722=DIRECTION('',(0,1,0));
#1723=DIRECTION('',(-0.7774134498307244,0,-0.6289899268051053));
#1724=FACE_BOUND('',#1725,.T.);
#1725=EDGE_LOOP('',(#1726,#1727,#1728));
#1726=ORIENTED_EDGE('',*,*,#1729,.T.);
#1727=ORIENTED_EDGE('',*,*,#1730,.T.);
#1728=ORIENTED_EDGE('',*,*,#1731,.T.);
#1729=EDGE_CURVE('',#56,#124,#1732,.F.);
#1730=EDGE_CURVE('',#124,#126,#1733,.T.);
#1731=EDGE_CURVE('',#126,#56,#1734,.T.);
#1732=LINE('',#55,#1735);
#1733=LINE('',#123,#1736);
#1734=LINE('',#125,#1737);
#1735=VECTOR('',#1738,1.0);
#1736=VECTOR('',#1739,1.0);
#1737=VECTOR('',#1740,1.0);
#1738=DIRECTION('',(-0.7774134498307244,0,-0.6289899268051053));
#1739=DIRECTION('',(-0.38274738033605527,0,0.9238530418015015));
#1740=DIRECTION('',(0.8529438943361553,0,0.5220025987623755));
#1741=FACE_SURFACE('',(#1746),#1742,.T.);
#1742=PLANE('',#1743);
#1743=AXIS2_PLACEMENT_3D('',#125,#1744,#1745);
#1744=DIRECTION('',(0,1,-0));
#1745=DIRECTION('',(-0.6087469064973243,0,0.7933644835949852));
#1746=FACE_BOUND('',#1747,.T.);
#1747=EDGE_LOOP('',(#1748,#1749,#1750));
#1748=ORIENTED_EDGE('',*,*,#1751,.T.);
#1749=ORIENTED_EDGE('',*,*,#1752,.T.);
#1750=ORIENTED_EDGE('',*,*,#1753,.T.);
#1751=EDGE_CURVE('',#126,#128,#1754,.F.);
#1752=EDGE_CURVE('',#128,#56,#1755,.T.);
#1753=EDGE_CURVE('',#56,#126,#1756,.T.);
#1754=LINE('',#125,#1757);
#1755=LINE('',#127,#1758);
#1756=LINE('',#55,#1759);
#1757=VECTOR('',#1760,1.0);
#1758=VECTOR('',#1761,1.0);
#1759=VECTOR('',#1762,1.0);
#1760=DIRECTION('',(-0.6087469064973243,0,0.7933644835949852));
#1761=DIRECTION('',(0.9145575454048447,0,0.4044558024593855));
#1762=DIRECTION('',(-0.8529438943361553,0,-0.5220025987623755));
#1763=FACE_SURFACE('',(#1768),#1764,.T.);
#1764=PLANE('',#1765);
#1765=AXIS2_PLACEMENT_3D('',#55,#1766,#1767);
#1766=DIRECTION('',(0,1,0));
#1767=DIRECTION('',(-0.9145575454048447,0,-0.4044558024593855));
#1768=FACE_BOUND('',#1769,.T.);
#1769=EDGE_LOOP('',(#1770,#1771,#1772));
#1770=ORIENTED_EDGE('',*,*,#1773,.T.);
#1771=ORIENTED_EDGE('',*,*,#1774,.T.);
#1772=ORIENTED_EDGE('',*,*,#1775,.T.);
#1773=EDGE_CURVE('',#56,#128,#1776,.F.);
#1774=EDGE_CURVE('',#128,#130,#1777,.T.);
#1775=EDGE_CURVE('',#130,#56,#1778,.T.);
#1776=LINE('',#55,#1779);
#1777=LINE('',#127,#1780);
#1778=LINE('',#129,#1781);
#1779=VECTOR('',#1782,1.0);
#1780=VECTOR('',#1783,1.0);
#1781=VECTOR('',#1784,1.0);
#1782=DIRECTION('',(-0.9145575454048447,0,-0.4044558024593855));
#1783=DIRECTION('',(-0.7933468437557828,0,0.6087698953650201));
#1784=DIRECTION('',(0.9532543007321932,0,0.302169221026195));
#1785=FACE_SURFACE('',(#1790),#1786,.T.);
#1786=PLANE('',#1787);
#1787=AXIS2_PLACEMENT_3D('',#55,#1788,#1789);
#1788=DIRECTION('',(0,1,0));
#1789=DIRECTION('',(-0.9532543007321932,0,-0.302169221026195));
#1790=FACE_BOUND('',#1791,.T.);
#1791=EDGE_LOOP('',(#1792,#1793,#1794));
#1792=ORIENTED_EDGE('',*,*,#1795,.T.);
#1793=ORIENTED_EDGE('',*,*,#1796,.T.);
#1794=ORIENTED_EDGE('',*,*,#1797,.T.);
#1795=EDGE_CURVE('',#56,#130,#1798,.F.);
#1796=EDGE_CURVE('',#130,#58,#1799,.T.);
#1797=EDGE_CURVE('',#58,#56,#1800,.T.);
#1798=LINE('',#55,#1801);
#1799=LINE('',#129,#1802);
#1800=LINE('',#57,#1803);
#1801=VECTOR('',#1804,1.0);
#1802=VECTOR('',#1805,1.0);
#1803=VECTOR('',#1806,1.0);
#1804=DIRECTION('',(-0.9532543007321932,0,-0.302169221026195));
#1805=DIRECTION('',(0.9105084911825991,0,0.4134903716949005));
#1806=DIRECTION('',(0.13048790633420723,0,-0.9914499010542666));
#1807=FACE_SURFACE('',(#1812),#1808,.T.);
#1808=PLANE('',#1809);
#1809=AXIS2_PLACEMENT_3D('',#57,#1810,#1811);
#1810=DIRECTION('',(0,1,0));
#1811=DIRECTION('',(-0.9105084911825991,0,-0.4134903716949005));
#1812=FACE_BOUND('',#1813,.T.);
#1813=EDGE_LOOP('',(#1814,#1815,#1816));
#1814=ORIENTED_EDGE('',*,*,#1817,.T.);
#1815=ORIENTED_EDGE('',*,*,#1818,.T.);
#1816=ORIENTED_EDGE('',*,*,#1819,.T.);
#1817=EDGE_CURVE('',#58,#130,#1820,.F.);
#1818=EDGE_CURVE('',#130,#60,#1821,.T.);
#1819=EDGE_CURVE('',#60,#58,#1822,.T.);
#1820=LINE('',#57,#1823);
#1821=LINE('',#129,#1824);
#1822=LINE('',#59,#1825);
#1823=VECTOR('',#1826,1.0);
#1824=VECTOR('',#1827,1.0);
#1825=VECTOR('',#1828,1.0);
#1826=DIRECTION('',(-0.9105084911825991,0,-0.4134903716949005));
#1827=DIRECTION('',(0.8545770268864128,0,0.5193246625358547));
#1828=DIRECTION('',(0.38274738033605527,0,-0.9238530418015015));
#1829=FACE_SURFACE('',(#1834),#1830,.T.);
#1830=PLANE('',#1831);
#1831=AXIS2_PLACEMENT_3D('',#59,#1832,#1833);
#1832=DIRECTION('',(0,1,0));
#1833=DIRECTION('',(-0.8545770268864128,0,-0.5193246625358547));
#1834=FACE_BOUND('',#1835,.T.);
#1835=EDGE_LOOP('',(#1836,#1837,#1838));
#1836=ORIENTED_EDGE('',*,*,#1839,.T.);
#1837=ORIENTED_EDGE('',*,*,#1840,.T.);
#1838=ORIENTED_EDGE('',*,*,#1841,.T.);
#1839=EDGE_CURVE('',#60,#130,#1842,.F.);
#1840=EDGE_CURVE('',#130,#68,#1843,.T.);
#1841=EDGE_CURVE('',#68,#60,#1844,.T.);
#1842=LINE('',#59,#1845);
#1843=LINE('',#129,#1846);
#1844=LINE('',#67,#1847);
#1845=VECTOR('',#1848,1.0);
#1846=VECTOR('',#1849,1.0);
#1847=VECTOR('',#1850,1.0);
#1848=DIRECTION('',(-0.8545770268864128,0,-0.5193246625358547));
#1849=DIRECTION('',(0.5220049229295747,0,0.852942471938928));
#1850=DIRECTION('',(0.8660230528096032,0,-0.5000040719857541));
#1851=FACE_SURFACE('',(#1856),#1852,.T.);
#1852=PLANE('',#1853);
#1853=AXIS2_PLACEMENT_3D('',#59,#1854,#1855);
#1854=DIRECTION('',(0,1,0));
#1855=DIRECTION('',(-0.8660230528096032,0,0.5000040719857541));
#1856=FACE_BOUND('',#1857,.T.);
#1857=EDGE_LOOP('',(#1858,#1859,#1860));
#1858=ORIENTED_EDGE('',*,*,#1861,.T.);
#1859=ORIENTED_EDGE('',*,*,#1862,.T.);
#1860=ORIENTED_EDGE('',*,*,#1863,.T.);
#1861=EDGE_CURVE('',#60,#68,#1864,.F.);
#1862=EDGE_CURVE('',#68,#62,#1865,.T.);
#1863=EDGE_CURVE('',#62,#60,#1866,.T.);
#1864=LINE('',#59,#1867);
#1865=LINE('',#67,#1868);
#1866=LINE('',#61,#1869);
#1867=VECTOR('',#1870,1.0);
#1868=VECTOR('',#1871,1.0);
#1869=VECTOR('',#1872,1.0);
#1870=DIRECTION('',(-0.8660230528096032,0,0.5000040719857541));
#1871=DIRECTION('',(0.9238786394879819,0,-0.3826855883069489));
#1872=DIRECTION('',(0.6087469064973243,0,-0.7933644835949852));
#1873=FACE_SURFACE('',(#1878),#1874,.T.);
#1874=PLANE('',#1875);
#1875=AXIS2_PLACEMENT_3D('',#61,#1876,#1877);
#1876=DIRECTION('',(0,1,0));
#1877=DIRECTION('',(-0.9238786394879819,0,0.3826855883069489));
#1878=FACE_BOUND('',#1879,.T.);
#1879=EDGE_LOOP('',(#1880,#1881,#1882));
#1880=ORIENTED_EDGE('',*,*,#1883,.T.);
#1881=ORIENTED_EDGE('',*,*,#1884,.T.);
#1882=ORIENTED_EDGE('',*,*,#1885,.T.);
#1883=EDGE_CURVE('',#62,#68,#1886,.F.);
#1884=EDGE_CURVE('',#68,#64,#1887,.T.);
#1885=EDGE_CURVE('',#64,#62,#1888,.T.);
#1886=LINE('',#61,#1889);
#1887=LINE('',#67,#1890);
#1888=LINE('',#63,#1891);
#1889=VECTOR('',#1892,1.0);
#1890=VECTOR('',#1893,1.0);
#1891=VECTOR('',#1894,1.0);
#1892=DIRECTION('',(-0.9238786394879819,0,0.3826855883069489));
#1893=DIRECTION('',(0.9659261142385615,0,-0.25881797045799115));
#1894=DIRECTION('',(0.7933468437557828,0,-0.6087698953650201));
#1895=FACE_SURFACE('',(#1900),#1896,.T.);
#1896=PLANE('',#1897);
#1897=AXIS2_PLACEMENT_3D('',#63,#1898,#1899);
#1898=DIRECTION('',(0,1,0));
#1899=DIRECTION('',(-0.9659261142385615,0,0.25881797045799115));
#1900=FACE_BOUND('',#1901,.T.);
#1901=EDGE_LOOP('',(#1902,#1903,#1904));
#1902=ORIENTED_EDGE('',*,*,#1905,.T.);
#1903=ORIENTED_EDGE('',*,*,#1906,.T.);
#1904=ORIENTED_EDGE('',*,*,#1907,.T.);
#1905=EDGE_CURVE('',#64,#68,#1908,.F.);
#1906=EDGE_CURVE('',#68,#66,#1909,.T.);
#1907=EDGE_CURVE('',#66,#64,#1910,.T.);
#1908=LINE('',#63,#1911);
#1909=LINE('',#67,#1912);
#1910=LINE('',#65,#1913);
#1911=VECTOR('',#1914,1.0);
#1912=VECTOR('',#1915,1.0);
#1913=VECTOR('',#1916,1.0);
#1914=DIRECTION('',(-0.9659261142385615,0,0.25881797045799115));
#1915=DIRECTION('',(0.9914447487517163,0,-0.13052704766693377));
#1916=DIRECTION('',(0.923881812944605,0,-0.38267792686564767));
#1917=FACE_SURFACE('',(#1922),#1918,.T.);
#1918=PLANE('',#1919);
#1919=AXIS2_PLACEMENT_3D('',#129,#1920,#1921);
#1920=DIRECTION('',(0,1,-0));
#1921=DIRECTION('',(-0.923881812944605,0,0.38267792686564767));
#1922=FACE_BOUND('',#1923,.T.);
#1923=EDGE_LOOP('',(#1924,#1925,#1926));
#1924=ORIENTED_EDGE('',*,*,#1927,.T.);
#1925=ORIENTED_EDGE('',*,*,#1928,.T.);
#1926=ORIENTED_EDGE('',*,*,#1929,.T.);
#1927=EDGE_CURVE('',#130,#132,#1930,.F.);
#1928=EDGE_CURVE('',#132,#68,#1931,.T.);
#1929=EDGE_CURVE('',#68,#130,#1932,.T.);
#1930=LINE('',#129,#1933);
#1931=LINE('',#131,#1934);
#1932=LINE('',#67,#1935);
#1933=VECTOR('',#1936,1.0);
#1934=VECTOR('',#1937,1.0);
#1935=VECTOR('',#1938,1.0);
#1936=DIRECTION('',(-0.923881812944605,0,0.38267792686564767));
#1937=DIRECTION('',(0.6289883676216783,0,0.7774147113327714));
#1938=DIRECTION('',(-0.5220049229295747,0,-0.852942471938928));
#1939=FACE_SURFACE('',(#1944),#1940,.T.);
#1940=PLANE('',#1941);
#1941=AXIS2_PLACEMENT_3D('',#67,#1942,#1943);
#1942=DIRECTION('',(0,1,0));
#1943=DIRECTION('',(-0.6289883676216783,0,-0.7774147113327714));
#1944=FACE_BOUND('',#1945,.T.);
#1945=EDGE_LOOP('',(#1946,#1947,#1948));
#1946=ORIENTED_EDGE('',*,*,#1949,.T.);
#1947=ORIENTED_EDGE('',*,*,#1950,.T.);
#1948=ORIENTED_EDGE('',*,*,#1951,.T.);
#1949=EDGE_CURVE('',#68,#132,#1952,.F.);
#1950=EDGE_CURVE('',#132,#134,#1953,.T.);
#1951=EDGE_CURVE('',#134,#68,#1954,.T.);
#1952=LINE('',#67,#1955);
#1953=LINE('',#131,#1956);
#1954=LINE('',#133,#1957);
#1955=VECTOR('',#1958,1.0);
#1956=VECTOR('',#1959,1.0);
#1957=VECTOR('',#1960,1.0);
#1958=DIRECTION('',(-0.6289883676216783,0,-0.7774147113327714));
#1959=DIRECTION('',(-0.9914447487517163,0,0.13052704766693377));
#1960=DIRECTION('',(0.7071067811865476,0,0.7071067811865476));
#1961=FACE_SURFACE('',(#1966),#1962,.T.);
#1962=PLANE('',#1963);
#1963=AXIS2_PLACEMENT_3D('',#67,#1964,#1965);
#1964=DIRECTION('',(0,1,0));
#1965=DIRECTION('',(-0.7071067811865476,0,-0.7071067811865476));
#1966=FACE_BOUND('',#1967,.T.);
#1967=EDGE_LOOP('',(#1968,#1969,#1970));
#1968=ORIENTED_EDGE('',*,*,#1971,.T.);
#1969=ORIENTED_EDGE('',*,*,#1972,.T.);
#1970=ORIENTED_EDGE('',*,*,#1973,.T.);
#1971=EDGE_CURVE('',#68,#134,#1974,.F.);
#1972=EDGE_CURVE('',#134,#136,#1975,.T.);
#1973=EDGE_CURVE('',#136,#68,#1976,.T.);
#1974=LINE('',#67,#1977);
#1975=LINE('',#133,#1978);
#1976=LINE('',#135,#1979);
#1977=VECTOR('',#1980,1.0);
#1978=VECTOR('',#1981,1.0);
#1979=VECTOR('',#1982,1.0);
#1980=DIRECTION('',(-0.7071067811865476,0,-0.7071067811865476));
#1981=DIRECTION('',(-0.9914447487517183,0,-0.1305270476669197));
#1982=DIRECTION('',(0.7536141169640526,0,0.6573170944928264));
#1983=FACE_SURFACE('',(#1988),#1984,.T.);
#1984=PLANE('',#1985);
#1985=AXIS2_PLACEMENT_3D('',#135,#1986,#1987);
#1986=DIRECTION('',(0,1,-0));
#1987=DIRECTION('',(-0.923881812944589,0,-0.3826779268656862));
#1988=FACE_BOUND('',#1989,.T.);
#1989=EDGE_LOOP('',(#1990,#1991,#1992));
#1990=ORIENTED_EDGE('',*,*,#1993,.T.);
#1991=ORIENTED_EDGE('',*,*,#1994,.T.);
#1992=ORIENTED_EDGE('',*,*,#1995,.T.);
#1993=EDGE_CURVE('',#136,#138,#1996,.F.);
#1994=EDGE_CURVE('',#138,#68,#1997,.T.);
#1995=EDGE_CURVE('',#68,#136,#1998,.T.);
#1996=LINE('',#135,#1999);
#1997=LINE('',#137,#2000);
#1998=LINE('',#67,#2001);
#1999=VECTOR('',#2002,1.0);
#2000=VECTOR('',#2003,1.0);
#2001=VECTOR('',#2004,1.0);
#2002=DIRECTION('',(-0.923881812944589,0,-0.3826779268656862));
#2003=DIRECTION('',(0.7744105794796748,0,0.6326833760973605));
#2004=DIRECTION('',(-0.7536141169640526,0,-0.6573170944928264));
#2005=FACE_SURFACE('',(#2010),#2006,.T.);
#2006=PLANE('',#2007);
#2007=AXIS2_PLACEMENT_3D('',#67,#2008,#2009);
#2008=DIRECTION('',(0,1,0));
#2009=DIRECTION('',(-0.7744105794796748,0,-0.6326833760973605));
#2010=FACE_BOUND('',#2011,.T.);
#2011=EDGE_LOOP('',(#2012,#2013,#2014));
#2012=ORIENTED_EDGE('',*,*,#2015,.T.);
#2013=ORIENTED_EDGE('',*,*,#2016,.T.);
#2014=ORIENTED_EDGE('',*,*,#2017,.T.);
#2015=EDGE_CURVE('',#68,#138,#2018,.F.);
#2016=EDGE_CURVE('',#138,#194,#2019,.T.);
#2017=EDGE_CURVE('',#194,#68,#2020,.T.);
#2018=LINE('',#67,#2021);
#2019=LINE('',#137,#2022);
#2020=LINE('',#193,#2023);
#2021=VECTOR('',#2024,1.0);
#2022=VECTOR('',#2025,1.0);
#2023=VECTOR('',#2026,1.0);
#2024=DIRECTION('',(-0.7744105794796748,0,-0.6326833760973605));
#2025=DIRECTION('',(-0.9902098897119567,0,-0.1395864403036148));
#2026=DIRECTION('',(0.9854482809737316,0,0.16997554390534406));
#2027=FACE_SURFACE('',(#2032),#2028,.T.);
#2028=PLANE('',#2029);
#2029=AXIS2_PLACEMENT_3D('',#67,#2030,#2031);
#2030=DIRECTION('',(0,1,0));
#2031=DIRECTION('',(-0.9854482809737316,0,-0.16997554390534406));
#2032=FACE_BOUND('',#2033,.T.);
#2033=EDGE_LOOP('',(#2034,#2035,#2036));
#2034=ORIENTED_EDGE('',*,*,#2037,.T.);
#2035=ORIENTED_EDGE('',*,*,#2038,.T.);
#2036=ORIENTED_EDGE('',*,*,#2039,.T.);
#2037=EDGE_CURVE('',#68,#194,#2040,.F.);
#2038=EDGE_CURVE('',#194,#70,#2041,.T.);
#2039=EDGE_CURVE('',#70,#68,#2042,.T.);
#2040=LINE('',#67,#2043);
#2041=LINE('',#193,#2044);
#2042=LINE('',#69,#2045);
#2043=VECTOR('',#2046,1.0);
#2044=VECTOR('',#2047,1.0);
#2045=VECTOR('',#2048,1.0);
#2046=DIRECTION('',(-0.9854482809737316,0,-0.16997554390534406));
#2047=DIRECTION('',(-0.9915041526006304,0,0.13007503748108543));
#2048=DIRECTION('',(1,0,0));
#2049=FACE_SURFACE('',(#2054),#2050,.T.);
#2050=PLANE('',#2051);
#2051=AXIS2_PLACEMENT_3D('',#69,#2052,#2053);
#2052=DIRECTION('',(0,1,0));
#2053=DIRECTION('',(0.9915041526006304,0,-0.13007503748108543));
#2054=FACE_BOUND('',#2055,.T.);
#2055=EDGE_LOOP('',(#2056,#2057,#2058));
#2056=ORIENTED_EDGE('',*,*,#2059,.T.);
#2057=ORIENTED_EDGE('',*,*,#2060,.T.);
#2058=ORIENTED_EDGE('',*,*,#2061,.T.);
#2059=EDGE_CURVE('',#70,#194,#2062,.F.);
#2060=EDGE_CURVE('',#194,#196,#2063,.T.);
#2061=EDGE_CURVE('',#196,#70,#2064,.T.);
#2062=LINE('',#69,#2065);
#2063=LINE('',#193,#2066);
#2064=LINE('',#195,#2067);
#2065=VECTOR('',#2068,1.0);
#2066=VECTOR('',#2069,1.0);
#2067=VECTOR('',#2070,1.0);
#2068=DIRECTION('',(0.9915041526006304,0,-0.13007503748108543));
#2069=DIRECTION('',(-1,0,0));
#2070=DIRECTION('',(-0.9671377822456261,0,0.254252846892639));
#2071=FACE_SURFACE('',(#2076),#2072,.T.);
#2072=PLANE('',#2073);
#2073=AXIS2_PLACEMENT_3D('',#69,#2074,#2075);
#2074=DIRECTION('',(0,1,0));
#2075=DIRECTION('',(0.9671377822456261,0,-0.254252846892639));
#2076=FACE_BOUND('',#2077,.T.);
#2077=EDGE_LOOP('',(#2078,#2079,#2080));
#2078=ORIENTED_EDGE('',*,*,#2081,.T.);
#2079=ORIENTED_EDGE('',*,*,#2082,.T.);
#2080=ORIENTED_EDGE('',*,*,#2083,.T.);
#2081=EDGE_CURVE('',#70,#196,#2084,.F.);
#2082=EDGE_CURVE('',#196,#170,#2085,.T.);
#2083=EDGE_CURVE('',#170,#70,#2086,.T.);
#2084=LINE('',#69,#2087);
#2085=LINE('',#195,#2088);
#2086=LINE('',#169,#2089);
#2087=VECTOR('',#2090,1.0);
#2088=VECTOR('',#2091,1.0);
#2089=VECTOR('',#2092,1.0);
#2090=DIRECTION('',(0.9671377822456261,0,-0.254252846892639));
#2091=DIRECTION('',(-0.9852231275716224,0,-0.1712757685663407));
#2092=DIRECTION('',(-0.938790073827219,0,0.3444897636846191));
#2093=FACE_SURFACE('',(#2098),#2094,.T.);
#2094=PLANE('',#2095);
#2095=AXIS2_PLACEMENT_3D('',#169,#2096,#2097);
#2096=DIRECTION('',(-0,1,0));
#2097=DIRECTION('',(0.9852231275716224,0,0.1712757685663407));
#2098=FACE_BOUND('',#2099,.T.);
#2099=EDGE_LOOP('',(#2100,#2101,#2102));
#2100=ORIENTED_EDGE('',*,*,#2103,.T.);
#2101=ORIENTED_EDGE('',*,*,#2104,.T.);
#2102=ORIENTED_EDGE('',*,*,#2105,.T.);
#2103=EDGE_CURVE('',#170,#196,#2106,.F.);
#2104=EDGE_CURVE('',#196,#176,#2107,.T.);
#2105=EDGE_CURVE('',#176,#170,#2108,.T.);
#2106=LINE('',#169,#2109);
#2107=LINE('',#195,#2110);
#2108=LINE('',#175,#2111);
#2109=VECTOR('',#2112,1.0);
#2110=VECTOR('',#2113,1.0);
#2111=VECTOR('',#2114,1.0);
#2112=DIRECTION('',(0.9852231275716224,0,0.1712757685663407));
#2113=DIRECTION('',(-0.35329718206532174,0,-0.9355111443188173));
#2114=DIRECTION('',(0,0,1));
#2115=FACE_SURFACE('',(#2120),#2116,.T.);
#2116=PLANE('',#2117);
#2117=AXIS2_PLACEMENT_3D('',#175,#2118,#2119);
#2118=DIRECTION('',(-0,1,0));
#2119=DIRECTION('',(0.35329718206532174,0,0.9355111443188173));
#2120=FACE_BOUND('',#2121,.T.);
#2121=EDGE_LOOP('',(#2122,#2123,#2124));
#2122=ORIENTED_EDGE('',*,*,#2125,.T.);
#2123=ORIENTED_EDGE('',*,*,#2126,.T.);
#2124=ORIENTED_EDGE('',*,*,#2127,.T.);
#2125=EDGE_CURVE('',#176,#196,#2128,.F.);
#2126=EDGE_CURVE('',#196,#198,#2129,.T.);
#2127=EDGE_CURVE('',#198,#176,#2130,.T.);
#2128=LINE('',#175,#2131);
#2129=LINE('',#195,#2132);
#2130=LINE('',#197,#2133);
#2131=VECTOR('',#2134,1.0);
#2132=VECTOR('',#2135,1.0);
#2133=VECTOR('',#2136,1.0);
#2134=DIRECTION('',(0.35329718206532174,0,0.9355111443188173));
#2135=DIRECTION('',(0,0,-1));
#2136=DIRECTION('',(-0.35427632896826394,0,0.9351407823064773));
#2137=FACE_SURFACE('',(#2142),#2138,.T.);
#2138=PLANE('',#2139);
#2139=AXIS2_PLACEMENT_3D('',#175,#2140,#2141);
#2140=DIRECTION('',(0,1,0));
#2141=DIRECTION('',(0.35427632896826394,0,-0.9351407823064773));
#2142=FACE_BOUND('',#2143,.T.);
#2143=EDGE_LOOP('',(#2144,#2145,#2146));
#2144=ORIENTED_EDGE('',*,*,#2147,.T.);
#2145=ORIENTED_EDGE('',*,*,#2148,.T.);
#2146=ORIENTED_EDGE('',*,*,#2149,.T.);
#2147=EDGE_CURVE('',#176,#198,#2150,.F.);
#2148=EDGE_CURVE('',#198,#186,#2151,.T.);
#2149=EDGE_CURVE('',#186,#176,#2152,.T.);
#2150=LINE('',#175,#2153);
#2151=LINE('',#197,#2154);
#2152=LINE('',#185,#2155);
#2153=VECTOR('',#2156,1.0);
#2154=VECTOR('',#2157,1.0);
#2155=VECTOR('',#2158,1.0);
#2156=DIRECTION('',(0.35427632896826394,0,-0.9351407823064773));
#2157=DIRECTION('',(-0.565838696190112,0,0.8245159609697524));
#2158=DIRECTION('',(0.5922072077924726,0,0.8057857178174872));
#2159=FACE_SURFACE('',(#2164),#2160,.T.);
#2160=PLANE('',#2161);
#2161=AXIS2_PLACEMENT_3D('',#185,#2162,#2163);
#2162=DIRECTION('',(0,1,0));
#2163=DIRECTION('',(0.565838696190112,0,-0.8245159609697524));
#2164=FACE_BOUND('',#2165,.T.);
#2165=EDGE_LOOP('',(#2166,#2167,#2168));
#2166=ORIENTED_EDGE('',*,*,#2169,.T.);
#2167=ORIENTED_EDGE('',*,*,#2170,.T.);
#2168=ORIENTED_EDGE('',*,*,#2171,.T.);
#2169=EDGE_CURVE('',#186,#198,#2172,.F.);
#2170=EDGE_CURVE('',#198,#192,#2173,.T.);
#2171=EDGE_CURVE('',#192,#186,#2174,.T.);
#2172=LINE('',#185,#2175);
#2173=LINE('',#197,#2176);
#2174=LINE('',#191,#2177);
#2175=VECTOR('',#2178,1.0);
#2176=VECTOR('',#2179,1.0);
#2177=VECTOR('',#2180,1.0);
#2178=DIRECTION('',(0.565838696190112,0,-0.8245159609697524));
#2179=DIRECTION('',(-0.9430121704331851,0,-0.33275824019082295));
#2180=DIRECTION('',(0,0,1));
#2181=FACE_SURFACE('',(#2186),#2182,.T.);
#2182=PLANE('',#2183);
#2183=AXIS2_PLACEMENT_3D('',#191,#2184,#2185);
#2184=DIRECTION('',(-0,1,0));
#2185=DIRECTION('',(0.9430121704331851,0,0.33275824019082295));
#2186=FACE_BOUND('',#2187,.T.);
#2187=EDGE_LOOP('',(#2188,#2189,#2190));
#2188=ORIENTED_EDGE('',*,*,#2191,.T.);
#2189=ORIENTED_EDGE('',*,*,#2192,.T.);
#2190=ORIENTED_EDGE('',*,*,#2193,.T.);
#2191=EDGE_CURVE('',#192,#198,#2194,.F.);
#2192=EDGE_CURVE('',#198,#178,#2195,.T.);
#2193=EDGE_CURVE('',#178,#192,#2196,.T.);
#2194=LINE('',#191,#2197);
#2195=LINE('',#197,#2198);
#2196=LINE('',#177,#2199);
#2197=VECTOR('',#2200,1.0);
#2198=VECTOR('',#2201,1.0);
#2199=VECTOR('',#2202,1.0);
#2200=DIRECTION('',(0.9430121704331851,0,0.33275824019082295));
#2201=DIRECTION('',(-0.6965177104329091,0,-0.7175396010348823));
#2202=DIRECTION('',(0,0,1));
#2203=FACE_SURFACE('',(#2208),#2204,.T.);
#2204=PLANE('',#2205);
#2205=AXIS2_PLACEMENT_3D('',#191,#2206,#2207);
#2206=DIRECTION('',(0,1,0));
#2207=DIRECTION('',(0,0,-1));
#2208=FACE_BOUND('',#2209,.T.);
#2209=EDGE_LOOP('',(#2210,#2211,#2212));
#2210=ORIENTED_EDGE('',*,*,#2213,.T.);
#2211=ORIENTED_EDGE('',*,*,#2214,.T.);
#2212=ORIENTED_EDGE('',*,*,#2215,.T.);
#2213=EDGE_CURVE('',#192,#178,#2216,.F.);
#2214=EDGE_CURVE('',#178,#180,#2217,.T.);
#2215=EDGE_CURVE('',#180,#192,#2218,.T.);
#2216=LINE('',#191,#2219);
#2217=LINE('',#177,#2220);
#2218=LINE('',#179,#2221);
#2219=VECTOR('',#2222,1.0);
#2220=VECTOR('',#2223,1.0);
#2221=VECTOR('',#2224,1.0);
#2222=DIRECTION('',(0,0,-1));
#2223=DIRECTION('',(-1,0,0));
#2224=DIRECTION('',(0.9365086005675097,0,0.35064460791959184));
#2225=FACE_SURFACE('',(#2230),#2226,.T.);
#2226=PLANE('',#2227);
#2227=AXIS2_PLACEMENT_3D('',#137,#2228,#2229);
#2228=DIRECTION('',(0,1,0));
#2229=DIRECTION('',(-0.7933468437558232,0,-0.6087698953649676));
#2230=FACE_BOUND('',#2231,.T.);
#2231=EDGE_LOOP('',(#2232,#2233,#2234));
#2232=ORIENTED_EDGE('',*,*,#2235,.T.);
#2233=ORIENTED_EDGE('',*,*,#2236,.T.);
#2234=ORIENTED_EDGE('',*,*,#2237,.T.);
#2235=EDGE_CURVE('',#138,#140,#2238,.F.);
#2236=EDGE_CURVE('',#140,#194,#2239,.T.);
#2237=EDGE_CURVE('',#194,#138,#2240,.T.);
#2238=LINE('',#137,#2241);
#2239=LINE('',#139,#2242);
#2240=LINE('',#193,#2243);
#2241=VECTOR('',#2244,1.0);
#2242=VECTOR('',#2245,1.0);
#2243=VECTOR('',#2246,1.0);
#2244=DIRECTION('',(-0.7933468437558232,0,-0.6087698953649676));
#2245=DIRECTION('',(-0.9906415979662632,0,-0.13648891668867644));
#2246=DIRECTION('',(0.9902098897119567,0,0.1395864403036148));
#2247=FACE_SURFACE('',(#2252),#2248,.T.);
#2248=PLANE('',#2249);
#2249=AXIS2_PLACEMENT_3D('',#193,#2250,#2251);
#2250=DIRECTION('',(0,1,0));
#2251=DIRECTION('',(0.9906415979662632,0,0.13648891668867644));
#2252=FACE_BOUND('',#2253,.T.);
#2253=EDGE_LOOP('',(#2254,#2255,#2256));
#2254=ORIENTED_EDGE('',*,*,#2257,.T.);
#2255=ORIENTED_EDGE('',*,*,#2258,.T.);
#2256=ORIENTED_EDGE('',*,*,#2259,.T.);
#2257=EDGE_CURVE('',#194,#140,#2260,.F.);
#2258=EDGE_CURVE('',#140,#142,#2261,.T.);
#2259=EDGE_CURVE('',#142,#194,#2262,.T.);
#2260=LINE('',#193,#2263);
#2261=LINE('',#139,#2264);
#2262=LINE('',#141,#2265);
#2263=VECTOR('',#2266,1.0);
#2264=VECTOR('',#2267,1.0);
#2265=VECTOR('',#2268,1.0);
#2266=DIRECTION('',(0.9906415979662632,0,0.13648891668867644));
#2267=DIRECTION('',(-0.6087854828585789,0,-0.7933348825437131));
#2268=DIRECTION('',(-0.9912440874182046,0,-0.1320422627738978));
#2269=FACE_SURFACE('',(#2274),#2270,.T.);
#2270=PLANE('',#2271);
#2271=AXIS2_PLACEMENT_3D('',#193,#2272,#2273);
#2272=DIRECTION('',(0,1,0));
#2273=DIRECTION('',(0.9912440874182046,0,0.1320422627738978));
#2274=FACE_BOUND('',#2275,.T.);
#2275=EDGE_LOOP('',(#2276,#2277,#2278));
#2276=ORIENTED_EDGE('',*,*,#2279,.T.);
#2277=ORIENTED_EDGE('',*,*,#2280,.T.);
#2278=ORIENTED_EDGE('',*,*,#2281,.T.);
#2279=EDGE_CURVE('',#194,#142,#2282,.F.);
#2280=EDGE_CURVE('',#142,#144,#2283,.T.);
#2281=EDGE_CURVE('',#144,#194,#2284,.T.);
#2282=LINE('',#193,#2285);
#2283=LINE('',#141,#2286);
#2284=LINE('',#143,#2287);
#2285=VECTOR('',#2288,1.0);
#2286=VECTOR('',#2289,1.0);
#2287=VECTOR('',#2290,1.0);
#2288=DIRECTION('',(0.9912440874182046,0,0.1320422627738978));
#2289=DIRECTION('',(-0.3826427527687611,0,-0.9238963815025714));
#2290=DIRECTION('',(-0.9919606428764574,0,-0.12654676204520457));
#2291=FACE_SURFACE('',(#2296),#2292,.T.);
#2292=PLANE('',#2293);
#2293=AXIS2_PLACEMENT_3D('',#143,#2294,#2295);
#2294=DIRECTION('',(0,1,0));
#2295=DIRECTION('',(-0.13054815271159592,0,-0.9914419699728219));
#2296=FACE_BOUND('',#2297,.T.);
#2297=EDGE_LOOP('',(#2298,#2299,#2300));
#2298=ORIENTED_EDGE('',*,*,#2301,.T.);
#2299=ORIENTED_EDGE('',*,*,#2302,.T.);
#2300=ORIENTED_EDGE('',*,*,#2303,.T.);
#2301=EDGE_CURVE('',#144,#146,#2304,.F.);
#2302=EDGE_CURVE('',#146,#194,#2305,.T.);
#2303=EDGE_CURVE('',#194,#144,#2306,.T.);
#2304=LINE('',#143,#2307);
#2305=LINE('',#145,#2308);
#2306=LINE('',#193,#2309);
#2307=VECTOR('',#2310,1.0);
#2308=VECTOR('',#2311,1.0);
#2309=VECTOR('',#2312,1.0);
#2310=DIRECTION('',(-0.13054815271159592,0,-0.9914419699728219));
#2311=DIRECTION('',(-0.9927265660597517,0,-0.12039088436926432));
#2312=DIRECTION('',(0.9919606428764574,0,0.12654676204520457));
#2313=FACE_SURFACE('',(#2318),#2314,.T.);
#2314=PLANE('',#2315);
#2315=AXIS2_PLACEMENT_3D('',#193,#2316,#2317);
#2316=DIRECTION('',(0,1,0));
#2317=DIRECTION('',(0.9927265660597517,0,0.12039088436926432));
#2318=FACE_BOUND('',#2319,.T.);
#2319=EDGE_LOOP('',(#2320,#2321,#2322));
#2320=ORIENTED_EDGE('',*,*,#2323,.T.);
#2321=ORIENTED_EDGE('',*,*,#2324,.T.);
#2322=ORIENTED_EDGE('',*,*,#2325,.T.);
#2323=EDGE_CURVE('',#194,#146,#2326,.F.);
#2324=EDGE_CURVE('',#146,#148,#2327,.T.);
#2325=EDGE_CURVE('',#148,#194,#2328,.T.);
#2326=LINE('',#193,#2329);
#2327=LINE('',#145,#2330);
#2328=LINE('',#147,#2331);
#2329=VECTOR('',#2332,1.0);
#2330=VECTOR('',#2333,1.0);
#2331=VECTOR('',#2334,1.0);
#2332=DIRECTION('',(0.9927265660597517,0,0.12039088436926432));
#2333=DIRECTION('',(0.13054815271159678,0,-0.9914419699728216));
#2334=DIRECTION('',(-0.9934783835854671,0,-0.11402061808465722));
#2335=FACE_SURFACE('',(#2340),#2336,.T.);
#2336=PLANE('',#2337);
#2337=AXIS2_PLACEMENT_3D('',#193,#2338,#2339);
#2338=DIRECTION('',(0,1,0));
#2339=DIRECTION('',(0.9934783835854671,0,0.11402061808465722));
#2340=FACE_BOUND('',#2341,.T.);
#2341=EDGE_LOOP('',(#2342,#2343,#2344));
#2342=ORIENTED_EDGE('',*,*,#2345,.T.);
#2343=ORIENTED_EDGE('',*,*,#2346,.T.);
#2344=ORIENTED_EDGE('',*,*,#2347,.T.);
#2345=EDGE_CURVE('',#194,#148,#2348,.F.);
#2346=EDGE_CURVE('',#148,#150,#2349,.T.);
#2347=EDGE_CURVE('',#150,#194,#2350,.T.);
#2348=LINE('',#193,#2351);
#2349=LINE('',#147,#2352);
#2350=LINE('',#149,#2353);
#2351=VECTOR('',#2354,1.0);
#2352=VECTOR('',#2355,1.0);
#2353=VECTOR('',#2356,1.0);
#2354=DIRECTION('',(0.9934783835854671,0,0.11402061808465722));
#2355=DIRECTION('',(0.38264275276875864,0,-0.9238963815025723));
#2356=DIRECTION('',(-0.9941615469162698,0,-0.10790189355636635));
#2357=FACE_SURFACE('',(#2362),#2358,.T.);
#2358=PLANE('',#2359);
#2359=AXIS2_PLACEMENT_3D('',#151,#2360,#2361);
#2360=DIRECTION('',(0,1,0));
#2361=DIRECTION('',(-0.34171435243365117,0,-0.939803863229371));
#2362=FACE_BOUND('',#2363,.T.);
#2363=EDGE_LOOP('',(#2364,#2365,#2366));
#2364=ORIENTED_EDGE('',*,*,#2367,.T.);
#2365=ORIENTED_EDGE('',*,*,#2368,.T.);
#2366=ORIENTED_EDGE('',*,*,#2369,.T.);
#2367=EDGE_CURVE('',#152,#276,#2370,.F.);
#2368=EDGE_CURVE('',#276,#150,#2371,.T.);
#2369=EDGE_CURVE('',#150,#152,#2372,.T.);
#2370=LINE('',#151,#2373);
#2371=LINE('',#275,#2374);
#2372=LINE('',#149,#2375);
#2373=VECTOR('',#2376,1.0);
#2374=VECTOR('',#2377,1.0);
#2375=VECTOR('',#2378,1.0);
#2376=DIRECTION('',(-0.34171435243365117,0,-0.939803863229371));
#2377=DIRECTION('',(0.332374300508851,0,0.9431475623470869));
#2378=DIRECTION('',(0.6087836328072592,0,-0.793336302223714));
#2379=FACE_SURFACE('',(#2384),#2380,.T.);
#2380=PLANE('',#2381);
#2381=AXIS2_PLACEMENT_3D('',#149,#2382,#2383);
#2382=DIRECTION('',(0,1,0));
#2383=DIRECTION('',(-0.332374300508851,0,-0.9431475623470869));
#2384=FACE_BOUND('',#2385,.T.);
#2385=EDGE_LOOP('',(#2386,#2387,#2388));
#2386=ORIENTED_EDGE('',*,*,#2389,.T.);
#2387=ORIENTED_EDGE('',*,*,#2390,.T.);
#2388=ORIENTED_EDGE('',*,*,#2391,.T.);
#2389=EDGE_CURVE('',#150,#276,#2392,.F.);
#2390=EDGE_CURVE('',#276,#278,#2393,.T.);
#2391=EDGE_CURVE('',#278,#150,#2394,.T.);
#2392=LINE('',#149,#2395);
#2393=LINE('',#275,#2396);
#2394=LINE('',#277,#2397);
#2395=VECTOR('',#2398,1.0);
#2396=VECTOR('',#2399,1.0);
#2397=VECTOR('',#2400,1.0);
#2398=DIRECTION('',(-0.332374300508851,0,-0.9431475623470869));
#2399=DIRECTION('',(-0.9182143894479197,0,-0.3960837474711429));
#2400=DIRECTION('',(0.35328726488145973,0,0.9355148894980653));
#2401=FACE_SURFACE('',(#2406),#2402,.T.);
#2402=PLANE('',#2403);
#2403=AXIS2_PLACEMENT_3D('',#149,#2404,#2405);
#2404=DIRECTION('',(0,1,0));
#2405=DIRECTION('',(-0.35328726488145973,0,-0.9355148894980653));
#2406=FACE_BOUND('',#2407,.T.);
#2407=EDGE_LOOP('',(#2408,#2409,#2410));
#2408=ORIENTED_EDGE('',*,*,#2411,.T.);
#2409=ORIENTED_EDGE('',*,*,#2412,.T.);
#2410=ORIENTED_EDGE('',*,*,#2413,.T.);
#2411=EDGE_CURVE('',#150,#278,#2414,.F.);
#2412=EDGE_CURVE('',#278,#194,#2415,.T.);
#2413=EDGE_CURVE('',#194,#150,#2416,.T.);
#2414=LINE('',#149,#2417);
#2415=LINE('',#277,#2418);
#2416=LINE('',#193,#2419);
#2417=VECTOR('',#2420,1.0);
#2418=VECTOR('',#2421,1.0);
#2419=VECTOR('',#2422,1.0);
#2420=DIRECTION('',(-0.35328726488145973,0,-0.9355148894980653));
#2421=DIRECTION('',(-0.8884545304600189,0,0.45896464711899915));
#2422=DIRECTION('',(0.9941615469162698,0,0.10790189355636635));
#2423=FACE_SURFACE('',(#2428),#2424,.T.);
#2424=PLANE('',#2425);
#2425=AXIS2_PLACEMENT_3D('',#193,#2426,#2427);
#2426=DIRECTION('',(0,1,0));
#2427=DIRECTION('',(0.8884545304600189,0,-0.45896464711899915));
#2428=FACE_BOUND('',#2429,.T.);
#2429=EDGE_LOOP('',(#2430,#2431,#2432));
#2430=ORIENTED_EDGE('',*,*,#2433,.T.);
#2431=ORIENTED_EDGE('',*,*,#2434,.T.);
#2432=ORIENTED_EDGE('',*,*,#2435,.T.);
#2433=EDGE_CURVE('',#194,#278,#2436,.F.);
#2434=EDGE_CURVE('',#278,#280,#2437,.T.);
#2435=EDGE_CURVE('',#280,#194,#2438,.T.);
#2436=LINE('',#193,#2439);
#2437=LINE('',#277,#2440);
#2438=LINE('',#279,#2441);
#2439=VECTOR('',#2442,1.0);
#2440=VECTOR('',#2443,1.0);
#2441=VECTOR('',#2444,1.0);
#2442=DIRECTION('',(0.8884545304600189,0,-0.45896464711899915));
#2443=DIRECTION('',(-0.8021226132339432,0,-0.5971593701339282));
#2444=DIRECTION('',(-0.880522784715948,0,0.47400382445300193));
#2445=FACE_SURFACE('',(#2450),#2446,.T.);
#2446=PLANE('',#2447);
#2447=AXIS2_PLACEMENT_3D('',#193,#2448,#2449);
#2448=DIRECTION('',(0,1,0));
#2449=DIRECTION('',(0.880522784715948,0,-0.47400382445300193));
#2450=FACE_BOUND('',#2451,.T.);
#2451=EDGE_LOOP('',(#2452,#2453,#2454));
#2452=ORIENTED_EDGE('',*,*,#2455,.T.);
#2453=ORIENTED_EDGE('',*,*,#2456,.T.);
#2454=ORIENTED_EDGE('',*,*,#2457,.T.);
#2455=EDGE_CURVE('',#194,#280,#2458,.F.);
#2456=EDGE_CURVE('',#280,#282,#2459,.T.);
#2457=EDGE_CURVE('',#282,#194,#2460,.T.);
#2458=LINE('',#193,#2461);
#2459=LINE('',#279,#2462);
#2460=LINE('',#281,#2463);
#2461=VECTOR('',#2464,1.0);
#2462=VECTOR('',#2465,1.0);
#2463=VECTOR('',#2466,1.0);
#2464=DIRECTION('',(0.880522784715948,0,-0.47400382445300193));
#2465=DIRECTION('',(-0.6427877891523899,0,-0.7660442925292132));
#2466=DIRECTION('',(-0.8715572767404198,0,0.4902937011229324));
#2467=FACE_SURFACE('',(#2472),#2468,.T.);
#2468=PLANE('',#2469);
#2469=AXIS2_PLACEMENT_3D('',#151,#2470,#2471);
#2470=DIRECTION('',(0,1,0));
#2471=DIRECTION('',(0.7933486938380481,0,-0.6087674843365594));
#2472=FACE_BOUND('',#2473,.T.);
#2473=EDGE_LOOP('',(#2474,#2475,#2476));
#2474=ORIENTED_EDGE('',*,*,#2477,.T.);
#2475=ORIENTED_EDGE('',*,*,#2478,.T.);
#2476=ORIENTED_EDGE('',*,*,#2479,.T.);
#2477=EDGE_CURVE('',#152,#154,#2480,.F.);
#2478=EDGE_CURVE('',#154,#276,#2481,.T.);
#2479=EDGE_CURVE('',#276,#152,#2482,.T.);
#2480=LINE('',#151,#2483);
#2481=LINE('',#153,#2484);
#2482=LINE('',#275,#2485);
#2483=VECTOR('',#2486,1.0);
#2484=VECTOR('',#2487,1.0);
#2485=VECTOR('',#2488,1.0);
#2486=DIRECTION('',(0.7933486938380481,0,-0.6087674843365594));
#2487=DIRECTION('',(-0.3523407143559348,0,-0.9358717973136863));
#2488=DIRECTION('',(0.34171435243365117,0,0.939803863229371));
#2489=FACE_SURFACE('',(#2494),#2490,.T.);
#2490=PLANE('',#2491);
#2491=AXIS2_PLACEMENT_3D('',#275,#2492,#2493);
#2492=DIRECTION('',(0,1,0));
#2493=DIRECTION('',(0.3523407143559348,0,0.9358717973136863));
#2494=FACE_BOUND('',#2495,.T.);
#2495=EDGE_LOOP('',(#2496,#2497,#2498));
#2496=ORIENTED_EDGE('',*,*,#2499,.T.);
#2497=ORIENTED_EDGE('',*,*,#2500,.T.);
#2498=ORIENTED_EDGE('',*,*,#2501,.T.);
#2499=EDGE_CURVE('',#276,#154,#2502,.F.);
#2500=EDGE_CURVE('',#154,#274,#2503,.T.);
#2501=EDGE_CURVE('',#274,#276,#2504,.T.);
#2502=LINE('',#275,#2505);
#2503=LINE('',#153,#2506);
#2504=LINE('',#273,#2507);
#2505=VECTOR('',#2508,1.0);
#2506=VECTOR('',#2509,1.0);
#2507=VECTOR('',#2510,1.0);
#2508=DIRECTION('',(0.3523407143559348,0,0.9358717973136863));
#2509=DIRECTION('',(-0.32663247119649463,0,-0.9451514316553041));
#2510=DIRECTION('',(-0.9848080366994015,0,-0.17364656878922236));
#2511=FACE_SURFACE('',(#2516),#2512,.T.);
#2512=PLANE('',#2513);
#2513=AXIS2_PLACEMENT_3D('',#273,#2514,#2515);
#2514=DIRECTION('',(0,1,0));
#2515=DIRECTION('',(0.32663247119649463,0,0.9451514316553041));
#2516=FACE_BOUND('',#2517,.T.);
#2517=EDGE_LOOP('',(#2518,#2519,#2520));
#2518=ORIENTED_EDGE('',*,*,#2521,.T.);
#2519=ORIENTED_EDGE('',*,*,#2522,.T.);
#2520=ORIENTED_EDGE('',*,*,#2523,.T.);
#2521=EDGE_CURVE('',#274,#154,#2524,.F.);
#2522=EDGE_CURVE('',#154,#156,#2525,.T.);
#2523=EDGE_CURVE('',#156,#274,#2526,.T.);
#2524=LINE('',#273,#2527);
#2525=LINE('',#153,#2528);
#2526=LINE('',#155,#2529);
#2527=VECTOR('',#2530,1.0);
#2528=VECTOR('',#2531,1.0);
#2529=VECTOR('',#2532,1.0);
#2530=DIRECTION('',(0.32663247119649463,0,0.9451514316553041));
#2531=DIRECTION('',(0.9238818129445878,0,-0.3826779268656891));
#2532=DIRECTION('',(-0.3380031382829213,0,-0.9411449827263046));
#2533=FACE_SURFACE('',(#2538),#2534,.T.);
#2534=PLANE('',#2535);
#2535=AXIS2_PLACEMENT_3D('',#273,#2536,#2537);
#2536=DIRECTION('',(-0,1,0));
#2537=DIRECTION('',(0.3380031382829213,0,0.9411449827263046));
#2538=FACE_BOUND('',#2539,.T.);
#2539=EDGE_LOOP('',(#2540,#2541,#2542));
#2540=ORIENTED_EDGE('',*,*,#2543,.T.);
#2541=ORIENTED_EDGE('',*,*,#2544,.T.);
#2542=ORIENTED_EDGE('',*,*,#2545,.T.);
#2543=EDGE_CURVE('',#274,#156,#2546,.F.);
#2544=EDGE_CURVE('',#156,#272,#2547,.T.);
#2545=EDGE_CURVE('',#272,#274,#2548,.T.);
#2546=LINE('',#273,#2549);
#2547=LINE('',#155,#2550);
#2548=LINE('',#271,#2551);
#2549=VECTOR('',#2552,1.0);
#2550=VECTOR('',#2553,1.0);
#2551=VECTOR('',#2554,1.0);
#2552=DIRECTION('',(0.3380031382829213,0,0.9411449827263046));
#2553=DIRECTION('',(-0.3089065955269889,0,-0.9510923799715385));
#2554=DIRECTION('',(-0.998308144368227,0,0.05814506761598228));
#2555=FACE_SURFACE('',(#2560),#2556,.T.);
#2556=PLANE('',#2557);
#2557=AXIS2_PLACEMENT_3D('',#271,#2558,#2559);
#2558=DIRECTION('',(0,1,0));
#2559=DIRECTION('',(0.3089065955269889,0,0.9510923799715385));
#2560=FACE_BOUND('',#2561,.T.);
#2561=EDGE_LOOP('',(#2562,#2563,#2564));
#2562=ORIENTED_EDGE('',*,*,#2565,.T.);
#2563=ORIENTED_EDGE('',*,*,#2566,.T.);
#2564=ORIENTED_EDGE('',*,*,#2567,.T.);
#2565=EDGE_CURVE('',#272,#156,#2568,.F.);
#2566=EDGE_CURVE('',#156,#158,#2569,.T.);
#2567=EDGE_CURVE('',#158,#272,#2570,.T.);
#2568=LINE('',#271,#2571);
#2569=LINE('',#155,#2572);
#2570=LINE('',#157,#2573);
#2571=VECTOR('',#2574,1.0);
#2572=VECTOR('',#2575,1.0);
#2573=VECTOR('',#2576,1.0);
#2574=DIRECTION('',(0.3089065955269889,0,0.9510923799715385));
#2575=DIRECTION('',(0.9914447487517178,0,-0.13052704766692302));
#2576=DIRECTION('',(-0.32024983969106285,0,-0.9473331199624812));
#2577=FACE_SURFACE('',(#2582),#2578,.T.);
#2578=PLANE('',#2579);
#2579=AXIS2_PLACEMENT_3D('',#271,#2580,#2581);
#2580=DIRECTION('',(-0,1,0));
#2581=DIRECTION('',(0.32024983969106285,0,0.9473331199624812));
#2582=FACE_BOUND('',#2583,.T.);
#2583=EDGE_LOOP('',(#2584,#2585,#2586));
#2584=ORIENTED_EDGE('',*,*,#2587,.T.);
#2585=ORIENTED_EDGE('',*,*,#2588,.T.);
#2586=ORIENTED_EDGE('',*,*,#2589,.T.);
#2587=EDGE_CURVE('',#272,#158,#2590,.F.);
#2588=EDGE_CURVE('',#158,#270,#2591,.T.);
#2589=EDGE_CURVE('',#270,#272,#2592,.T.);
#2590=LINE('',#271,#2593);
#2591=LINE('',#157,#2594);
#2592=LINE('',#269,#2595);
#2593=VECTOR('',#2596,1.0);
#2594=VECTOR('',#2597,1.0);
#2595=VECTOR('',#2598,1.0);
#2596=DIRECTION('',(0.32024983969106285,0,0.9473331199624812));
#2597=DIRECTION('',(-0.2897897446293013,0,-0.9570903321566279));
#2598=DIRECTION('',(-0.9579891159155457,0,0.2868045567757789));
#2599=FACE_SURFACE('',(#2604),#2600,.T.);
#2600=PLANE('',#2601);
#2601=AXIS2_PLACEMENT_3D('',#269,#2602,#2603);
#2602=DIRECTION('',(0,1,0));
#2603=DIRECTION('',(0.2897897446293013,0,0.9570903321566279));
#2604=FACE_BOUND('',#2605,.T.);
#2605=EDGE_LOOP('',(#2606,#2607,#2608));
#2606=ORIENTED_EDGE('',*,*,#2609,.T.);
#2607=ORIENTED_EDGE('',*,*,#2610,.T.);
#2608=ORIENTED_EDGE('',*,*,#2611,.T.);
#2609=EDGE_CURVE('',#270,#158,#2612,.F.);
#2610=EDGE_CURVE('',#158,#160,#2613,.T.);
#2611=EDGE_CURVE('',#160,#270,#2614,.T.);
#2612=LINE('',#269,#2615);
#2613=LINE('',#157,#2616);
#2614=LINE('',#159,#2617);
#2615=VECTOR('',#2618,1.0);
#2616=VECTOR('',#2619,1.0);
#2617=VECTOR('',#2620,1.0);
#2618=DIRECTION('',(0.2897897446293013,0,0.9570903321566279));
#2619=DIRECTION('',(0.9914447487517158,0,0.1305270476669371));
#2620=DIRECTION('',(-0.3003222741450184,0,-0.9538377910590271));
#2621=FACE_SURFACE('',(#2626),#2622,.T.);
#2622=PLANE('',#2623);
#2623=AXIS2_PLACEMENT_3D('',#269,#2624,#2625);
#2624=DIRECTION('',(-0,1,0));
#2625=DIRECTION('',(0.3003222741450184,0,0.9538377910590271));
#2626=FACE_BOUND('',#2627,.T.);
#2627=EDGE_LOOP('',(#2628,#2629,#2630));
#2628=ORIENTED_EDGE('',*,*,#2631,.T.);
#2629=ORIENTED_EDGE('',*,*,#2632,.T.);
#2630=ORIENTED_EDGE('',*,*,#2633,.T.);
#2631=EDGE_CURVE('',#270,#160,#2634,.F.);
#2632=EDGE_CURVE('',#160,#268,#2635,.T.);
#2633=EDGE_CURVE('',#268,#270,#2636,.T.);
#2634=LINE('',#269,#2637);
#2635=LINE('',#159,#2638);
#2636=LINE('',#267,#2639);
#2637=VECTOR('',#2640,1.0);
#2638=VECTOR('',#2641,1.0);
#2639=VECTOR('',#2642,1.0);
#2640=DIRECTION('',(0.3003222741450184,0,0.9538377910590271));
#2641=DIRECTION('',(-0.27074976184834687,0,-0.9626497631325026));
#2642=DIRECTION('',(-0.8660271945130104,0,0.4999968983543042));
#2643=FACE_SURFACE('',(#2648),#2644,.T.);
#2644=PLANE('',#2645);
#2645=AXIS2_PLACEMENT_3D('',#267,#2646,#2647);
#2646=DIRECTION('',(-0,1,0));
#2647=DIRECTION('',(0.27074976184834687,0,0.9626497631325026));
#2648=FACE_BOUND('',#2649,.T.);
#2649=EDGE_LOOP('',(#2650,#2651,#2652));
#2650=ORIENTED_EDGE('',*,*,#2653,.T.);
#2651=ORIENTED_EDGE('',*,*,#2654,.T.);
#2652=ORIENTED_EDGE('',*,*,#2655,.T.);
#2653=EDGE_CURVE('',#268,#160,#2656,.F.);
#2654=EDGE_CURVE('',#160,#266,#2657,.T.);
#2655=EDGE_CURVE('',#266,#268,#2658,.T.);
#2656=LINE('',#267,#2659);
#2657=LINE('',#159,#2660);
#2658=LINE('',#265,#2661);
#2659=VECTOR('',#2662,1.0);
#2660=VECTOR('',#2663,1.0);
#2661=VECTOR('',#2664,1.0);
#2662=DIRECTION('',(0.27074976184834687,0,0.9626497631325026));
#2663=DIRECTION('',(-0.24408918125959395,0,-0.9697527889065445));
#2664=DIRECTION('',(-0.727377104804851,0,0.6862379670389221));
#2665=FACE_SURFACE('',(#2670),#2666,.T.);
#2666=PLANE('',#2667);
#2667=AXIS2_PLACEMENT_3D('',#265,#2668,#2669);
#2668=DIRECTION('',(0,1,0));
#2669=DIRECTION('',(0.24408918125959395,0,0.9697527889065445));
#2670=FACE_BOUND('',#2671,.T.);
#2671=EDGE_LOOP('',(#2672,#2673,#2674));
#2672=ORIENTED_EDGE('',*,*,#2675,.T.);
#2673=ORIENTED_EDGE('',*,*,#2676,.T.);
#2674=ORIENTED_EDGE('',*,*,#2677,.T.);
#2675=EDGE_CURVE('',#266,#160,#2678,.F.);
#2676=EDGE_CURVE('',#160,#162,#2679,.T.);
#2677=EDGE_CURVE('',#162,#266,#2680,.T.);
#2678=LINE('',#265,#2681);
#2679=LINE('',#159,#2682);
#2680=LINE('',#161,#2683);
#2681=VECTOR('',#2684,1.0);
#2682=VECTOR('',#2685,1.0);
#2683=VECTOR('',#2686,1.0);
#2684=DIRECTION('',(0.24408918125959395,0,0.9697527889065445));
#2685=DIRECTION('',(0.9238818129446038,0,0.3826779268656506));
#2686=DIRECTION('',(-0.25322217665513136,0,-0.9674081502913016));
#2687=FACE_SURFACE('',(#2692),#2688,.T.);
#2688=PLANE('',#2689);
#2689=AXIS2_PLACEMENT_3D('',#265,#2690,#2691);
#2690=DIRECTION('',(-0,1,0));
#2691=DIRECTION('',(0.25322217665513136,0,0.9674081502913016));
#2692=FACE_BOUND('',#2693,.T.);
#2693=EDGE_LOOP('',(#2694,#2695,#2696));
#2694=ORIENTED_EDGE('',*,*,#2697,.T.);
#2695=ORIENTED_EDGE('',*,*,#2698,.T.);
#2696=ORIENTED_EDGE('',*,*,#2699,.T.);
#2697=EDGE_CURVE('',#266,#162,#2700,.F.);
#2698=EDGE_CURVE('',#162,#264,#2701,.T.);
#2699=EDGE_CURVE('',#264,#266,#2702,.T.);
#2700=LINE('',#265,#2703);
#2701=LINE('',#161,#2704);
#2702=LINE('',#263,#2705);
#2703=VECTOR('',#2706,1.0);
#2704=VECTOR('',#2707,1.0);
#2705=VECTOR('',#2708,1.0);
#2706=DIRECTION('',(0.25322217665513136,0,0.9674081502913016));
#2707=DIRECTION('',(-0.2313862017828226,0,-0.9728619766567707));
#2708=DIRECTION('',(-0.549507387911692,0,0.8354888572748708));
#2709=FACE_SURFACE('',(#2714),#2710,.T.);
#2710=PLANE('',#2711);
#2711=AXIS2_PLACEMENT_3D('',#263,#2712,#2713);
#2712=DIRECTION('',(0,1,0));
#2713=DIRECTION('',(0.2313862017828226,0,0.9728619766567707));
#2714=FACE_BOUND('',#2715,.T.);
#2715=EDGE_LOOP('',(#2716,#2717,#2718));
#2716=ORIENTED_EDGE('',*,*,#2719,.T.);
#2717=ORIENTED_EDGE('',*,*,#2720,.T.);
#2718=ORIENTED_EDGE('',*,*,#2721,.T.);
#2719=EDGE_CURVE('',#264,#162,#2722,.F.);
#2720=EDGE_CURVE('',#162,#164,#2723,.T.);
#2721=EDGE_CURVE('',#164,#264,#2724,.T.);
#2722=LINE('',#263,#2725);
#2723=LINE('',#161,#2726);
#2724=LINE('',#163,#2727);
#2725=VECTOR('',#2728,1.0);
#2726=VECTOR('',#2729,1.0);
#2727=VECTOR('',#2730,1.0);
#2728=DIRECTION('',(0.2313862017828226,0,0.9728619766567707));
#2729=DIRECTION('',(0.7933486938380077,0,0.6087674843366119));
#2730=DIRECTION('',(-0.2383814830520289,0,-0.9711715958253285));
#2731=FACE_SURFACE('',(#2736),#2732,.T.);
#2732=PLANE('',#2733);
#2733=AXIS2_PLACEMENT_3D('',#263,#2734,#2735);
#2734=DIRECTION('',(-0,1,0));
#2735=DIRECTION('',(0.2383814830520289,0,0.9711715958253285));
#2736=FACE_BOUND('',#2737,.T.);
#2737=EDGE_LOOP('',(#2738,#2739,#2740));
#2738=ORIENTED_EDGE('',*,*,#2741,.T.);
#2739=ORIENTED_EDGE('',*,*,#2742,.T.);
#2740=ORIENTED_EDGE('',*,*,#2743,.T.);
#2741=EDGE_CURVE('',#264,#164,#2744,.F.);
#2742=EDGE_CURVE('',#164,#262,#2745,.T.);
#2743=EDGE_CURVE('',#262,#264,#2746,.T.);
#2744=LINE('',#263,#2747);
#2745=LINE('',#163,#2748);
#2746=LINE('',#261,#2749);
#2747=VECTOR('',#2750,1.0);
#2748=VECTOR('',#2751,1.0);
#2749=VECTOR('',#2752,1.0);
#2750=DIRECTION('',(0.2383814830520289,0,0.9711715958253285));
#2751=DIRECTION('',(-0.22253510682839697,0,-0.9749246772078722));
#2752=DIRECTION('',(-0.3420076679311668,0,0.9396971613643859));
#2753=FACE_SURFACE('',(#2758),#2754,.T.);
#2754=PLANE('',#2755);
#2755=AXIS2_PLACEMENT_3D('',#261,#2756,#2757);
#2756=DIRECTION('',(0,1,0));
#2757=DIRECTION('',(0.22253510682839697,0,0.9749246772078722));
#2758=FACE_BOUND('',#2759,.T.);
#2759=EDGE_LOOP('',(#2760,#2761,#2762));
#2760=ORIENTED_EDGE('',*,*,#2763,.T.);
#2761=ORIENTED_EDGE('',*,*,#2764,.T.);
#2762=ORIENTED_EDGE('',*,*,#2765,.T.);
#2763=EDGE_CURVE('',#262,#164,#2766,.F.);
#2764=EDGE_CURVE('',#164,#166,#2767,.T.);
#2765=EDGE_CURVE('',#166,#262,#2768,.T.);
#2766=LINE('',#261,#2769);
#2767=LINE('',#163,#2770);
#2768=LINE('',#165,#2771);
#2769=VECTOR('',#2772,1.0);
#2770=VECTOR('',#2773,1.0);
#2771=VECTOR('',#2774,1.0);
#2772=DIRECTION('',(0.22253510682839697,0,0.9749246772078722));
#2773=DIRECTION('',(0.6087450564251833,0,0.793365903148037));
#2774=DIRECTION('',(-0.22701012331770776,0,-0.9738923985283379));
#2775=FACE_SURFACE('',(#2780),#2776,.T.);
#2776=PLANE('',#2777);
#2777=AXIS2_PLACEMENT_3D('',#261,#2778,#2779);
#2778=DIRECTION('',(0,1,0));
#2779=DIRECTION('',(0.22701012331770776,0,0.9738923985283379));
#2780=FACE_BOUND('',#2781,.T.);
#2781=EDGE_LOOP('',(#2782,#2783,#2784));
#2782=ORIENTED_EDGE('',*,*,#2785,.T.);
#2783=ORIENTED_EDGE('',*,*,#2786,.T.);
#2784=ORIENTED_EDGE('',*,*,#2787,.T.);
#2785=EDGE_CURVE('',#262,#166,#2788,.F.);
#2786=EDGE_CURVE('',#166,#56,#2789,.T.);
#2787=EDGE_CURVE('',#56,#262,#2790,.T.);
#2788=LINE('',#261,#2791);
#2789=LINE('',#165,#2792);
#2790=LINE('',#55,#2793);
#2791=VECTOR('',#2794,1.0);
#2792=VECTOR('',#2795,1.0);
#2793=VECTOR('',#2796,1.0);
#2794=DIRECTION('',(0.22701012331770776,0,0.9738923985283379));
#2795=DIRECTION('',(0.6326856982044363,0,0.7744086823425762));
#2796=DIRECTION('',(-0.26932422629786434,0,-0.9630495631737014));
#2797=FACE_SURFACE('',(#2802),#2798,.T.);
#2798=PLANE('',#2799);
#2799=AXIS2_PLACEMENT_3D('',#55,#2800,#2801);
#2800=DIRECTION('',(0,1,0));
#2801=DIRECTION('',(-0.6326856982044363,0,-0.7744086823425762));
#2802=FACE_BOUND('',#2803,.T.);
#2803=EDGE_LOOP('',(#2804,#2805,#2806));
#2804=ORIENTED_EDGE('',*,*,#2807,.T.);
#2805=ORIENTED_EDGE('',*,*,#2808,.T.);
#2806=ORIENTED_EDGE('',*,*,#2809,.T.);
#2807=EDGE_CURVE('',#56,#166,#2810,.F.);
#2808=EDGE_CURVE('',#166,#168,#2811,.T.);
#2809=EDGE_CURVE('',#168,#56,#2812,.T.);
#2810=LINE('',#55,#2813);
#2811=LINE('',#165,#2814);
#2812=LINE('',#167,#2815);
#2813=VECTOR('',#2816,1.0);
#2814=VECTOR('',#2817,1.0);
#2815=VECTOR('',#2818,1.0);
#2816=DIRECTION('',(-0.6326856982044363,0,-0.7744086823425762));
#2817=DIRECTION('',(0.38274738033605293,0,0.9238530418015026));
#2818=DIRECTION('',(0.6573140242508017,0,0.7536167948786814));
#2819=FACE_SURFACE('',(#2824),#2820,.T.);
#2820=PLANE('',#2821);
#2821=AXIS2_PLACEMENT_3D('',#169,#2822,#2823);
#2822=DIRECTION('',(0,1,0));
#2823=DIRECTION('',(-1,0,0));
#2824=FACE_BOUND('',#2825,.T.);
#2825=EDGE_LOOP('',(#2826,#2827,#2828));
#2826=ORIENTED_EDGE('',*,*,#2829,.T.);
#2827=ORIENTED_EDGE('',*,*,#2830,.T.);
#2828=ORIENTED_EDGE('',*,*,#2831,.T.);
#2829=EDGE_CURVE('',#170,#172,#2832,.F.);
#2830=EDGE_CURVE('',#172,#70,#2833,.T.);
#2831=EDGE_CURVE('',#70,#170,#2834,.T.);
#2832=LINE('',#169,#2835);
#2833=LINE('',#171,#2836);
#2834=LINE('',#69,#2837);
#2835=VECTOR('',#2838,1.0);
#2836=VECTOR('',#2839,1.0);
#2837=VECTOR('',#2840,1.0);
#2838=DIRECTION('',(-1,0,0));
#2839=DIRECTION('',(-0.502813016347119,0,0.864395205095396));
#2840=DIRECTION('',(0.938790073827219,0,-0.3444897636846191));
#2841=FACE_SURFACE('',(#2846),#2842,.T.);
#2842=PLANE('',#2843);
#2843=AXIS2_PLACEMENT_3D('',#69,#2844,#2845);
#2844=DIRECTION('',(0,1,0));
#2845=DIRECTION('',(0.502813016347119,0,-0.864395205095396));
#2846=FACE_BOUND('',#2847,.T.);
#2847=EDGE_LOOP('',(#2848,#2849,#2850));
#2848=ORIENTED_EDGE('',*,*,#2851,.T.);
#2849=ORIENTED_EDGE('',*,*,#2852,.T.);
#2850=ORIENTED_EDGE('',*,*,#2853,.T.);
#2851=EDGE_CURVE('',#70,#172,#2854,.F.);
#2852=EDGE_CURVE('',#172,#338,#2855,.T.);
#2853=EDGE_CURVE('',#338,#70,#2856,.T.);
#2854=LINE('',#69,#2857);
#2855=LINE('',#171,#2858);
#2856=LINE('',#337,#2859);
#2857=VECTOR('',#2860,1.0);
#2858=VECTOR('',#2861,1.0);
#2859=VECTOR('',#2862,1.0);
#2860=DIRECTION('',(0.502813016347119,0,-0.864395205095396));
#2861=DIRECTION('',(-0.6233452842425484,0,0.7819467095733422));
#2862=DIRECTION('',(0.7071067811865475,0,0.7071067811865475));
#2863=FACE_SURFACE('',(#2868),#2864,.T.);
#2864=PLANE('',#2865);
#2865=AXIS2_PLACEMENT_3D('',#69,#2866,#2867);
#2866=DIRECTION('',(0,1,0));
#2867=DIRECTION('',(-0.7071067811865475,0,-0.7071067811865475));
#2868=FACE_BOUND('',#2869,.T.);
#2869=EDGE_LOOP('',(#2870,#2871,#2872));
#2870=ORIENTED_EDGE('',*,*,#2873,.T.);
#2871=ORIENTED_EDGE('',*,*,#2874,.T.);
#2872=ORIENTED_EDGE('',*,*,#2875,.T.);
#2873=EDGE_CURVE('',#70,#338,#2876,.F.);
#2874=EDGE_CURVE('',#338,#340,#2877,.T.);
#2875=EDGE_CURVE('',#340,#70,#2878,.T.);
#2876=LINE('',#69,#2879);
#2877=LINE('',#337,#2880);
#2878=LINE('',#339,#2881);
#2879=VECTOR('',#2882,1.0);
#2880=VECTOR('',#2883,1.0);
#2881=VECTOR('',#2884,1.0);
#2882=DIRECTION('',(-0.7071067811865475,0,-0.7071067811865475));
#2883=DIRECTION('',(0.13051802970368315,0,0.9914459359552937));
#2884=DIRECTION('',(0.7933539840344317,0,0.608760590065335));
#2885=FACE_SURFACE('',(#2890),#2886,.T.);
#2886=PLANE('',#2887);
#2887=AXIS2_PLACEMENT_3D('',#171,#2888,#2889);
#2888=DIRECTION('',(0,1,0));
#2889=DIRECTION('',(0,0,-1));
#2890=FACE_BOUND('',#2891,.T.);
#2891=EDGE_LOOP('',(#2892,#2893,#2894));
#2892=ORIENTED_EDGE('',*,*,#2895,.T.);
#2893=ORIENTED_EDGE('',*,*,#2896,.T.);
#2894=ORIENTED_EDGE('',*,*,#2897,.T.);
#2895=EDGE_CURVE('',#172,#174,#2898,.F.);
#2896=EDGE_CURVE('',#174,#338,#2899,.T.);
#2897=EDGE_CURVE('',#338,#172,#2900,.T.);
#2898=LINE('',#171,#2901);
#2899=LINE('',#173,#2902);
#2900=LINE('',#337,#2903);
#2901=VECTOR('',#2904,1.0);
#2902=VECTOR('',#2905,1.0);
#2903=VECTOR('',#2906,1.0);
#2904=DIRECTION('',(0,0,-1));
#2905=DIRECTION('',(-0.27155180104227117,0,0.9624238252197931));
#2906=DIRECTION('',(0.6233452842425484,0,-0.7819467095733422));
#2907=FACE_SURFACE('',(#2912),#2908,.T.);
#2908=PLANE('',#2909);
#2909=AXIS2_PLACEMENT_3D('',#337,#2910,#2911);
#2910=DIRECTION('',(0,1,0));
#2911=DIRECTION('',(0.27155180104227117,0,-0.9624238252197931));
#2912=FACE_BOUND('',#2913,.T.);
#2913=EDGE_LOOP('',(#2914,#2915,#2916));
#2914=ORIENTED_EDGE('',*,*,#2917,.T.);
#2915=ORIENTED_EDGE('',*,*,#2918,.T.);
#2916=ORIENTED_EDGE('',*,*,#2919,.T.);
#2917=EDGE_CURVE('',#338,#174,#2920,.F.);
#2918=EDGE_CURVE('',#174,#336,#2921,.T.);
#2919=EDGE_CURVE('',#336,#338,#2922,.T.);
#2920=LINE('',#337,#2923);
#2921=LINE('',#173,#2924);
#2922=LINE('',#335,#2925);
#2923=VECTOR('',#2926,1.0);
#2924=VECTOR('',#2927,1.0);
#2925=VECTOR('',#2928,1.0);
#2926=DIRECTION('',(0.27155180104227117,0,-0.9624238252197931));
#2927=DIRECTION('',(-0.1020228346812193,0,-0.9947820571379484));
#2928=DIRECTION('',(0,0,1));
#2929=FACE_SURFACE('',(#2934),#2930,.T.);
#2930=PLANE('',#2931);
#2931=AXIS2_PLACEMENT_3D('',#335,#2932,#2933);
#2932=DIRECTION('',(0,1,0));
#2933=DIRECTION('',(0.1020228346812193,0,0.9947820571379484));
#2934=FACE_BOUND('',#2935,.T.);
#2935=EDGE_LOOP('',(#2936,#2937,#2938));
#2936=ORIENTED_EDGE('',*,*,#2939,.T.);
#2937=ORIENTED_EDGE('',*,*,#2940,.T.);
#2938=ORIENTED_EDGE('',*,*,#2941,.T.);
#2939=EDGE_CURVE('',#336,#174,#2942,.F.);
#2940=EDGE_CURVE('',#174,#190,#2943,.T.);
#2941=EDGE_CURVE('',#190,#336,#2944,.T.);
#2942=LINE('',#335,#2945);
#2943=LINE('',#173,#2946);
#2944=LINE('',#189,#2947);
#2945=VECTOR('',#2948,1.0);
#2946=VECTOR('',#2949,1.0);
#2947=VECTOR('',#2950,1.0);
#2948=DIRECTION('',(0.1020228346812193,0,0.9947820571379484));
#2949=DIRECTION('',(0.09931491921710472,0,-0.9950560521000311));
#2950=DIRECTION('',(-0.18523488288402273,0,-0.9826942750229811));
#2951=FACE_SURFACE('',(#2956),#2952,.T.);
#2952=PLANE('',#2953);
#2953=AXIS2_PLACEMENT_3D('',#175,#2954,#2955);
#2954=DIRECTION('',(0,1,0));
#2955=DIRECTION('',(-0.5922072077924726,0,-0.8057857178174872));
#2956=FACE_BOUND('',#2957,.T.);
#2957=EDGE_LOOP('',(#2958,#2959,#2960));
#2958=ORIENTED_EDGE('',*,*,#2961,.T.);
#2959=ORIENTED_EDGE('',*,*,#2962,.T.);
#2960=ORIENTED_EDGE('',*,*,#2963,.T.);
#2961=EDGE_CURVE('',#176,#186,#2964,.F.);
#2962=EDGE_CURVE('',#186,#174,#2965,.T.);
#2963=EDGE_CURVE('',#174,#176,#2966,.T.);
#2964=LINE('',#175,#2967);
#2965=LINE('',#185,#2968);
#2966=LINE('',#173,#2969);
#2967=VECTOR('',#2970,1.0);
#2968=VECTOR('',#2971,1.0);
#2969=VECTOR('',#2972,1.0);
#2970=DIRECTION('',(-0.5922072077924726,0,-0.8057857178174872));
#2971=DIRECTION('',(-0.980928913953398,0,0.19436683299937546));
#2972=DIRECTION('',(1,0,0));
#2973=FACE_SURFACE('',(#2978),#2974,.T.);
#2974=PLANE('',#2975);
#2975=AXIS2_PLACEMENT_3D('',#173,#2976,#2977);
#2976=DIRECTION('',(0,1,0));
#2977=DIRECTION('',(0.980928913953398,0,-0.19436683299937546));
#2978=FACE_BOUND('',#2979,.T.);
#2979=EDGE_LOOP('',(#2980,#2981,#2982));
#2980=ORIENTED_EDGE('',*,*,#2983,.T.);
#2981=ORIENTED_EDGE('',*,*,#2984,.T.);
#2982=ORIENTED_EDGE('',*,*,#2985,.T.);
#2983=EDGE_CURVE('',#174,#186,#2986,.F.);
#2984=EDGE_CURVE('',#186,#188,#2987,.T.);
#2985=EDGE_CURVE('',#188,#174,#2988,.T.);
#2986=LINE('',#173,#2989);
#2987=LINE('',#185,#2990);
#2988=LINE('',#187,#2991);
#2989=VECTOR('',#2992,1.0);
#2990=VECTOR('',#2993,1.0);
#2991=VECTOR('',#2994,1.0);
#2992=DIRECTION('',(0.980928913953398,0,-0.19436683299937546));
#2993=DIRECTION('',(-1,0,0));
#2994=DIRECTION('',(-0.48123574686832665,0,0.8765912137000256));
#2995=FACE_SURFACE('',(#3000),#2996,.T.);
#2996=PLANE('',#2997);
#2997=AXIS2_PLACEMENT_3D('',#173,#2998,#2999);
#2998=DIRECTION('',(0,1,0));
#2999=DIRECTION('',(0.48123574686832665,0,-0.8765912137000256));
#3000=FACE_BOUND('',#3001,.T.);
#3001=EDGE_LOOP('',(#3002,#3003,#3004));
#3002=ORIENTED_EDGE('',*,*,#3005,.T.);
#3003=ORIENTED_EDGE('',*,*,#3006,.T.);
#3004=ORIENTED_EDGE('',*,*,#3007,.T.);
#3005=EDGE_CURVE('',#174,#188,#3008,.F.);
#3006=EDGE_CURVE('',#188,#190,#3009,.T.);
#3007=EDGE_CURVE('',#190,#174,#3010,.T.);
#3008=LINE('',#173,#3011);
#3009=LINE('',#187,#3012);
#3010=LINE('',#189,#3013);
#3011=VECTOR('',#3014,1.0);
#3012=VECTOR('',#3015,1.0);
#3013=VECTOR('',#3016,1.0);
#3014=DIRECTION('',(0.48123574686832665,0,-0.8765912137000256));
#3015=DIRECTION('',(0,0,-1));
#3016=DIRECTION('',(-0.09931491921710472,0,0.9950560521000311));
#3017=FACE_SURFACE('',(#3022),#3018,.T.);
#3018=PLANE('',#3019);
#3019=AXIS2_PLACEMENT_3D('',#181,#3020,#3021);
#3020=DIRECTION('',(-0,1,0));
#3021=DIRECTION('',(1,0,0));
#3022=FACE_BOUND('',#3023,.T.);
#3023=EDGE_LOOP('',(#3024,#3025,#3026));
#3024=ORIENTED_EDGE('',*,*,#3027,.T.);
#3025=ORIENTED_EDGE('',*,*,#3028,.T.);
#3026=ORIENTED_EDGE('',*,*,#3029,.T.);
#3027=EDGE_CURVE('',#182,#184,#3030,.F.);
#3028=EDGE_CURVE('',#184,#318,#3031,.T.);
#3029=EDGE_CURVE('',#318,#182,#3032,.T.);
#3030=LINE('',#181,#3033);
#3031=LINE('',#183,#3034);
#3032=LINE('',#317,#3035);
#3033=VECTOR('',#3036,1.0);
#3034=VECTOR('',#3037,1.0);
#3035=VECTOR('',#3038,1.0);
#3036=DIRECTION('',(1,0,0));
#3037=DIRECTION('',(0.10176025441798452,0,-0.994808951819789));
#3038=DIRECTION('',(-0.6783227420452678,0,0.7347640829709828));
#3039=FACE_SURFACE('',(#3044),#3040,.T.);
#3040=PLANE('',#3041);
#3041=AXIS2_PLACEMENT_3D('',#317,#3042,#3043);
#3042=DIRECTION('',(0,1,-0));
#3043=DIRECTION('',(-0.10176025441798452,0,0.994808951819789));
#3044=FACE_BOUND('',#3045,.T.);
#3045=EDGE_LOOP('',(#3046,#3047,#3048));
#3046=ORIENTED_EDGE('',*,*,#3049,.T.);
#3047=ORIENTED_EDGE('',*,*,#3050,.T.);
#3048=ORIENTED_EDGE('',*,*,#3051,.T.);
#3049=EDGE_CURVE('',#318,#184,#3052,.F.);
#3050=EDGE_CURVE('',#184,#316,#3053,.T.);
#3051=EDGE_CURVE('',#316,#318,#3054,.T.);
#3052=LINE('',#317,#3055);
#3053=LINE('',#183,#3056);
#3054=LINE('',#315,#3057);
#3055=VECTOR('',#3058,1.0);
#3056=VECTOR('',#3059,1.0);
#3057=VECTOR('',#3060,1.0);
#3058=DIRECTION('',(-0.10176025441798452,0,0.994808951819789));
#3059=DIRECTION('',(0.16031837751948266,0,0.9870653564123912));
#3060=DIRECTION('',(0,0,-1));
#3061=FACE_SURFACE('',(#3066),#3062,.T.);
#3062=PLANE('',#3063);
#3063=AXIS2_PLACEMENT_3D('',#315,#3064,#3065);
#3064=DIRECTION('',(0,1,0));
#3065=DIRECTION('',(-0.16031837751948266,0,-0.9870653564123912));
#3066=FACE_BOUND('',#3067,.T.);
#3067=EDGE_LOOP('',(#3068,#3069,#3070));
#3068=ORIENTED_EDGE('',*,*,#3071,.T.);
#3069=ORIENTED_EDGE('',*,*,#3072,.T.);
#3070=ORIENTED_EDGE('',*,*,#3073,.T.);
#3071=EDGE_CURVE('',#316,#184,#3074,.F.);
#3072=EDGE_CURVE('',#184,#178,#3075,.T.);
#3073=EDGE_CURVE('',#178,#316,#3076,.T.);
#3074=LINE('',#315,#3077);
#3075=LINE('',#183,#3078);
#3076=LINE('',#177,#3079);
#3077=VECTOR('',#3080,1.0);
#3078=VECTOR('',#3081,1.0);
#3079=VECTOR('',#3082,1.0);
#3080=DIRECTION('',(-0.16031837751948266,0,-0.9870653564123912));
#3081=DIRECTION('',(0,0,1));
#3082=DIRECTION('',(0.4728120007332293,0,-0.8811633287663762));
#3083=FACE_SURFACE('',(#3088),#3084,.T.);
#3084=PLANE('',#3085);
#3085=AXIS2_PLACEMENT_3D('',#315,#3086,#3087);
#3086=DIRECTION('',(0,1,-0));
#3087=DIRECTION('',(-0.4728120007332293,0,0.8811633287663762));
#3088=FACE_BOUND('',#3089,.T.);
#3089=EDGE_LOOP('',(#3090,#3091,#3092));
#3090=ORIENTED_EDGE('',*,*,#3093,.T.);
#3091=ORIENTED_EDGE('',*,*,#3094,.T.);
#3092=ORIENTED_EDGE('',*,*,#3095,.T.);
#3093=EDGE_CURVE('',#316,#178,#3096,.F.);
#3094=EDGE_CURVE('',#178,#198,#3097,.T.);
#3095=EDGE_CURVE('',#198,#316,#3098,.T.);
#3096=LINE('',#315,#3099);
#3097=LINE('',#177,#3100);
#3098=LINE('',#197,#3101);
#3099=VECTOR('',#3102,1.0);
#3100=VECTOR('',#3103,1.0);
#3101=VECTOR('',#3104,1.0);
#3102=DIRECTION('',(-0.4728120007332293,0,0.8811633287663762));
#3103=DIRECTION('',(0.6965177104329091,0,0.7175396010348823));
#3104=DIRECTION('',(-0.47110841846706986,0,-0.8820753131391084));
#3105=FACE_SURFACE('',(#3110),#3106,.T.);
#3106=PLANE('',#3107);
#3107=AXIS2_PLACEMENT_3D('',#197,#3108,#3109);
#3108=DIRECTION('',(-0,1,0));
#3109=DIRECTION('',(1,0,0));
#3110=FACE_BOUND('',#3111,.T.);
#3111=EDGE_LOOP('',(#3112,#3113,#3114));
#3112=ORIENTED_EDGE('',*,*,#3115,.T.);
#3113=ORIENTED_EDGE('',*,*,#3116,.T.);
#3114=ORIENTED_EDGE('',*,*,#3117,.T.);
#3115=EDGE_CURVE('',#198,#200,#3118,.F.);
#3116=EDGE_CURVE('',#200,#316,#3119,.T.);
#3117=EDGE_CURVE('',#316,#198,#3120,.T.);
#3118=LINE('',#197,#3121);
#3119=LINE('',#199,#3122);
#3120=LINE('',#315,#3123);
#3121=VECTOR('',#3124,1.0);
#3122=VECTOR('',#3125,1.0);
#3123=VECTOR('',#3126,1.0);
#3124=DIRECTION('',(1,0,0));
#3125=DIRECTION('',(-0.9507749890093496,0,-0.3098821070572985));
#3126=DIRECTION('',(0.47110841846706986,0,0.8820753131391084));
#3127=FACE_SURFACE('',(#3132),#3128,.T.);
#3128=PLANE('',#3129);
#3129=AXIS2_PLACEMENT_3D('',#315,#3130,#3131);
#3130=DIRECTION('',(0,1,0));
#3131=DIRECTION('',(0.9507749890093496,0,0.3098821070572985));
#3132=FACE_BOUND('',#3133,.T.);
#3133=EDGE_LOOP('',(#3134,#3135,#3136));
#3134=ORIENTED_EDGE('',*,*,#3137,.T.);
#3135=ORIENTED_EDGE('',*,*,#3138,.T.);
#3136=ORIENTED_EDGE('',*,*,#3139,.T.);
#3137=EDGE_CURVE('',#316,#200,#3140,.F.);
#3138=EDGE_CURVE('',#200,#314,#3141,.T.);
#3139=EDGE_CURVE('',#314,#316,#3142,.T.);
#3140=LINE('',#315,#3143);
#3141=LINE('',#199,#3144);
#3142=LINE('',#313,#3145);
#3143=VECTOR('',#3146,1.0);
#3144=VECTOR('',#3147,1.0);
#3145=VECTOR('',#3148,1.0);
#3146=DIRECTION('',(0.9507749890093496,0,0.3098821070572985));
#3147=DIRECTION('',(0.969222702577378,0,-0.24618560642044793));
#3148=DIRECTION('',(-1,0,0));
#3149=FACE_SURFACE('',(#3154),#3150,.T.);
#3150=PLANE('',#3151);
#3151=AXIS2_PLACEMENT_3D('',#313,#3152,#3153);
#3152=DIRECTION('',(0,1,0));
#3153=DIRECTION('',(-0.969222702577378,0,0.24618560642044793));
#3154=FACE_BOUND('',#3155,.T.);
#3155=EDGE_LOOP('',(#3156,#3157,#3158));
#3156=ORIENTED_EDGE('',*,*,#3159,.T.);
#3157=ORIENTED_EDGE('',*,*,#3160,.T.);
#3158=ORIENTED_EDGE('',*,*,#3161,.T.);
#3159=EDGE_CURVE('',#314,#200,#3162,.F.);
#3160=EDGE_CURVE('',#200,#242,#3163,.T.);
#3161=EDGE_CURVE('',#242,#314,#3164,.T.);
#3162=LINE('',#313,#3165);
#3163=LINE('',#199,#3166);
#3164=LINE('',#241,#3167);
#3165=VECTOR('',#3168,1.0);
#3166=VECTOR('',#3169,1.0);
#3167=VECTOR('',#3170,1.0);
#3168=DIRECTION('',(-0.969222702577378,0,0.24618560642044793));
#3169=DIRECTION('',(0.9999226421513043,0,-0.012438235934187131));
#3170=DIRECTION('',(0.7117212179904401,0,-0.7024620330396544));
#3171=FACE_SURFACE('',(#3176),#3172,.T.);
#3172=PLANE('',#3173);
#3173=AXIS2_PLACEMENT_3D('',#313,#3174,#3175);
#3174=DIRECTION('',(0,1,0));
#3175=DIRECTION('',(-0.7117212179904401,0,0.7024620330396544));
#3176=FACE_BOUND('',#3177,.T.);
#3177=EDGE_LOOP('',(#3178,#3179,#3180));
#3178=ORIENTED_EDGE('',*,*,#3181,.T.);
#3179=ORIENTED_EDGE('',*,*,#3182,.T.);
#3180=ORIENTED_EDGE('',*,*,#3183,.T.);
#3181=EDGE_CURVE('',#314,#242,#3184,.F.);
#3182=EDGE_CURVE('',#242,#244,#3185,.T.);
#3183=EDGE_CURVE('',#244,#314,#3186,.T.);
#3184=LINE('',#313,#3187);
#3185=LINE('',#241,#3188);
#3186=LINE('',#243,#3189);
#3187=VECTOR('',#3190,1.0);
#3188=VECTOR('',#3191,1.0);
#3189=VECTOR('',#3192,1.0);
#3190=DIRECTION('',(-0.7117212179904401,0,0.7024620330396544));
#3191=DIRECTION('',(0.963548854812264,0,-0.26753243614555355));
#3192=DIRECTION('',(0.6941332399033584,0,-0.7198465428556747));
#3193=FACE_SURFACE('',(#3198),#3194,.T.);
#3194=PLANE('',#3195);
#3195=AXIS2_PLACEMENT_3D('',#193,#3196,#3197);
#3196=DIRECTION('',(0,1,0));
#3197=DIRECTION('',(0.8621112785793363,0,-0.5067189984067125));
#3198=FACE_BOUND('',#3199,.T.);
#3199=EDGE_LOOP('',(#3200,#3201,#3202));
#3200=ORIENTED_EDGE('',*,*,#3203,.T.);
#3201=ORIENTED_EDGE('',*,*,#3204,.T.);
#3202=ORIENTED_EDGE('',*,*,#3205,.T.);
#3203=EDGE_CURVE('',#194,#284,#3206,.F.);
#3204=EDGE_CURVE('',#284,#200,#3207,.T.);
#3205=EDGE_CURVE('',#200,#194,#3208,.T.);
#3206=LINE('',#193,#3209);
#3207=LINE('',#283,#3210);
#3208=LINE('',#199,#3211);
#3209=VECTOR('',#3212,1.0);
#3210=VECTOR('',#3213,1.0);
#3211=VECTOR('',#3214,1.0);
#3212=DIRECTION('',(0.8621112785793363,0,-0.5067189984067125));
#3213=DIRECTION('',(-0.9498172581653256,0,-0.31280533258130866));
#3214=DIRECTION('',(0,0,1));
#3215=FACE_SURFACE('',(#3220),#3216,.T.);
#3216=PLANE('',#3217);
#3217=AXIS2_PLACEMENT_3D('',#199,#3218,#3219);
#3218=DIRECTION('',(0,1,0));
#3219=DIRECTION('',(0.9498172581653256,0,0.31280533258130866));
#3220=FACE_BOUND('',#3221,.T.);
#3221=EDGE_LOOP('',(#3222,#3223,#3224));
#3222=ORIENTED_EDGE('',*,*,#3225,.T.);
#3223=ORIENTED_EDGE('',*,*,#3226,.T.);
#3224=ORIENTED_EDGE('',*,*,#3227,.T.);
#3225=EDGE_CURVE('',#200,#284,#3228,.F.);
#3226=EDGE_CURVE('',#284,#286,#3229,.T.);
#3227=EDGE_CURVE('',#286,#200,#3230,.T.);
#3228=LINE('',#199,#3231);
#3229=LINE('',#283,#3232);
#3230=LINE('',#285,#3233);
#3231=VECTOR('',#3234,1.0);
#3232=VECTOR('',#3235,1.0);
#3233=VECTOR('',#3236,1.0);
#3234=DIRECTION('',(0.9498172581653256,0,0.31280533258130866));
#3235=DIRECTION('',(-0.23062768630340322,0,-0.9730420701646662));
#3236=DIRECTION('',(-0.9552939408292587,0,-0.295657718679734));
#3237=FACE_SURFACE('',(#3242),#3238,.T.);
#3238=PLANE('',#3239);
#3239=AXIS2_PLACEMENT_3D('',#199,#3240,#3241);
#3240=DIRECTION('',(0,1,0));
#3241=DIRECTION('',(0.9552939408292587,0,0.295657718679734));
#3242=FACE_BOUND('',#3243,.T.);
#3243=EDGE_LOOP('',(#3244,#3245,#3246));
#3244=ORIENTED_EDGE('',*,*,#3247,.T.);
#3245=ORIENTED_EDGE('',*,*,#3248,.T.);
#3246=ORIENTED_EDGE('',*,*,#3249,.T.);
#3247=EDGE_CURVE('',#200,#286,#3250,.F.);
#3248=EDGE_CURVE('',#286,#288,#3251,.T.);
#3249=EDGE_CURVE('',#288,#200,#3252,.T.);
#3250=LINE('',#199,#3253);
#3251=LINE('',#285,#3254);
#3252=LINE('',#287,#3255);
#3253=VECTOR('',#3256,1.0);
#3254=VECTOR('',#3257,1.0);
#3255=VECTOR('',#3258,1.0);
#3256=DIRECTION('',(0.9552939408292587,0,0.295657718679734));
#3257=DIRECTION('',(0,0,-1));
#3258=DIRECTION('',(-0.9610998920384086,0,-0.2762010092736075));
#3259=FACE_SURFACE('',(#3264),#3260,.T.);
#3260=PLANE('',#3261);
#3261=AXIS2_PLACEMENT_3D('',#257,#3262,#3263);
#3262=DIRECTION('',(-0,1,0));
#3263=DIRECTION('',(0.10810519300321617,0,0.9941394606622038));
#3264=FACE_BOUND('',#3265,.T.);
#3265=EDGE_LOOP('',(#3266,#3267,#3268));
#3266=ORIENTED_EDGE('',*,*,#3269,.T.);
#3267=ORIENTED_EDGE('',*,*,#3270,.T.);
#3268=ORIENTED_EDGE('',*,*,#3271,.T.);
#3269=EDGE_CURVE('',#258,#202,#3272,.F.);
#3270=EDGE_CURVE('',#202,#314,#3273,.T.);
#3271=EDGE_CURVE('',#314,#258,#3274,.T.);
#3272=LINE('',#257,#3275);
#3273=LINE('',#201,#3276);
#3274=LINE('',#313,#3277);
#3275=VECTOR('',#3278,1.0);
#3276=VECTOR('',#3279,1.0);
#3277=VECTOR('',#3280,1.0);
#3278=DIRECTION('',(0.10810519300321617,0,0.9941394606622038));
#3279=DIRECTION('',(0.4045146820938488,0,-0.9145315040885756));
#3280=DIRECTION('',(-0.42774169236270965,0,0.9039010148322023));
#3281=FACE_SURFACE('',(#3286),#3282,.T.);
#3282=PLANE('',#3283);
#3283=AXIS2_PLACEMENT_3D('',#313,#3284,#3285);
#3284=DIRECTION('',(0,1,0));
#3285=DIRECTION('',(-0.4045146820938488,0,0.9145315040885756));
#3286=FACE_BOUND('',#3287,.T.);
#3287=EDGE_LOOP('',(#3288,#3289,#3290));
#3288=ORIENTED_EDGE('',*,*,#3291,.T.);
#3289=ORIENTED_EDGE('',*,*,#3292,.T.);
#3290=ORIENTED_EDGE('',*,*,#3293,.T.);
#3291=EDGE_CURVE('',#314,#202,#3294,.F.);
#3292=EDGE_CURVE('',#202,#204,#3295,.T.);
#3293=EDGE_CURVE('',#204,#314,#3296,.T.);
#3294=LINE('',#313,#3297);
#3295=LINE('',#201,#3298);
#3296=LINE('',#203,#3299);
#3297=VECTOR('',#3300,1.0);
#3298=VECTOR('',#3301,1.0);
#3299=VECTOR('',#3302,1.0);
#3300=DIRECTION('',(-0.4045146820938488,0,0.9145315040885756));
#3301=DIRECTION('',(-0.10810490422285883,0,0.9941394920648543));
#3302=DIRECTION('',(0.39153114757961033,0,-0.9201648550531548));
#3303=FACE_SURFACE('',(#3308),#3304,.T.);
#3304=PLANE('',#3305);
#3305=AXIS2_PLACEMENT_3D('',#313,#3306,#3307);
#3306=DIRECTION('',(0,1,0));
#3307=DIRECTION('',(-0.39153114757961033,0,0.9201648550531548));
#3308=FACE_BOUND('',#3309,.T.);
#3309=EDGE_LOOP('',(#3310,#3311,#3312));
#3310=ORIENTED_EDGE('',*,*,#3313,.T.);
#3311=ORIENTED_EDGE('',*,*,#3314,.T.);
#3312=ORIENTED_EDGE('',*,*,#3315,.T.);
#3313=EDGE_CURVE('',#314,#204,#3316,.F.);
#3314=EDGE_CURVE('',#204,#260,#3317,.T.);
#3315=EDGE_CURVE('',#260,#314,#3318,.T.);
#3316=LINE('',#313,#3319);
#3317=LINE('',#203,#3320);
#3318=LINE('',#259,#3321);
#3319=VECTOR('',#3322,1.0);
#3320=VECTOR('',#3323,1.0);
#3321=VECTOR('',#3324,1.0);
#3322=DIRECTION('',(-0.39153114757961033,0,0.9201648550531548));
#3323=DIRECTION('',(-0.11914124000225207,0,0.9928773161527691));
#3324=DIRECTION('',(0.32153617010491414,0,-0.9468972971311428));
#3325=FACE_SURFACE('',(#3330),#3326,.T.);
#3326=PLANE('',#3327);
#3327=AXIS2_PLACEMENT_3D('',#259,#3328,#3329);
#3328=DIRECTION('',(0,1,0));
#3329=DIRECTION('',(0.11914124000225207,0,-0.9928773161527691));
#3330=FACE_BOUND('',#3331,.T.);
#3331=EDGE_LOOP('',(#3332,#3333,#3334));
#3332=ORIENTED_EDGE('',*,*,#3335,.T.);
#3333=ORIENTED_EDGE('',*,*,#3336,.T.);
#3334=ORIENTED_EDGE('',*,*,#3337,.T.);
#3335=EDGE_CURVE('',#260,#204,#3338,.F.);
#3336=EDGE_CURVE('',#204,#206,#3339,.T.);
#3337=EDGE_CURVE('',#206,#260,#3340,.T.);
#3338=LINE('',#259,#3341);
#3339=LINE('',#203,#3342);
#3340=LINE('',#205,#3343);
#3341=VECTOR('',#3344,1.0);
#3342=VECTOR('',#3345,1.0);
#3343=VECTOR('',#3346,1.0);
#3344=DIRECTION('',(0.11914124000225207,0,-0.9928773161527691));
#3345=DIRECTION('',(-0.3193054393170726,0,0.9476518540173554));
#3346=DIRECTION('',(-0.08926751032591813,0,0.9960076865166313));
#3347=FACE_SURFACE('',(#3352),#3348,.T.);
#3348=PLANE('',#3349);
#3349=AXIS2_PLACEMENT_3D('',#259,#3350,#3351);
#3350=DIRECTION('',(0,1,0));
#3351=DIRECTION('',(0.08926751032591813,0,-0.9960076865166313));
#3352=FACE_BOUND('',#3353,.T.);
#3353=EDGE_LOOP('',(#3354,#3355,#3356));
#3354=ORIENTED_EDGE('',*,*,#3357,.T.);
#3355=ORIENTED_EDGE('',*,*,#3358,.T.);
#3356=ORIENTED_EDGE('',*,*,#3359,.T.);
#3357=EDGE_CURVE('',#260,#206,#3360,.F.);
#3358=EDGE_CURVE('',#206,#312,#3361,.T.);
#3359=EDGE_CURVE('',#312,#260,#3362,.T.);
#3360=LINE('',#259,#3363);
#3361=LINE('',#205,#3364);
#3362=LINE('',#311,#3365);
#3363=VECTOR('',#3366,1.0);
#3364=VECTOR('',#3367,1.0);
#3365=VECTOR('',#3368,1.0);
#3366=DIRECTION('',(0.08926751032591813,0,-0.9960076865166313));
#3367=DIRECTION('',(-0.12107153241976507,0,0.9926437850697145));
#3368=DIRECTION('',(0.11608293063333631,0,0.9932395245939301));
#3369=FACE_SURFACE('',(#3374),#3370,.T.);
#3370=PLANE('',#3371);
#3371=AXIS2_PLACEMENT_3D('',#311,#3372,#3373);
#3372=DIRECTION('',(0,1,0));
#3373=DIRECTION('',(0.12107153241976507,0,-0.9926437850697145));
#3374=FACE_BOUND('',#3375,.T.);
#3375=EDGE_LOOP('',(#3376,#3377,#3378));
#3376=ORIENTED_EDGE('',*,*,#3379,.T.);
#3377=ORIENTED_EDGE('',*,*,#3380,.T.);
#3378=ORIENTED_EDGE('',*,*,#3381,.T.);
#3379=EDGE_CURVE('',#312,#206,#3382,.F.);
#3380=EDGE_CURVE('',#206,#208,#3383,.T.);
#3381=EDGE_CURVE('',#208,#312,#3384,.T.);
#3382=LINE('',#311,#3385);
#3383=LINE('',#205,#3386);
#3384=LINE('',#207,#3387);
#3385=VECTOR('',#3388,1.0);
#3386=VECTOR('',#3389,1.0);
#3387=VECTOR('',#3390,1.0);
#3388=DIRECTION('',(0.12107153241976507,0,-0.9926437850697145));
#3389=DIRECTION('',(-0.5155484545450275,0,0.8568604268002075));
#3390=DIRECTION('',(-0.03966226637204223,0,0.9992131427409435));
#3391=FACE_SURFACE('',(#3396),#3392,.T.);
#3392=PLANE('',#3393);
#3393=AXIS2_PLACEMENT_3D('',#311,#3394,#3395);
#3394=DIRECTION('',(0,1,0));
#3395=DIRECTION('',(0.03966226637204223,0,-0.9992131427409435));
#3396=FACE_BOUND('',#3397,.T.);
#3397=EDGE_LOOP('',(#3398,#3399,#3400));
#3398=ORIENTED_EDGE('',*,*,#3401,.T.);
#3399=ORIENTED_EDGE('',*,*,#3402,.T.);
#3400=ORIENTED_EDGE('',*,*,#3403,.T.);
#3401=EDGE_CURVE('',#312,#208,#3404,.F.);
#3402=EDGE_CURVE('',#208,#310,#3405,.T.);
#3403=EDGE_CURVE('',#310,#312,#3406,.T.);
#3404=LINE('',#311,#3407);
#3405=LINE('',#207,#3408);
#3406=LINE('',#309,#3409);
#3407=VECTOR('',#3410,1.0);
#3408=VECTOR('',#3411,1.0);
#3409=VECTOR('',#3412,1.0);
#3410=DIRECTION('',(0.03966226637204223,0,-0.9992131427409435));
#3411=DIRECTION('',(-0.12353345790186775,0,0.9923404077123976));
#3412=DIRECTION('',(0.342008135769494,0,0.9396969910920623));
#3413=FACE_SURFACE('',(#3418),#3414,.T.);
#3414=PLANE('',#3415);
#3415=AXIS2_PLACEMENT_3D('',#309,#3416,#3417);
#3416=DIRECTION('',(0,1,0));
#3417=DIRECTION('',(0.12353345790186775,0,-0.9923404077123976));
#3418=FACE_BOUND('',#3419,.T.);
#3419=EDGE_LOOP('',(#3420,#3421,#3422));
#3420=ORIENTED_EDGE('',*,*,#3423,.T.);
#3421=ORIENTED_EDGE('',*,*,#3424,.T.);
#3422=ORIENTED_EDGE('',*,*,#3425,.T.);
#3423=EDGE_CURVE('',#310,#208,#3426,.F.);
#3424=EDGE_CURVE('',#208,#210,#3427,.T.);
#3425=EDGE_CURVE('',#210,#310,#3428,.T.);
#3426=LINE('',#309,#3429);
#3427=LINE('',#207,#3430);
#3428=LINE('',#209,#3431);
#3429=VECTOR('',#3432,1.0);
#3430=VECTOR('',#3433,1.0);
#3431=VECTOR('',#3434,1.0);
#3432=DIRECTION('',(0.12353345790186775,0,-0.9923404077123976));
#3433=DIRECTION('',(-0.6877039532580939,0,0.7259912345704936));
#3434=DIRECTION('',(0.05099897819214832,0,0.9986987054278968));
#3435=FACE_SURFACE('',(#3440),#3436,.T.);
#3436=PLANE('',#3437);
#3437=AXIS2_PLACEMENT_3D('',#309,#3438,#3439);
#3438=DIRECTION('',(0,1,0));
#3439=DIRECTION('',(-0.05099897819214832,0,-0.9986987054278968));
#3440=FACE_BOUND('',#3441,.T.);
#3441=EDGE_LOOP('',(#3442,#3443,#3444));
#3442=ORIENTED_EDGE('',*,*,#3445,.T.);
#3443=ORIENTED_EDGE('',*,*,#3446,.T.);
#3444=ORIENTED_EDGE('',*,*,#3447,.T.);
#3445=EDGE_CURVE('',#310,#210,#3448,.F.);
#3446=EDGE_CURVE('',#210,#308,#3449,.T.);
#3447=EDGE_CURVE('',#308,#310,#3450,.T.);
#3448=LINE('',#309,#3451);
#3449=LINE('',#209,#3452);
#3450=LINE('',#307,#3453);
#3451=VECTOR('',#3454,1.0);
#3452=VECTOR('',#3455,1.0);
#3453=VECTOR('',#3456,1.0);
#3454=DIRECTION('',(-0.05099897819214832,0,-0.9986987054278968));
#3455=DIRECTION('',(-0.12569478189282673,0,0.9920689602063532));
#3456=DIRECTION('',(0.5495067195921342,0,0.8354892968333537));
#3457=FACE_SURFACE('',(#3462),#3458,.T.);
#3458=PLANE('',#3459);
#3459=AXIS2_PLACEMENT_3D('',#307,#3460,#3461);
#3460=DIRECTION('',(0,1,0));
#3461=DIRECTION('',(0.12569478189282673,0,-0.9920689602063532));
#3462=FACE_BOUND('',#3463,.T.);
#3463=EDGE_LOOP('',(#3464,#3465,#3466));
#3464=ORIENTED_EDGE('',*,*,#3467,.T.);
#3465=ORIENTED_EDGE('',*,*,#3468,.T.);
#3466=ORIENTED_EDGE('',*,*,#3469,.T.);
#3467=EDGE_CURVE('',#308,#210,#3470,.F.);
#3468=EDGE_CURVE('',#210,#212,#3471,.T.);
#3469=EDGE_CURVE('',#212,#308,#3472,.T.);
#3470=LINE('',#307,#3473);
#3471=LINE('',#209,#3474);
#3472=LINE('',#211,#3475);
#3473=VECTOR('',#3476,1.0);
#3474=VECTOR('',#3477,1.0);
#3475=VECTOR('',#3478,1.0);
#3476=DIRECTION('',(0.12569478189282673,0,-0.9920689602063532));
#3477=DIRECTION('',(-0.8276845723555905,0,0.5611935928755276));
#3478=DIRECTION('',(0.2322149303518695,0,0.9726644982323949));
#3479=FACE_SURFACE('',(#3484),#3480,.T.);
#3480=PLANE('',#3481);
#3481=AXIS2_PLACEMENT_3D('',#307,#3482,#3483);
#3482=DIRECTION('',(0,1,0));
#3483=DIRECTION('',(-0.2322149303518695,0,-0.9726644982323949));
#3484=FACE_BOUND('',#3485,.T.);
#3485=EDGE_LOOP('',(#3486,#3487,#3488));
#3486=ORIENTED_EDGE('',*,*,#3489,.T.);
#3487=ORIENTED_EDGE('',*,*,#3490,.T.);
#3488=ORIENTED_EDGE('',*,*,#3491,.T.);
#3489=EDGE_CURVE('',#308,#212,#3492,.F.);
#3490=EDGE_CURVE('',#212,#306,#3493,.T.);
#3491=EDGE_CURVE('',#306,#308,#3494,.T.);
#3492=LINE('',#307,#3495);
#3493=LINE('',#211,#3496);
#3494=LINE('',#305,#3497);
#3495=VECTOR('',#3498,1.0);
#3496=VECTOR('',#3499,1.0);
#3497=VECTOR('',#3500,1.0);
#3498=DIRECTION('',(-0.2322149303518695,0,-0.9726644982323949));
#3499=DIRECTION('',(-0.12229898452231186,0,0.9924933039496092));
#3500=DIRECTION('',(0.7273778314162707,0,0.6862371968672082));
#3501=FACE_SURFACE('',(#3506),#3502,.T.);
#3502=PLANE('',#3503);
#3503=AXIS2_PLACEMENT_3D('',#305,#3504,#3505);
#3504=DIRECTION('',(0,1,0));
#3505=DIRECTION('',(0.12229898452231186,0,-0.9924933039496092));
#3506=FACE_BOUND('',#3507,.T.);
#3507=EDGE_LOOP('',(#3508,#3509,#3510));
#3508=ORIENTED_EDGE('',*,*,#3511,.T.);
#3509=ORIENTED_EDGE('',*,*,#3512,.T.);
#3510=ORIENTED_EDGE('',*,*,#3513,.T.);
#3511=EDGE_CURVE('',#306,#212,#3514,.F.);
#3512=EDGE_CURVE('',#212,#304,#3515,.T.);
#3513=EDGE_CURVE('',#304,#306,#3516,.T.);
#3514=LINE('',#305,#3517);
#3515=LINE('',#211,#3518);
#3516=LINE('',#303,#3519);
#3517=VECTOR('',#3520,1.0);
#3518=VECTOR('',#3521,1.0);
#3519=VECTOR('',#3522,1.0);
#3520=DIRECTION('',(0.12229898452231186,0,-0.9924933039496092));
#3521=DIRECTION('',(-0.707431841612242,0,0.7067815712602527));
#3522=DIRECTION('',(0.866026564185709,0,0.4999979901206565));
#3523=FACE_SURFACE('',(#3528),#3524,.T.);
#3524=PLANE('',#3525);
#3525=AXIS2_PLACEMENT_3D('',#303,#3526,#3527);
#3526=DIRECTION('',(0,1,0));
#3527=DIRECTION('',(0.707431841612242,0,-0.7067815712602527));
#3528=FACE_BOUND('',#3529,.T.);
#3529=EDGE_LOOP('',(#3530,#3531,#3532));
#3530=ORIENTED_EDGE('',*,*,#3533,.T.);
#3531=ORIENTED_EDGE('',*,*,#3534,.T.);
#3532=ORIENTED_EDGE('',*,*,#3535,.T.);
#3533=EDGE_CURVE('',#304,#212,#3536,.F.);
#3534=EDGE_CURVE('',#212,#214,#3537,.T.);
#3535=EDGE_CURVE('',#214,#304,#3538,.T.);
#3536=LINE('',#303,#3539);
#3537=LINE('',#211,#3540);
#3538=LINE('',#213,#3541);
#3539=VECTOR('',#3542,1.0);
#3540=VECTOR('',#3543,1.0);
#3541=VECTOR('',#3544,1.0);
#3542=DIRECTION('',(0.707431841612242,0,-0.7067815712602527));
#3543=DIRECTION('',(-0.9289782215994071,0,0.37013438612752925));
#3544=DIRECTION('',(-0.07802945257701138,0,0.9969510542301122));
#3545=FACE_SURFACE('',(#3550),#3546,.T.);
#3546=PLANE('',#3547);
#3547=AXIS2_PLACEMENT_3D('',#303,#3548,#3549);
#3548=DIRECTION('',(0,1,0));
#3549=DIRECTION('',(0.07802945257701138,0,-0.9969510542301122));
#3550=FACE_BOUND('',#3551,.T.);
#3551=EDGE_LOOP('',(#3552,#3553,#3554));
#3552=ORIENTED_EDGE('',*,*,#3555,.T.);
#3553=ORIENTED_EDGE('',*,*,#3556,.T.);
#3554=ORIENTED_EDGE('',*,*,#3557,.T.);
#3555=EDGE_CURVE('',#304,#214,#3558,.F.);
#3556=EDGE_CURVE('',#214,#302,#3559,.T.);
#3557=EDGE_CURVE('',#302,#304,#3560,.T.);
#3558=LINE('',#303,#3561);
#3559=LINE('',#213,#3562);
#3560=LINE('',#301,#3563);
#3561=VECTOR('',#3564,1.0);
#3562=VECTOR('',#3565,1.0);
#3563=VECTOR('',#3566,1.0);
#3564=DIRECTION('',(0.07802945257701138,0,-0.9969510542301122));
#3565=DIRECTION('',(-0.9391815326364056,0,0.34342109538397936));
#3566=DIRECTION('',(0.9579899158350417,0,0.28680188485846786));
#3567=FACE_SURFACE('',(#3572),#3568,.T.);
#3568=PLANE('',#3569);
#3569=AXIS2_PLACEMENT_3D('',#301,#3570,#3571);
#3570=DIRECTION('',(0,1,0));
#3571=DIRECTION('',(0.9391815326364056,0,-0.34342109538397936));
#3572=FACE_BOUND('',#3573,.T.);
#3573=EDGE_LOOP('',(#3574,#3575,#3576));
#3574=ORIENTED_EDGE('',*,*,#3577,.T.);
#3575=ORIENTED_EDGE('',*,*,#3578,.T.);
#3576=ORIENTED_EDGE('',*,*,#3579,.T.);
#3577=EDGE_CURVE('',#302,#214,#3580,.F.);
#3578=EDGE_CURVE('',#214,#216,#3581,.T.);
#3579=EDGE_CURVE('',#216,#302,#3582,.T.);
#3580=LINE('',#301,#3583);
#3581=LINE('',#213,#3584);
#3582=LINE('',#215,#3585);
#3583=VECTOR('',#3586,1.0);
#3584=VECTOR('',#3587,1.0);
#3585=VECTOR('',#3588,1.0);
#3586=DIRECTION('',(0.9391815326364056,0,-0.34342109538397936));
#3587=DIRECTION('',(-0.9868263359754732,0,0.16178313455123416));
#3588=DIRECTION('',(0.29535248642285705,0,0.9553883549446456));
#3589=FACE_SURFACE('',(#3594),#3590,.T.);
#3590=PLANE('',#3591);
#3591=AXIS2_PLACEMENT_3D('',#301,#3592,#3593);
#3592=DIRECTION('',(0,1,0));
#3593=DIRECTION('',(-0.29535248642285705,0,-0.9553883549446456));
#3594=FACE_BOUND('',#3595,.T.);
#3595=EDGE_LOOP('',(#3596,#3597,#3598));
#3596=ORIENTED_EDGE('',*,*,#3599,.T.);
#3597=ORIENTED_EDGE('',*,*,#3600,.T.);
#3598=ORIENTED_EDGE('',*,*,#3601,.T.);
#3599=EDGE_CURVE('',#302,#216,#3602,.F.);
#3600=EDGE_CURVE('',#216,#300,#3603,.T.);
#3601=EDGE_CURVE('',#300,#302,#3604,.T.);
#3602=LINE('',#301,#3605);
#3603=LINE('',#215,#3606);
#3604=LINE('',#299,#3607);
#3605=VECTOR('',#3608,1.0);
#3606=VECTOR('',#3609,1.0);
#3607=VECTOR('',#3610,1.0);
#3608=DIRECTION('',(-0.29535248642285705,0,-0.9553883549446456));
#3609=DIRECTION('',(-0.9897158983854991,0,0.14304698697625262));
#3610=DIRECTION('',(0.9983080598685448,0,0.05814651839536125));
#3611=FACE_SURFACE('',(#3616),#3612,.T.);
#3612=PLANE('',#3613);
#3613=AXIS2_PLACEMENT_3D('',#299,#3614,#3615);
#3614=DIRECTION('',(0,1,0));
#3615=DIRECTION('',(0.9897158983854991,0,-0.14304698697625262));
#3616=FACE_BOUND('',#3617,.T.);
#3617=EDGE_LOOP('',(#3618,#3619,#3620));
#3618=ORIENTED_EDGE('',*,*,#3621,.T.);
#3619=ORIENTED_EDGE('',*,*,#3622,.T.);
#3620=ORIENTED_EDGE('',*,*,#3623,.T.);
#3621=EDGE_CURVE('',#300,#216,#3624,.F.);
#3622=EDGE_CURVE('',#216,#218,#3625,.T.);
#3623=EDGE_CURVE('',#218,#300,#3626,.T.);
#3624=LINE('',#299,#3627);
#3625=LINE('',#215,#3628);
#3626=LINE('',#217,#3629);
#3627=VECTOR('',#3630,1.0);
#3628=VECTOR('',#3631,1.0);
#3629=VECTOR('',#3632,1.0);
#3630=DIRECTION('',(0.9897158983854991,0,-0.14304698697625262));
#3631=DIRECTION('',(-0.9985334769022186,0,-0.054137745663874685));
#3632=DIRECTION('',(0.5941639756454784,0,0.804343937656746));
#3633=FACE_SURFACE('',(#3638),#3634,.T.);
#3634=PLANE('',#3635);
#3635=AXIS2_PLACEMENT_3D('',#299,#3636,#3637);
#3636=DIRECTION('',(0,1,0));
#3637=DIRECTION('',(-0.5941639756454784,0,-0.804343937656746));
#3638=FACE_BOUND('',#3639,.T.);
#3639=EDGE_LOOP('',(#3640,#3641,#3642));
#3640=ORIENTED_EDGE('',*,*,#3643,.T.);
#3641=ORIENTED_EDGE('',*,*,#3644,.T.);
#3642=ORIENTED_EDGE('',*,*,#3645,.T.);
#3643=EDGE_CURVE('',#300,#218,#3646,.F.);
#3644=EDGE_CURVE('',#218,#298,#3647,.T.);
#3645=EDGE_CURVE('',#298,#300,#3648,.T.);
#3646=LINE('',#299,#3649);
#3647=LINE('',#217,#3650);
#3648=LINE('',#297,#3651);
#3649=VECTOR('',#3652,1.0);
#3650=VECTOR('',#3653,1.0);
#3651=VECTOR('',#3654,1.0);
#3652=DIRECTION('',(-0.5941639756454784,0,-0.804343937656746));
#3653=DIRECTION('',(-0.9162091383778034,0,0.40070040523189293));
#3654=DIRECTION('',(0.984807787764807,0,-0.17364798057503156));
#3655=FACE_SURFACE('',(#3660),#3656,.T.);
#3656=PLANE('',#3657);
#3657=AXIS2_PLACEMENT_3D('',#297,#3658,#3659);
#3658=DIRECTION('',(0,1,0));
#3659=DIRECTION('',(0.9162091383778034,0,-0.40070040523189293));
#3660=FACE_BOUND('',#3661,.T.);
#3661=EDGE_LOOP('',(#3662,#3663,#3664));
#3662=ORIENTED_EDGE('',*,*,#3665,.T.);
#3663=ORIENTED_EDGE('',*,*,#3666,.T.);
#3664=ORIENTED_EDGE('',*,*,#3667,.T.);
#3665=EDGE_CURVE('',#298,#218,#3668,.F.);
#3666=EDGE_CURVE('',#218,#220,#3669,.T.);
#3667=EDGE_CURVE('',#220,#298,#3670,.T.);
#3668=LINE('',#297,#3671);
#3669=LINE('',#217,#3672);
#3670=LINE('',#219,#3673);
#3671=VECTOR('',#3674,1.0);
#3672=VECTOR('',#3675,1.0);
#3673=VECTOR('',#3676,1.0);
#3674=DIRECTION('',(0.9162091383778034,0,-0.40070040523189293));
#3675=DIRECTION('',(-0.9635481621289465,0,-0.26753493091170305));
#3676=DIRECTION('',(0.29445438193717755,0,0.9556655361359406));
#3677=FACE_SURFACE('',(#3682),#3678,.T.);
#3678=PLANE('',#3679);
#3679=AXIS2_PLACEMENT_3D('',#297,#3680,#3681);
#3680=DIRECTION('',(0,1,0));
#3681=DIRECTION('',(-0.29445438193717755,0,-0.9556655361359406));
#3682=FACE_BOUND('',#3683,.T.);
#3683=EDGE_LOOP('',(#3684,#3685,#3686));
#3684=ORIENTED_EDGE('',*,*,#3687,.T.);
#3685=ORIENTED_EDGE('',*,*,#3688,.T.);
#3686=ORIENTED_EDGE('',*,*,#3689,.T.);
#3687=EDGE_CURVE('',#298,#220,#3690,.F.);
#3688=EDGE_CURVE('',#220,#296,#3691,.T.);
#3689=EDGE_CURVE('',#296,#298,#3692,.T.);
#3690=LINE('',#297,#3693);
#3691=LINE('',#219,#3694);
#3692=LINE('',#295,#3695);
#3693=VECTOR('',#3696,1.0);
#3694=VECTOR('',#3697,1.0);
#3695=VECTOR('',#3698,1.0);
#3696=DIRECTION('',(-0.29445438193717755,0,-0.9556655361359406));
#3697=DIRECTION('',(-0.5617121087736893,0,0.8273327667009297));
#3698=DIRECTION('',(0.9182154482985736,0,-0.3960812927996592));
#3699=FACE_SURFACE('',(#3704),#3700,.T.);
#3700=PLANE('',#3701);
#3701=AXIS2_PLACEMENT_3D('',#295,#3702,#3703);
#3702=DIRECTION('',(0,1,0));
#3703=DIRECTION('',(0.5617121087736893,0,-0.8273327667009297));
#3704=FACE_BOUND('',#3705,.T.);
#3705=EDGE_LOOP('',(#3706,#3707,#3708));
#3706=ORIENTED_EDGE('',*,*,#3709,.T.);
#3707=ORIENTED_EDGE('',*,*,#3710,.T.);
#3708=ORIENTED_EDGE('',*,*,#3711,.T.);
#3709=EDGE_CURVE('',#296,#220,#3712,.F.);
#3710=EDGE_CURVE('',#220,#222,#3713,.T.);
#3711=EDGE_CURVE('',#222,#296,#3714,.T.);
#3712=LINE('',#295,#3715);
#3713=LINE('',#219,#3716);
#3714=LINE('',#221,#3717);
#3715=VECTOR('',#3718,1.0);
#3716=VECTOR('',#3719,1.0);
#3717=VECTOR('',#3720,1.0);
#3718=DIRECTION('',(0.5617121087736893,0,-0.8273327667009297));
#3719=DIRECTION('',(-0.8835142337741226,0,-0.46840431116560516));
#3720=DIRECTION('',(0.15301335067014693,0,0.988224121602329));
#3721=FACE_SURFACE('',(#3726),#3722,.T.);
#3722=PLANE('',#3723);
#3723=AXIS2_PLACEMENT_3D('',#295,#3724,#3725);
#3724=DIRECTION('',(0,1,0));
#3725=DIRECTION('',(-0.15301335067014693,0,-0.988224121602329));
#3726=FACE_BOUND('',#3727,.T.);
#3727=EDGE_LOOP('',(#3728,#3729,#3730));
#3728=ORIENTED_EDGE('',*,*,#3731,.T.);
#3729=ORIENTED_EDGE('',*,*,#3732,.T.);
#3730=ORIENTED_EDGE('',*,*,#3733,.T.);
#3731=EDGE_CURVE('',#296,#222,#3734,.F.);
#3732=EDGE_CURVE('',#222,#294,#3735,.T.);
#3733=EDGE_CURVE('',#294,#296,#3736,.T.);
#3734=LINE('',#295,#3737);
#3735=LINE('',#221,#3738);
#3736=LINE('',#293,#3739);
#3737=VECTOR('',#3740,1.0);
#3738=VECTOR('',#3741,1.0);
#3739=VECTOR('',#3742,1.0);
#3740=DIRECTION('',(-0.15301335067014693,0,-0.988224121602329));
#3741=DIRECTION('',(-0.25127072717609716,0,0.9679168464617173));
#3742=DIRECTION('',(0.8021219159635572,0,-0.5971603067275586));
#3743=FACE_SURFACE('',(#3748),#3744,.T.);
#3744=PLANE('',#3745);
#3745=AXIS2_PLACEMENT_3D('',#293,#3746,#3747);
#3746=DIRECTION('',(0,1,0));
#3747=DIRECTION('',(0.25127072717609716,0,-0.9679168464617173));
#3748=FACE_BOUND('',#3749,.T.);
#3749=EDGE_LOOP('',(#3750,#3751,#3752));
#3750=ORIENTED_EDGE('',*,*,#3753,.T.);
#3751=ORIENTED_EDGE('',*,*,#3754,.T.);
#3752=ORIENTED_EDGE('',*,*,#3755,.T.);
#3753=EDGE_CURVE('',#294,#222,#3756,.F.);
#3754=EDGE_CURVE('',#222,#224,#3757,.T.);
#3755=EDGE_CURVE('',#224,#294,#3758,.T.);
#3756=LINE('',#293,#3759);
#3757=LINE('',#221,#3760);
#3758=LINE('',#223,#3761);
#3759=VECTOR('',#3762,1.0);
#3760=VECTOR('',#3763,1.0);
#3761=VECTOR('',#3764,1.0);
#3762=DIRECTION('',(0.25127072717609716,0,-0.9679168464617173));
#3763=DIRECTION('',(-0.7621657446063812,0,-0.6473819411665732));
#3764=DIRECTION('',(0.09241705539424468,0,0.9957203863898023));
#3765=FACE_SURFACE('',(#3770),#3766,.T.);
#3766=PLANE('',#3767);
#3767=AXIS2_PLACEMENT_3D('',#293,#3768,#3769);
#3768=DIRECTION('',(0,1,0));
#3769=DIRECTION('',(-0.09241705539424468,0,-0.9957203863898023));
#3770=FACE_BOUND('',#3771,.T.);
#3771=EDGE_LOOP('',(#3772,#3773,#3774));
#3772=ORIENTED_EDGE('',*,*,#3775,.T.);
#3773=ORIENTED_EDGE('',*,*,#3776,.T.);
#3774=ORIENTED_EDGE('',*,*,#3777,.T.);
#3775=EDGE_CURVE('',#294,#224,#3778,.F.);
#3776=EDGE_CURVE('',#224,#292,#3779,.T.);
#3777=EDGE_CURVE('',#292,#294,#3780,.T.);
#3778=LINE('',#293,#3781);
#3779=LINE('',#223,#3782);
#3780=LINE('',#291,#3783);
#3781=VECTOR('',#3784,1.0);
#3782=VECTOR('',#3785,1.0);
#3783=VECTOR('',#3786,1.0);
#3784=DIRECTION('',(-0.09241705539424468,0,-0.9957203863898023));
#3785=DIRECTION('',(-0.10350468064289006,0,0.9946289665423048));
#3786=DIRECTION('',(0.6427877891523912,0,-0.7660442925292122));
#3787=FACE_SURFACE('',(#3792),#3788,.T.);
#3788=PLANE('',#3789);
#3789=AXIS2_PLACEMENT_3D('',#291,#3790,#3791);
#3790=DIRECTION('',(0,1,0));
#3791=DIRECTION('',(0.10350468064289006,0,-0.9946289665423048));
#3792=FACE_BOUND('',#3793,.T.);
#3793=EDGE_LOOP('',(#3794,#3795,#3796));
#3794=ORIENTED_EDGE('',*,*,#3797,.T.);
#3795=ORIENTED_EDGE('',*,*,#3798,.T.);
#3796=ORIENTED_EDGE('',*,*,#3799,.T.);
#3797=EDGE_CURVE('',#292,#224,#3800,.F.);
#3798=EDGE_CURVE('',#224,#226,#3801,.T.);
#3799=EDGE_CURVE('',#226,#292,#3802,.T.);
#3800=LINE('',#291,#3803);
#3801=LINE('',#223,#3804);
#3802=LINE('',#225,#3805);
#3803=VECTOR('',#3806,1.0);
#3804=VECTOR('',#3807,1.0);
#3805=VECTOR('',#3808,1.0);
#3806=DIRECTION('',(0.10350468064289006,0,-0.9946289665423048));
#3807=DIRECTION('',(-0.605168495044652,0,-0.7960974140175253));
#3808=DIRECTION('',(0.061894153739905304,0,0.9980827188829696));
#3809=FACE_SURFACE('',(#3814),#3810,.T.);
#3810=PLANE('',#3811);
#3811=AXIS2_PLACEMENT_3D('',#291,#3812,#3813);
#3812=DIRECTION('',(0,1,0));
#3813=DIRECTION('',(-0.061894153739905304,0,-0.9980827188829696));
#3814=FACE_BOUND('',#3815,.T.);
#3815=EDGE_LOOP('',(#3816,#3817,#3818));
#3816=ORIENTED_EDGE('',*,*,#3819,.T.);
#3817=ORIENTED_EDGE('',*,*,#3820,.T.);
#3818=ORIENTED_EDGE('',*,*,#3821,.T.);
#3819=EDGE_CURVE('',#292,#226,#3822,.F.);
#3820=EDGE_CURVE('',#226,#290,#3823,.T.);
#3821=EDGE_CURVE('',#290,#292,#3824,.T.);
#3822=LINE('',#291,#3825);
#3823=LINE('',#225,#3826);
#3824=LINE('',#289,#3827);
#3825=VECTOR('',#3828,1.0);
#3826=VECTOR('',#3829,1.0);
#3827=VECTOR('',#3830,1.0);
#3828=DIRECTION('',(-0.061894153739905304,0,-0.9980827188829696));
#3829=DIRECTION('',(-0.031652065146599295,0,0.9994989478593539));
#3830=DIRECTION('',(0.4487966908886195,0,-0.8936338904984664));
#3831=FACE_SURFACE('',(#3836),#3832,.T.);
#3832=PLANE('',#3833);
#3833=AXIS2_PLACEMENT_3D('',#289,#3834,#3835);
#3834=DIRECTION('',(0,1,0));
#3835=DIRECTION('',(0.031652065146599295,0,-0.9994989478593539));
#3836=FACE_BOUND('',#3837,.T.);
#3837=EDGE_LOOP('',(#3838,#3839,#3840));
#3838=ORIENTED_EDGE('',*,*,#3841,.T.);
#3839=ORIENTED_EDGE('',*,*,#3842,.T.);
#3840=ORIENTED_EDGE('',*,*,#3843,.T.);
#3841=EDGE_CURVE('',#290,#226,#3844,.F.);
#3842=EDGE_CURVE('',#226,#228,#3845,.T.);
#3843=EDGE_CURVE('',#228,#290,#3846,.T.);
#3844=LINE('',#289,#3847);
#3845=LINE('',#225,#3848);
#3846=LINE('',#227,#3849);
#3847=VECTOR('',#3850,1.0);
#3848=VECTOR('',#3851,1.0);
#3849=VECTOR('',#3852,1.0);
#3850=DIRECTION('',(0.031652065146599295,0,-0.9994989478593539));
#3851=DIRECTION('',(-0.4198871568204984,0,-0.9075763194008525));
#3852=DIRECTION('',(0.044648983827827726,0,0.9990027368546806));
#3853=FACE_SURFACE('',(#3858),#3854,.T.);
#3854=PLANE('',#3855);
#3855=AXIS2_PLACEMENT_3D('',#289,#3856,#3857);
#3856=DIRECTION('',(0,1,0));
#3857=DIRECTION('',(-0.044648983827827726,0,-0.9990027368546806));
#3858=FACE_BOUND('',#3859,.T.);
#3859=EDGE_LOOP('',(#3860,#3861,#3862));
#3860=ORIENTED_EDGE('',*,*,#3863,.T.);
#3861=ORIENTED_EDGE('',*,*,#3864,.T.);
#3862=ORIENTED_EDGE('',*,*,#3865,.T.);
#3863=EDGE_CURVE('',#290,#228,#3866,.F.);
#3864=EDGE_CURVE('',#228,#288,#3867,.T.);
#3865=EDGE_CURVE('',#288,#290,#3868,.T.);
#3866=LINE('',#289,#3869);
#3867=LINE('',#227,#3870);
#3868=LINE('',#287,#3871);
#3869=VECTOR('',#3872,1.0);
#3870=VECTOR('',#3873,1.0);
#3871=VECTOR('',#3874,1.0);
#3872=DIRECTION('',(-0.044648983827827726,0,-0.9990027368546806));
#3873=DIRECTION('',(0.0073407207098022875,0,0.9999730565467556));
#3874=DIRECTION('',(0.2306276863034026,0,-0.9730420701646663));
#3875=FACE_SURFACE('',(#3880),#3876,.T.);
#3876=PLANE('',#3877);
#3877=AXIS2_PLACEMENT_3D('',#287,#3878,#3879);
#3878=DIRECTION('',(0,1,0));
#3879=DIRECTION('',(-0.0073407207098022875,0,-0.9999730565467556));
#3880=FACE_BOUND('',#3881,.T.);
#3881=EDGE_LOOP('',(#3882,#3883,#3884));
#3882=ORIENTED_EDGE('',*,*,#3885,.T.);
#3883=ORIENTED_EDGE('',*,*,#3886,.T.);
#3884=ORIENTED_EDGE('',*,*,#3887,.T.);
#3885=EDGE_CURVE('',#288,#228,#3888,.F.);
#3886=EDGE_CURVE('',#228,#200,#3889,.T.);
#3887=EDGE_CURVE('',#200,#288,#3890,.T.);
#3888=LINE('',#287,#3891);
#3889=LINE('',#227,#3892);
#3890=LINE('',#199,#3893);
#3891=VECTOR('',#3894,1.0);
#3892=VECTOR('',#3895,1.0);
#3893=VECTOR('',#3896,1.0);
#3894=DIRECTION('',(-0.0073407207098022875,0,-0.9999730565467556));
#3895=DIRECTION('',(-0.9922480530029465,0,-0.12427309166453451));
#3896=DIRECTION('',(0.9610998920384086,0,0.2762010092736075));
#3897=FACE_SURFACE('',(#3902),#3898,.T.);
#3898=PLANE('',#3899);
#3899=AXIS2_PLACEMENT_3D('',#227,#3900,#3901);
#3900=DIRECTION('',(0,1,0));
#3901=DIRECTION('',(-0.21496348113500058,0,-0.9766220874925584));
#3902=FACE_BOUND('',#3903,.T.);
#3903=EDGE_LOOP('',(#3904,#3905,#3906));
#3904=ORIENTED_EDGE('',*,*,#3907,.T.);
#3905=ORIENTED_EDGE('',*,*,#3908,.T.);
#3906=ORIENTED_EDGE('',*,*,#3909,.T.);
#3907=EDGE_CURVE('',#228,#230,#3910,.F.);
#3908=EDGE_CURVE('',#230,#200,#3911,.T.);
#3909=EDGE_CURVE('',#200,#228,#3912,.T.);
#3910=LINE('',#227,#3913);
#3911=LINE('',#229,#3914);
#3912=LINE('',#199,#3915);
#3913=VECTOR('',#3916,1.0);
#3914=VECTOR('',#3917,1.0);
#3915=VECTOR('',#3918,1.0);
#3916=DIRECTION('',(-0.21496348113500058,0,-0.9766220874925584));
#3917=DIRECTION('',(-0.9948036570076475,0,-0.10181200324230306));
#3918=DIRECTION('',(0.9922480530029465,0,0.12427309166453451));
#3919=FACE_SURFACE('',(#3924),#3920,.T.);
#3920=PLANE('',#3921);
#3921=AXIS2_PLACEMENT_3D('',#199,#3922,#3923);
#3922=DIRECTION('',(0,1,0));
#3923=DIRECTION('',(0.9948036570076475,0,0.10181200324230306));
#3924=FACE_BOUND('',#3925,.T.);
#3925=EDGE_LOOP('',(#3926,#3927,#3928));
#3926=ORIENTED_EDGE('',*,*,#3929,.T.);
#3927=ORIENTED_EDGE('',*,*,#3930,.T.);
#3928=ORIENTED_EDGE('',*,*,#3931,.T.);
#3929=EDGE_CURVE('',#200,#230,#3932,.F.);
#3930=EDGE_CURVE('',#230,#232,#3933,.T.);
#3931=EDGE_CURVE('',#232,#200,#3934,.T.);
#3932=LINE('',#199,#3935);
#3933=LINE('',#229,#3936);
#3934=LINE('',#231,#3937);
#3935=VECTOR('',#3938,1.0);
#3936=VECTOR('',#3939,1.0);
#3937=VECTOR('',#3940,1.0);
#3938=DIRECTION('',(0.9948036570076475,0,0.10181200324230306));
#3939=DIRECTION('',(0,0,-1));
#3940=DIRECTION('',(-0.9969539530197367,0,-0.07799240705556447));
#3941=FACE_SURFACE('',(#3946),#3942,.T.);
#3942=PLANE('',#3943);
#3943=AXIS2_PLACEMENT_3D('',#199,#3944,#3945);
#3944=DIRECTION('',(0,1,0));
#3945=DIRECTION('',(0.9969539530197367,0,0.07799240705556447));
#3946=FACE_BOUND('',#3947,.T.);
#3947=EDGE_LOOP('',(#3948,#3949,#3950));
#3948=ORIENTED_EDGE('',*,*,#3951,.T.);
#3949=ORIENTED_EDGE('',*,*,#3952,.T.);
#3950=ORIENTED_EDGE('',*,*,#3953,.T.);
#3951=EDGE_CURVE('',#200,#232,#3954,.F.);
#3952=EDGE_CURVE('',#232,#234,#3955,.T.);
#3953=EDGE_CURVE('',#234,#200,#3956,.T.);
#3954=LINE('',#199,#3957);
#3955=LINE('',#231,#3958);
#3956=LINE('',#233,#3959);
#3957=VECTOR('',#3960,1.0);
#3958=VECTOR('',#3961,1.0);
#3959=VECTOR('',#3962,1.0);
#3960=DIRECTION('',(0.9969539530197367,0,0.07799240705556447));
#3961=DIRECTION('',(0.21496291702367934,0,-0.9766222116584645));
#3962=DIRECTION('',(-0.9985236335248354,0,-0.05431899568622448));
#3963=FACE_SURFACE('',(#3968),#3964,.T.);
#3964=PLANE('',#3965);
#3965=AXIS2_PLACEMENT_3D('',#233,#3966,#3967);
#3966=DIRECTION('',(0,1,0));
#3967=DIRECTION('',(0.4198881807978401,0,-0.9075758456604497));
#3968=FACE_BOUND('',#3969,.T.);
#3969=EDGE_LOOP('',(#3970,#3971,#3972));
#3970=ORIENTED_EDGE('',*,*,#3973,.T.);
#3971=ORIENTED_EDGE('',*,*,#3974,.T.);
#3972=ORIENTED_EDGE('',*,*,#3975,.T.);
#3973=EDGE_CURVE('',#234,#236,#3976,.F.);
#3974=EDGE_CURVE('',#236,#200,#3977,.T.);
#3975=EDGE_CURVE('',#200,#234,#3978,.T.);
#3976=LINE('',#233,#3979);
#3977=LINE('',#235,#3980);
#3978=LINE('',#199,#3981);
#3979=VECTOR('',#3982,1.0);
#3980=VECTOR('',#3983,1.0);
#3981=VECTOR('',#3984,1.0);
#3982=DIRECTION('',(0.4198881807978401,0,-0.9075758456604497));
#3983=DIRECTION('',(-0.9994786868040076,0,-0.03228551725675487));
#3984=DIRECTION('',(0.9985236335248354,0,0.05431899568622448));
#3985=FACE_SURFACE('',(#3990),#3986,.T.);
#3986=PLANE('',#3987);
#3987=AXIS2_PLACEMENT_3D('',#199,#3988,#3989);
#3988=DIRECTION('',(0,1,0));
#3989=DIRECTION('',(0.9994786868040076,0,0.03228551725675487));
#3990=FACE_BOUND('',#3991,.T.);
#3991=EDGE_LOOP('',(#3992,#3993,#3994));
#3992=ORIENTED_EDGE('',*,*,#3995,.T.);
#3993=ORIENTED_EDGE('',*,*,#3996,.T.);
#3994=ORIENTED_EDGE('',*,*,#3997,.T.);
#3995=EDGE_CURVE('',#200,#236,#3998,.F.);
#3996=EDGE_CURVE('',#236,#238,#3999,.T.);
#3997=EDGE_CURVE('',#238,#200,#4000,.T.);
#3998=LINE('',#199,#4001);
#3999=LINE('',#235,#4002);
#4000=LINE('',#237,#4003);
#4001=VECTOR('',#4004,1.0);
#4002=VECTOR('',#4005,1.0);
#4003=VECTOR('',#4006,1.0);
#4004=DIRECTION('',(0.9994786868040076,0,0.03228551725675487));
#4005=DIRECTION('',(0.6051672004943406,0,-0.79609839809275));
#4006=DIRECTION('',(-0.9999128163950388,0,-0.01320452986445349));
#4007=FACE_SURFACE('',(#4012),#4008,.T.);
#4008=PLANE('',#4009);
#4009=AXIS2_PLACEMENT_3D('',#199,#4010,#4011);
#4010=DIRECTION('',(-0,1,0));
#4011=DIRECTION('',(0.9999128163950388,0,0.01320452986445349));
#4012=FACE_BOUND('',#4013,.T.);
#4013=EDGE_LOOP('',(#4014,#4015,#4016));
#4014=ORIENTED_EDGE('',*,*,#4017,.T.);
#4015=ORIENTED_EDGE('',*,*,#4018,.T.);
#4016=ORIENTED_EDGE('',*,*,#4019,.T.);
#4017=EDGE_CURVE('',#200,#238,#4020,.F.);
#4018=EDGE_CURVE('',#238,#240,#4021,.T.);
#4019=EDGE_CURVE('',#240,#200,#4022,.T.);
#4020=LINE('',#199,#4023);
#4021=LINE('',#237,#4024);
#4022=LINE('',#239,#4025);
#4023=VECTOR('',#4026,1.0);
#4024=VECTOR('',#4027,1.0);
#4025=VECTOR('',#4028,1.0);
#4026=DIRECTION('',(0.9999128163950388,0,0.01320452986445349));
#4027=DIRECTION('',(0.7621670704122537,0,-0.6473803802859666));
#4028=DIRECTION('',(-0.9999981618501643,0,0.0019173670207786962));
#4029=FACE_SURFACE('',(#4034),#4030,.T.);
#4030=PLANE('',#4031);
#4031=AXIS2_PLACEMENT_3D('',#239,#4032,#4033);
#4032=DIRECTION('',(0,1,0));
#4033=DIRECTION('',(0.8835131217709267,0,-0.4684064086438099));
#4034=FACE_BOUND('',#4035,.T.);
#4035=EDGE_LOOP('',(#4036,#4037,#4038));
#4036=ORIENTED_EDGE('',*,*,#4039,.T.);
#4037=ORIENTED_EDGE('',*,*,#4040,.T.);
#4038=ORIENTED_EDGE('',*,*,#4041,.T.);
#4039=EDGE_CURVE('',#240,#242,#4042,.F.);
#4040=EDGE_CURVE('',#242,#200,#4043,.T.);
#4041=EDGE_CURVE('',#200,#240,#4044,.T.);
#4042=LINE('',#239,#4045);
#4043=LINE('',#241,#4046);
#4044=LINE('',#199,#4047);
#4045=VECTOR('',#4048,1.0);
#4046=VECTOR('',#4049,1.0);
#4047=VECTOR('',#4050,1.0);
#4048=DIRECTION('',(0.8835131217709267,0,-0.4684064086438099));
#4049=DIRECTION('',(-0.9999226421513043,0,0.012438235934187131));
#4050=DIRECTION('',(0.9999981618501643,0,-0.0019173670207786962));
#4051=FACE_SURFACE('',(#4056),#4052,.T.);
#4052=PLANE('',#4053);
#4053=AXIS2_PLACEMENT_3D('',#243,#4054,#4055);
#4054=DIRECTION('',(0,1,0));
#4055=DIRECTION('',(0.9985333316436686,0,-0.05414042479141933));
#4056=FACE_BOUND('',#4057,.T.);
#4057=EDGE_LOOP('',(#4058,#4059,#4060));
#4058=ORIENTED_EDGE('',*,*,#4061,.T.);
#4059=ORIENTED_EDGE('',*,*,#4062,.T.);
#4060=ORIENTED_EDGE('',*,*,#4063,.T.);
#4061=EDGE_CURVE('',#244,#246,#4064,.F.);
#4062=EDGE_CURVE('',#246,#314,#4065,.T.);
#4063=EDGE_CURVE('',#314,#244,#4066,.T.);
#4064=LINE('',#243,#4067);
#4065=LINE('',#245,#4068);
#4066=LINE('',#313,#4069);
#4067=VECTOR('',#4070,1.0);
#4068=VECTOR('',#4071,1.0);
#4069=VECTOR('',#4072,1.0);
#4070=DIRECTION('',(0.9985333316436686,0,-0.05414042479141933));
#4071=DIRECTION('',(0.667809980996745,0,-0.7443318005306016));
#4072=DIRECTION('',(-0.6941332399033584,0,0.7198465428556747));
#4073=FACE_SURFACE('',(#4078),#4074,.T.);
#4074=PLANE('',#4075);
#4075=AXIS2_PLACEMENT_3D('',#313,#4076,#4077);
#4076=DIRECTION('',(0,1,0));
#4077=DIRECTION('',(-0.667809980996745,0,0.7443318005306016));
#4078=FACE_BOUND('',#4079,.T.);
#4079=EDGE_LOOP('',(#4080,#4081,#4082));
#4080=ORIENTED_EDGE('',*,*,#4083,.T.);
#4081=ORIENTED_EDGE('',*,*,#4084,.T.);
#4082=ORIENTED_EDGE('',*,*,#4085,.T.);
#4083=EDGE_CURVE('',#314,#246,#4086,.F.);
#4084=EDGE_CURVE('',#246,#248,#4087,.T.);
#4085=EDGE_CURVE('',#248,#314,#4088,.T.);
#4086=LINE('',#313,#4089);
#4087=LINE('',#245,#4090);
#4088=LINE('',#247,#4091);
#4089=VECTOR('',#4092,1.0);
#4090=VECTOR('',#4093,1.0);
#4091=VECTOR('',#4094,1.0);
#4092=DIRECTION('',(-0.667809980996745,0,0.7443318005306016));
#4093=DIRECTION('',(0.9868263359754732,0,0.16178313455123416));
#4094=DIRECTION('',(0.6330876957968669,0,-0.7740800794689225));
#4095=FACE_SURFACE('',(#4100),#4096,.T.);
#4096=PLANE('',#4097);
#4097=AXIS2_PLACEMENT_3D('',#313,#4098,#4099);
#4098=DIRECTION('',(0,1,0));
#4099=DIRECTION('',(-0.6330876957968669,0,0.7740800794689225));
#4100=FACE_BOUND('',#4101,.T.);
#4101=EDGE_LOOP('',(#4102,#4103,#4104));
#4102=ORIENTED_EDGE('',*,*,#4105,.T.);
#4103=ORIENTED_EDGE('',*,*,#4106,.T.);
#4104=ORIENTED_EDGE('',*,*,#4107,.T.);
#4105=EDGE_CURVE('',#314,#248,#4108,.F.);
#4106=EDGE_CURVE('',#248,#250,#4109,.T.);
#4107=EDGE_CURVE('',#250,#314,#4110,.T.);
#4108=LINE('',#313,#4111);
#4109=LINE('',#247,#4112);
#4110=LINE('',#249,#4113);
#4111=VECTOR('',#4114,1.0);
#4112=VECTOR('',#4115,1.0);
#4113=VECTOR('',#4116,1.0);
#4114=DIRECTION('',(-0.6330876957968669,0,0.7740800794689225));
#4115=DIRECTION('',(0.9289782215994071,0,0.37013438612752925));
#4116=DIRECTION('',(0.5915643082979034,0,-0.8062578180383884));
#4117=FACE_SURFACE('',(#4122),#4118,.T.);
#4118=PLANE('',#4119);
#4119=AXIS2_PLACEMENT_3D('',#249,#4120,#4121);
#4120=DIRECTION('',(-0,1,0));
#4121=DIRECTION('',(0.8276833242310415,0,0.5611954336858531));
#4122=FACE_BOUND('',#4123,.T.);
#4123=EDGE_LOOP('',(#4124,#4125,#4126));
#4124=ORIENTED_EDGE('',*,*,#4127,.T.);
#4125=ORIENTED_EDGE('',*,*,#4128,.T.);
#4126=ORIENTED_EDGE('',*,*,#4129,.T.);
#4127=EDGE_CURVE('',#250,#252,#4130,.F.);
#4128=EDGE_CURVE('',#252,#314,#4131,.T.);
#4129=EDGE_CURVE('',#314,#250,#4132,.T.);
#4130=LINE('',#249,#4133);
#4131=LINE('',#251,#4134);
#4132=LINE('',#313,#4135);
#4133=VECTOR('',#4136,1.0);
#4134=VECTOR('',#4137,1.0);
#4135=VECTOR('',#4138,1.0);
#4136=DIRECTION('',(0.8276833242310415,0,0.5611954336858531));
#4137=DIRECTION('',(0.5462670262225883,0,-0.8376110887887827));
#4138=DIRECTION('',(-0.5915643082979034,0,0.8062578180383884));
#4139=FACE_SURFACE('',(#4144),#4140,.T.);
#4140=PLANE('',#4141);
#4141=AXIS2_PLACEMENT_3D('',#313,#4142,#4143);
#4142=DIRECTION('',(0,1,0));
#4143=DIRECTION('',(-0.5462670262225883,0,0.8376110887887827));
#4144=FACE_BOUND('',#4145,.T.);
#4145=EDGE_LOOP('',(#4146,#4147,#4148));
#4146=ORIENTED_EDGE('',*,*,#4149,.T.);
#4147=ORIENTED_EDGE('',*,*,#4150,.T.);
#4148=ORIENTED_EDGE('',*,*,#4151,.T.);
#4149=EDGE_CURVE('',#314,#252,#4152,.F.);
#4150=EDGE_CURVE('',#252,#254,#4153,.T.);
#4151=EDGE_CURVE('',#254,#314,#4154,.T.);
#4152=LINE('',#313,#4155);
#4153=LINE('',#251,#4156);
#4154=LINE('',#253,#4157);
#4155=VECTOR('',#4158,1.0);
#4156=VECTOR('',#4159,1.0);
#4157=VECTOR('',#4160,1.0);
#4158=DIRECTION('',(-0.5462670262225883,0,0.8376110887887827));
#4159=DIRECTION('',(0.6877039532580914,0,0.7259912345704959));
#4160=DIRECTION('',(0.5012384353990508,0,-0.8653092111371006));
#4161=FACE_SURFACE('',(#4166),#4162,.T.);
#4162=PLANE('',#4163);
#4163=AXIS2_PLACEMENT_3D('',#313,#4164,#4165);
#4164=DIRECTION('',(0,1,0));
#4165=DIRECTION('',(-0.5012384353990508,0,0.8653092111371006));
#4166=FACE_BOUND('',#4167,.T.);
#4167=EDGE_LOOP('',(#4168,#4169,#4170));
#4168=ORIENTED_EDGE('',*,*,#4171,.T.);
#4169=ORIENTED_EDGE('',*,*,#4172,.T.);
#4170=ORIENTED_EDGE('',*,*,#4173,.T.);
#4171=EDGE_CURVE('',#314,#254,#4174,.F.);
#4172=EDGE_CURVE('',#254,#256,#4175,.T.);
#4173=EDGE_CURVE('',#256,#314,#4176,.T.);
#4174=LINE('',#313,#4177);
#4175=LINE('',#253,#4178);
#4176=LINE('',#255,#4179);
#4177=VECTOR('',#4180,1.0);
#4178=VECTOR('',#4181,1.0);
#4179=VECTOR('',#4182,1.0);
#4180=DIRECTION('',(-0.5012384353990508,0,0.8653092111371006));
#4181=DIRECTION('',(0.5155472675340078,0,0.8568611409897278));
#4182=DIRECTION('',(0.460629276296227,0,-0.8875926260502698));
#4183=FACE_SURFACE('',(#4188),#4184,.T.);
#4184=PLANE('',#4185);
#4185=AXIS2_PLACEMENT_3D('',#255,#4186,#4187);
#4186=DIRECTION('',(-0,1,0));
#4187=DIRECTION('',(0.3193062523892255,0,0.9476515800573267));
#4188=FACE_BOUND('',#4189,.T.);
#4189=EDGE_LOOP('',(#4190,#4191,#4192));
#4190=ORIENTED_EDGE('',*,*,#4193,.T.);
#4191=ORIENTED_EDGE('',*,*,#4194,.T.);
#4192=ORIENTED_EDGE('',*,*,#4195,.T.);
#4193=EDGE_CURVE('',#256,#258,#4196,.F.);
#4194=EDGE_CURVE('',#258,#314,#4197,.T.);
#4195=EDGE_CURVE('',#314,#256,#4198,.T.);
#4196=LINE('',#255,#4199);
#4197=LINE('',#257,#4200);
#4198=LINE('',#313,#4201);
#4199=VECTOR('',#4202,1.0);
#4200=VECTOR('',#4203,1.0);
#4201=VECTOR('',#4204,1.0);
#4202=DIRECTION('',(0.3193062523892255,0,0.9476515800573267));
#4203=DIRECTION('',(0.42774169236270965,0,-0.9039010148322023));
#4204=DIRECTION('',(-0.460629276296227,0,0.8875926260502698));
#4205=FACE_SURFACE('',(#4210),#4206,.T.);
#4206=PLANE('',#4207);
#4207=AXIS2_PLACEMENT_3D('',#313,#4208,#4209);
#4208=DIRECTION('',(0,1,-0));
#4209=DIRECTION('',(-0.32153617010491414,0,0.9468972971311428));
#4210=FACE_BOUND('',#4211,.T.);
#4211=EDGE_LOOP('',(#4212,#4213,#4214));
#4212=ORIENTED_EDGE('',*,*,#4215,.T.);
#4213=ORIENTED_EDGE('',*,*,#4216,.T.);
#4214=ORIENTED_EDGE('',*,*,#4217,.T.);
#4215=EDGE_CURVE('',#314,#260,#4218,.F.);
#4216=EDGE_CURVE('',#260,#56,#4219,.T.);
#4217=EDGE_CURVE('',#56,#314,#4220,.T.);
#4218=LINE('',#313,#4221);
#4219=LINE('',#259,#4222);
#4220=LINE('',#55,#4223);
#4221=VECTOR('',#4224,1.0);
#4222=VECTOR('',#4225,1.0);
#4223=VECTOR('',#4226,1.0);
#4224=DIRECTION('',(-0.32153617010491414,0,0.9468972971311428));
#4225=DIRECTION('',(0.2599059413241228,0,0.9656339377136771));
#4226=DIRECTION('',(0,0,-1));
#4227=FACE_SURFACE('',(#4232),#4228,.T.);
#4228=PLANE('',#4229);
#4229=AXIS2_PLACEMENT_3D('',#55,#4230,#4231);
#4230=DIRECTION('',(0,1,0));
#4231=DIRECTION('',(-0.2599059413241228,0,-0.9656339377136771));
#4232=FACE_BOUND('',#4233,.T.);
#4233=EDGE_LOOP('',(#4234,#4235,#4236));
#4234=ORIENTED_EDGE('',*,*,#4237,.T.);
#4235=ORIENTED_EDGE('',*,*,#4238,.T.);
#4236=ORIENTED_EDGE('',*,*,#4239,.T.);
#4237=EDGE_CURVE('',#56,#260,#4240,.F.);
#4238=EDGE_CURVE('',#260,#262,#4241,.T.);
#4239=EDGE_CURVE('',#262,#56,#4242,.T.);
#4240=LINE('',#55,#4243);
#4241=LINE('',#259,#4244);
#4242=LINE('',#261,#4245);
#4243=VECTOR('',#4246,1.0);
#4244=VECTOR('',#4247,1.0);
#4245=VECTOR('',#4248,1.0);
#4246=DIRECTION('',(-0.2599059413241228,0,-0.9656339377136771));
#4247=DIRECTION('',(-0.11608293063333631,0,0.9932395245939301));
#4248=DIRECTION('',(0.26932422629786434,0,0.9630495631737014));
#4249=FACE_SURFACE('',(#4254),#4250,.T.);
#4250=PLANE('',#4251);
#4251=AXIS2_PLACEMENT_3D('',#281,#4252,#4253);
#4252=DIRECTION('',(0,1,0));
#4253=DIRECTION('',(-0.448796107068214,0,-0.893634183701819));
#4254=FACE_BOUND('',#4255,.T.);
#4255=EDGE_LOOP('',(#4256,#4257,#4258));
#4256=ORIENTED_EDGE('',*,*,#4259,.T.);
#4257=ORIENTED_EDGE('',*,*,#4260,.T.);
#4258=ORIENTED_EDGE('',*,*,#4261,.T.);
#4259=EDGE_CURVE('',#282,#284,#4262,.F.);
#4260=EDGE_CURVE('',#284,#194,#4263,.T.);
#4261=EDGE_CURVE('',#194,#282,#4264,.T.);
#4262=LINE('',#281,#4265);
#4263=LINE('',#283,#4266);
#4264=LINE('',#193,#4267);
#4265=VECTOR('',#4268,1.0);
#4266=VECTOR('',#4269,1.0);
#4267=VECTOR('',#4270,1.0);
#4268=DIRECTION('',(-0.448796107068214,0,-0.893634183701819));
#4269=DIRECTION('',(-0.8621112785793363,0,0.5067189984067125));
#4270=DIRECTION('',(0.8715572767404198,0,-0.4902937011229324));
#4271=FACE_SURFACE('',(#4276),#4272,.T.);
#4272=PLANE('',#4273);
#4273=AXIS2_PLACEMENT_3D('',#317,#4274,#4275);
#4274=DIRECTION('',(-0,1,0));
#4275=DIRECTION('',(1,0,0));
#4276=FACE_BOUND('',#4277,.T.);
#4277=EDGE_LOOP('',(#4278,#4279,#4280));
#4278=ORIENTED_EDGE('',*,*,#4281,.T.);
#4279=ORIENTED_EDGE('',*,*,#4282,.T.);
#4280=ORIENTED_EDGE('',*,*,#4283,.T.);
#4281=EDGE_CURVE('',#318,#320,#4284,.F.);
#4282=EDGE_CURVE('',#320,#322,#4285,.T.);
#4283=EDGE_CURVE('',#322,#318,#4286,.T.);
#4284=LINE('',#317,#4287);
#4285=LINE('',#319,#4288);
#4286=LINE('',#321,#4289);
#4287=VECTOR('',#4290,1.0);
#4288=VECTOR('',#4291,1.0);
#4289=VECTOR('',#4292,1.0);
#4290=DIRECTION('',(1,0,0));
#4291=DIRECTION('',(0,0,-1));
#4292=DIRECTION('',(-0.006955031777873038,0,0.9999758134739903));
#4293=FACE_SURFACE('',(#4298),#4294,.T.);
#4294=PLANE('',#4295);
#4295=AXIS2_PLACEMENT_3D('',#325,#4296,#4297);
#4296=DIRECTION('',(-0,1,-0));
#4297=DIRECTION('',(-0.9238827425000258,0,0.382675682674809));
#4298=FACE_BOUND('',#4299,.T.);
#4299=EDGE_LOOP('',(#4300,#4301,#4302));
#4300=ORIENTED_EDGE('',*,*,#4303,.T.);
#4301=ORIENTED_EDGE('',*,*,#4304,.T.);
#4302=ORIENTED_EDGE('',*,*,#4305,.T.);
#4303=EDGE_CURVE('',#326,#328,#4306,.F.);
#4304=EDGE_CURVE('',#328,#324,#4307,.T.);
#4305=EDGE_CURVE('',#324,#326,#4308,.T.);
#4306=LINE('',#325,#4309);
#4307=LINE('',#327,#4310);
#4308=LINE('',#323,#4311);
#4309=VECTOR('',#4312,1.0);
#4310=VECTOR('',#4313,1.0);
#4311=VECTOR('',#4314,1.0);
#4312=DIRECTION('',(-0.9238827425000258,0,0.382675682674809));
#4313=DIRECTION('',(0.9659290119538889,0,-0.2588071557468692));
#4314=DIRECTION('',(-0.9914462622210863,0,0.1305155512873342));
#4315=FACE_SURFACE('',(#4320),#4316,.T.);
#4316=PLANE('',#4317);
#4317=AXIS2_PLACEMENT_3D('',#323,#4318,#4319);
#4318=DIRECTION('',(0,1,0));
#4319=DIRECTION('',(-0.9659290119538889,0,0.2588071557468692));
#4320=FACE_BOUND('',#4321,.T.);
#4321=EDGE_LOOP('',(#4322,#4323,#4324));
#4322=ORIENTED_EDGE('',*,*,#4325,.T.);
#4323=ORIENTED_EDGE('',*,*,#4326,.T.);
#4324=ORIENTED_EDGE('',*,*,#4327,.T.);
#4325=EDGE_CURVE('',#324,#328,#4328,.F.);
#4326=EDGE_CURVE('',#328,#330,#4329,.T.);
#4327=EDGE_CURVE('',#330,#324,#4330,.T.);
#4328=LINE('',#323,#4331);
#4329=LINE('',#327,#4332);
#4330=LINE('',#329,#4333);
#4331=VECTOR('',#4334,1.0);
#4332=VECTOR('',#4335,1.0);
#4333=VECTOR('',#4336,1.0);
#4334=DIRECTION('',(-0.9659290119538889,0,0.2588071557468692));
#4335=DIRECTION('',(-0.7933582005327194,0,0.6087550949663465));
#4336=DIRECTION('',(0.9238829418162262,0,-0.3826752014711634));
#4337=FACE_SURFACE('',(#4342),#4338,.T.);
#4338=PLANE('',#4339);
#4339=AXIS2_PLACEMENT_3D('',#323,#4340,#4341);
#4340=DIRECTION('',(0,1,0));
#4341=DIRECTION('',(-0.9238829418162262,0,0.3826752014711634));
#4342=FACE_BOUND('',#4343,.T.);
#4343=EDGE_LOOP('',(#4344,#4345,#4346));
#4344=ORIENTED_EDGE('',*,*,#4347,.T.);
#4345=ORIENTED_EDGE('',*,*,#4348,.T.);
#4346=ORIENTED_EDGE('',*,*,#4349,.T.);
#4347=EDGE_CURVE('',#324,#330,#4350,.F.);
#4348=EDGE_CURVE('',#330,#332,#4351,.T.);
#4349=EDGE_CURVE('',#332,#324,#4352,.T.);
#4350=LINE('',#323,#4353);
#4351=LINE('',#329,#4354);
#4352=LINE('',#331,#4355);
#4353=VECTOR('',#4356,1.0);
#4354=VECTOR('',#4357,1.0);
#4355=VECTOR('',#4358,1.0);
#4356=DIRECTION('',(-0.9238829418162262,0,0.3826752014711634));
#4357=DIRECTION('',(-0.6087550949663122,0,0.7933582005327457));
#4358=DIRECTION('',(0.8660270528241962,0,-0.49999714376847876));
#4359=FACE_SURFACE('',(#4364),#4360,.T.);
#4360=PLANE('',#4361);
#4361=AXIS2_PLACEMENT_3D('',#333,#4362,#4363);
#4362=DIRECTION('',(0,1,-0));
#4363=DIRECTION('',(-0.13051555128738065,0,0.9914462622210803));
#4364=FACE_BOUND('',#4365,.T.);
#4365=EDGE_LOOP('',(#4366,#4367,#4368));
#4366=ORIENTED_EDGE('',*,*,#4369,.T.);
#4367=ORIENTED_EDGE('',*,*,#4370,.T.);
#4368=ORIENTED_EDGE('',*,*,#4371,.T.);
#4369=EDGE_CURVE('',#334,#336,#4372,.F.);
#4370=EDGE_CURVE('',#336,#106,#4373,.T.);
#4371=EDGE_CURVE('',#106,#334,#4374,.T.);
#4372=LINE('',#333,#4375);
#4373=LINE('',#335,#4376);
#4374=LINE('',#105,#4377);
#4375=VECTOR('',#4378,1.0);
#4376=VECTOR('',#4379,1.0);
#4377=VECTOR('',#4380,1.0);
#4378=DIRECTION('',(-0.13051555128738065,0,0.9914462622210803));
#4379=DIRECTION('',(0.9532545753111645,0,0.3021683548095848));
#4380=DIRECTION('',(-0.9105073345914669,0,-0.4134929185066446));
#4381=FACE_SURFACE('',(#4386),#4382,.T.);
#4382=PLANE('',#4383);
#4383=AXIS2_PLACEMENT_3D('',#339,#4384,#4385);
#4384=DIRECTION('',(0,1,0));
#4385=DIRECTION('',(0.38266891104099554,0,0.9238855473069696));
#4386=FACE_BOUND('',#4387,.T.);
#4387=EDGE_LOOP('',(#4388,#4389,#4390));
#4388=ORIENTED_EDGE('',*,*,#4391,.T.);
#4389=ORIENTED_EDGE('',*,*,#4392,.T.);
#4390=ORIENTED_EDGE('',*,*,#4393,.T.);
#4391=EDGE_CURVE('',#340,#342,#4394,.F.);
#4392=EDGE_CURVE('',#342,#70,#4395,.T.);
#4393=EDGE_CURVE('',#70,#340,#4396,.T.);
#4394=LINE('',#339,#4397);
#4395=LINE('',#341,#4398);
#4396=LINE('',#69,#4399);
#4397=VECTOR('',#4400,1.0);
#4398=VECTOR('',#4401,1.0);
#4399=VECTOR('',#4402,1.0);
#4400=DIRECTION('',(0.38266891104099554,0,0.9238855473069696));
#4401=DIRECTION('',(0.8660270528241962,0,0.49999714376847876));
#4402=DIRECTION('',(-0.7933539840344317,0,-0.608760590065335));
#4403=FACE_SURFACE('',(#4408),#4404,.T.);
#4404=PLANE('',#4405);
#4405=AXIS2_PLACEMENT_3D('',#69,#4406,#4407);
#4406=DIRECTION('',(0,1,0));
#4407=DIRECTION('',(-0.8660270528241962,0,-0.49999714376847876));
#4408=FACE_BOUND('',#4409,.T.);
#4409=EDGE_LOOP('',(#4410,#4411,#4412));
#4410=ORIENTED_EDGE('',*,*,#4413,.T.);
#4411=ORIENTED_EDGE('',*,*,#4414,.T.);
#4412=ORIENTED_EDGE('',*,*,#4415,.T.);
#4413=EDGE_CURVE('',#70,#342,#4416,.F.);
#4414=EDGE_CURVE('',#342,#344,#4417,.T.);
#4415=EDGE_CURVE('',#344,#70,#4418,.T.);
#4416=LINE('',#69,#4419);
#4417=LINE('',#341,#4420);
#4418=LINE('',#343,#4421);
#4419=VECTOR('',#4422,1.0);
#4420=VECTOR('',#4423,1.0);
#4421=VECTOR('',#4424,1.0);
#4422=DIRECTION('',(-0.8660270528241962,0,-0.49999714376847876));
#4423=DIRECTION('',(0.6087661952177046,0,0.7933496830277047));
#4424=DIRECTION('',(0.9238801702213284,0,0.38268189279322995));
#4425=FACE_SURFACE('',(#4430),#4426,.T.);
#4426=PLANE('',#4427);
#4427=AXIS2_PLACEMENT_3D('',#69,#4428,#4429);
#4428=DIRECTION('',(0,1,0));
#4429=DIRECTION('',(-0.9238801702213284,0,-0.38268189279322995));
#4430=FACE_BOUND('',#4431,.T.);
#4431=EDGE_LOOP('',(#4432,#4433,#4434));
#4432=ORIENTED_EDGE('',*,*,#4435,.T.);
#4433=ORIENTED_EDGE('',*,*,#4436,.T.);
#4434=ORIENTED_EDGE('',*,*,#4437,.T.);
#4435=EDGE_CURVE('',#70,#344,#4438,.F.);
#4436=EDGE_CURVE('',#344,#346,#4439,.T.);
#4437=EDGE_CURVE('',#346,#70,#4440,.T.);
#4438=LINE('',#69,#4441);
#4439=LINE('',#343,#4442);
#4440=LINE('',#345,#4443);
#4441=VECTOR('',#4444,1.0);
#4442=VECTOR('',#4445,1.0);
#4443=VECTOR('',#4446,1.0);
#4444=DIRECTION('',(-0.9238801702213284,0,-0.38268189279322995));
#4445=DIRECTION('',(0.7933582005327358,0,0.608755094966325));
#4446=DIRECTION('',(0.9659261142385615,0,0.25881797045799115));
#4447=FACE_SURFACE('',(#4452),#4448,.T.);
#4448=PLANE('',#4449);
#4449=AXIS2_PLACEMENT_3D('',#345,#4450,#4451);
#4450=DIRECTION('',(0,1,0));
#4451=DIRECTION('',(0.9238773250445146,0,0.3826887616178353));
#4452=FACE_BOUND('',#4453,.T.);
#4453=EDGE_LOOP('',(#4454,#4455,#4456));
#4454=ORIENTED_EDGE('',*,*,#4457,.T.);
#4455=ORIENTED_EDGE('',*,*,#4458,.T.);
#4456=ORIENTED_EDGE('',*,*,#4459,.T.);
#4457=EDGE_CURVE('',#346,#348,#4460,.F.);
#4458=EDGE_CURVE('',#348,#70,#4461,.T.);
#4459=EDGE_CURVE('',#70,#346,#4462,.T.);
#4460=LINE('',#345,#4463);
#4461=LINE('',#347,#4464);
#4462=LINE('',#69,#4465);
#4463=VECTOR('',#4466,1.0);
#4464=VECTOR('',#4467,1.0);
#4465=VECTOR('',#4468,1.0);
#4466=DIRECTION('',(0.9238773250445146,0,0.3826887616178353));
#4467=DIRECTION('',(0.9914452708456175,0,0.13052308193518955));
#4468=DIRECTION('',(-0.9659261142385615,0,-0.25881797045799115));
#4469=FACE_SURFACE('',(#4474),#4470,.T.);
#4470=PLANE('',#4471);
#4471=AXIS2_PLACEMENT_3D('',#337,#4472,#4473);
#4472=DIRECTION('',(-0.9914459359552938,0,0.13051802970368317));
#4473=DIRECTION('',(0,-1,0));
#4474=FACE_BOUND('',#4475,.T.);
#4475=EDGE_LOOP('',(#4476,#4477,#4478));
#4476=ORIENTED_EDGE('',*,*,#4479,.T.);
#4477=ORIENTED_EDGE('',*,*,#4480,.T.);
#4478=ORIENTED_EDGE('',*,*,#4481,.T.);
#4479=EDGE_CURVE('',#338,#350,#4482,.F.);
#4480=EDGE_CURVE('',#350,#340,#4483,.T.);
#4481=EDGE_CURVE('',#340,#338,#4484,.T.);
#4482=LINE('',#337,#4485);
#4483=LINE('',#349,#4486);
#4484=LINE('',#339,#4487);
#4485=VECTOR('',#4488,1.0);
#4486=VECTOR('',#4489,1.0);
#4487=VECTOR('',#4490,1.0);
#4488=DIRECTION('',(0,-1,0));
#4489=DIRECTION('',(0.007154735668444779,0.998496363684138,0.05434907052625988));
#4490=DIRECTION('',(-0.13051802970368315,0,-0.9914459359552937));
#4491=FACE_SURFACE('',(#4496),#4492,.T.);
#4492=PLANE('',#4493);
#4493=AXIS2_PLACEMENT_3D('',#339,#4494,#4495);
#4494=DIRECTION('',(-0.9914459359552938,0,0.13051802970368317));
#4495=DIRECTION('',(-0.007154735668444779,-0.998496363684138,-0.05434907052625988));
#4496=FACE_BOUND('',#4497,.T.);
#4497=EDGE_LOOP('',(#4498,#4499,#4500));
#4498=ORIENTED_EDGE('',*,*,#4501,.T.);
#4499=ORIENTED_EDGE('',*,*,#4502,.T.);
#4500=ORIENTED_EDGE('',*,*,#4503,.T.);
#4501=EDGE_CURVE('',#340,#350,#4504,.F.);
#4502=EDGE_CURVE('',#350,#352,#4505,.T.);
#4503=EDGE_CURVE('',#352,#340,#4506,.T.);
#4504=LINE('',#339,#4507);
#4505=LINE('',#349,#4508);
#4506=LINE('',#351,#4509);
#4507=VECTOR('',#4510,1.0);
#4508=VECTOR('',#4511,1.0);
#4509=VECTOR('',#4512,1.0);
#4510=DIRECTION('',(-0.007154735668444779,-0.998496363684138,-0.05434907052625988));
#4511=DIRECTION('',(0.13051802970368315,0,0.9914459359552937));
#4512=DIRECTION('',(0,1,0));
#4513=FACE_SURFACE('',(#4518),#4514,.T.);
#4514=PLANE('',#4515);
#4515=AXIS2_PLACEMENT_3D('',#339,#4516,#4517);
#4516=DIRECTION('',(-0.9238855473069696,0,0.38266891104099554));
#4517=DIRECTION('',(0,-1,0));
#4518=FACE_BOUND('',#4519,.T.);
#4519=EDGE_LOOP('',(#4520,#4521,#4522));
#4520=ORIENTED_EDGE('',*,*,#4523,.T.);
#4521=ORIENTED_EDGE('',*,*,#4524,.T.);
#4522=ORIENTED_EDGE('',*,*,#4525,.T.);
#4523=EDGE_CURVE('',#340,#352,#4526,.F.);
#4524=EDGE_CURVE('',#352,#342,#4527,.T.);
#4525=EDGE_CURVE('',#342,#340,#4528,.T.);
#4526=LINE('',#339,#4529);
#4527=LINE('',#351,#4530);
#4528=LINE('',#341,#4531);
#4529=VECTOR('',#4532,1.0);
#4530=VECTOR('',#4533,1.0);
#4531=VECTOR('',#4534,1.0);
#4532=DIRECTION('',(0,-1,0));
#4533=DIRECTION('',(0.020977033494178853,0.9984963788822308,0.050645290253458375));
#4534=DIRECTION('',(-0.38266891104099554,0,-0.9238855473069696));
#4535=FACE_SURFACE('',(#4540),#4536,.T.);
#4536=PLANE('',#4537);
#4537=AXIS2_PLACEMENT_3D('',#341,#4538,#4539);
#4538=DIRECTION('',(-0.9238855473069696,0,0.38266891104099554));
#4539=DIRECTION('',(-0.020977033494178853,-0.9984963788822308,-0.050645290253458375));
#4540=FACE_BOUND('',#4541,.T.);
#4541=EDGE_LOOP('',(#4542,#4543,#4544));
#4542=ORIENTED_EDGE('',*,*,#4545,.T.);
#4543=ORIENTED_EDGE('',*,*,#4546,.T.);
#4544=ORIENTED_EDGE('',*,*,#4547,.T.);
#4545=EDGE_CURVE('',#342,#352,#4548,.F.);
#4546=EDGE_CURVE('',#352,#354,#4549,.T.);
#4547=EDGE_CURVE('',#354,#342,#4550,.T.);
#4548=LINE('',#341,#4551);
#4549=LINE('',#351,#4552);
#4550=LINE('',#353,#4553);
#4551=VECTOR('',#4554,1.0);
#4552=VECTOR('',#4555,1.0);
#4553=VECTOR('',#4556,1.0);
#4554=DIRECTION('',(-0.020977033494178853,-0.9984963788822308,-0.050645290253458375));
#4555=DIRECTION('',(0.38266891104099554,0,0.9238855473069696));
#4556=DIRECTION('',(0,1,0));
#4557=FACE_SURFACE('',(#4562),#4558,.T.);
#4558=PLANE('',#4559);
#4559=AXIS2_PLACEMENT_3D('',#341,#4560,#4561);
#4560=DIRECTION('',(-0.7933496830277048,0,0.6087661952177047));
#4561=DIRECTION('',(0,-1,0));
#4562=FACE_BOUND('',#4563,.T.);
#4563=EDGE_LOOP('',(#4564,#4565,#4566));
#4564=ORIENTED_EDGE('',*,*,#4567,.T.);
#4565=ORIENTED_EDGE('',*,*,#4568,.T.);
#4566=ORIENTED_EDGE('',*,*,#4569,.T.);
#4567=EDGE_CURVE('',#342,#354,#4570,.F.);
#4568=EDGE_CURVE('',#354,#344,#4571,.T.);
#4569=EDGE_CURVE('',#344,#342,#4572,.T.);
#4570=LINE('',#341,#4573);
#4571=LINE('',#353,#4574);
#4572=LINE('',#343,#4575);
#4573=VECTOR('',#4576,1.0);
#4574=VECTOR('',#4577,1.0);
#4575=VECTOR('',#4578,1.0);
#4576=DIRECTION('',(0,-1,0));
#4577=DIRECTION('',(0.03337140717501081,0.9984963573947994,0.043489923574050196));
#4578=DIRECTION('',(-0.6087661952177046,0,-0.7933496830277047));
#4579=FACE_SURFACE('',(#4584),#4580,.T.);
#4580=PLANE('',#4581);
#4581=AXIS2_PLACEMENT_3D('',#343,#4582,#4583);
#4582=DIRECTION('',(-0.7933496830277048,0,0.6087661952177047));
#4583=DIRECTION('',(-0.03337140717501081,-0.9984963573947994,-0.043489923574050196));
#4584=FACE_BOUND('',#4585,.T.);
#4585=EDGE_LOOP('',(#4586,#4587,#4588));
#4586=ORIENTED_EDGE('',*,*,#4589,.T.);
#4587=ORIENTED_EDGE('',*,*,#4590,.T.);
#4588=ORIENTED_EDGE('',*,*,#4591,.T.);
#4589=EDGE_CURVE('',#344,#354,#4592,.F.);
#4590=EDGE_CURVE('',#354,#356,#4593,.T.);
#4591=EDGE_CURVE('',#356,#344,#4594,.T.);
#4592=LINE('',#343,#4595);
#4593=LINE('',#353,#4596);
#4594=LINE('',#355,#4597);
#4595=VECTOR('',#4598,1.0);
#4596=VECTOR('',#4599,1.0);
#4597=VECTOR('',#4600,1.0);
#4598=DIRECTION('',(-0.03337140717501081,-0.9984963573947994,-0.043489923574050196));
#4599=DIRECTION('',(0.6087661952177046,0,0.7933496830277047));
#4600=DIRECTION('',(0,1,0));
#4601=FACE_SURFACE('',(#4606),#4602,.T.);
#4602=PLANE('',#4603);
#4603=AXIS2_PLACEMENT_3D('',#343,#4604,#4605);
#4604=DIRECTION('',(-0.6087550949663251,0,0.7933582005327359));
#4605=DIRECTION('',(0,-1,0));
#4606=FACE_BOUND('',#4607,.T.);
#4607=EDGE_LOOP('',(#4608,#4609,#4610));
#4608=ORIENTED_EDGE('',*,*,#4611,.T.);
#4609=ORIENTED_EDGE('',*,*,#4612,.T.);
#4610=ORIENTED_EDGE('',*,*,#4613,.T.);
#4611=EDGE_CURVE('',#344,#356,#4614,.F.);
#4612=EDGE_CURVE('',#356,#346,#4615,.T.);
#4613=EDGE_CURVE('',#346,#344,#4616,.T.);
#4614=LINE('',#343,#4617);
#4615=LINE('',#355,#4618);
#4616=LINE('',#345,#4619);
#4617=VECTOR('',#4620,1.0);
#4618=VECTOR('',#4621,1.0);
#4619=VECTOR('',#4622,1.0);
#4620=DIRECTION('',(0,-1,0));
#4621=DIRECTION('',(0.043491181123255174,0.9984963026820426,0.0333714053464207));
#4622=DIRECTION('',(-0.7933582005327358,0,-0.608755094966325));
#4623=FACE_SURFACE('',(#4628),#4624,.T.);
#4624=PLANE('',#4625);
#4625=AXIS2_PLACEMENT_3D('',#345,#4626,#4627);
#4626=DIRECTION('',(-0.6087550949663251,0,0.7933582005327359));
#4627=DIRECTION('',(-0.043491181123255174,-0.9984963026820426,-0.0333714053464207));
#4628=FACE_BOUND('',#4629,.T.);
#4629=EDGE_LOOP('',(#4630,#4631,#4632));
#4630=ORIENTED_EDGE('',*,*,#4633,.T.);
#4631=ORIENTED_EDGE('',*,*,#4634,.T.);
#4632=ORIENTED_EDGE('',*,*,#4635,.T.);
#4633=EDGE_CURVE('',#346,#356,#4636,.F.);
#4634=EDGE_CURVE('',#356,#358,#4637,.T.);
#4635=EDGE_CURVE('',#358,#346,#4638,.T.);
#4636=LINE('',#345,#4639);
#4637=LINE('',#355,#4640);
#4638=LINE('',#357,#4641);
#4639=VECTOR('',#4642,1.0);
#4640=VECTOR('',#4643,1.0);
#4641=VECTOR('',#4644,1.0);
#4642=DIRECTION('',(-0.043491181123255174,-0.9984963026820426,-0.0333714053464207));
#4643=DIRECTION('',(0.7933582005327358,0,0.608755094966325));
#4644=DIRECTION('',(0,1,0));
#4645=FACE_SURFACE('',(#4650),#4646,.T.);
#4646=PLANE('',#4647);
#4647=AXIS2_PLACEMENT_3D('',#345,#4648,#4649);
#4648=DIRECTION('',(-0.38268876161783527,0,0.9238773250445146));
#4649=DIRECTION('',(0,-1,0));
#4650=FACE_BOUND('',#4651,.T.);
#4651=EDGE_LOOP('',(#4652,#4653,#4654));
#4652=ORIENTED_EDGE('',*,*,#4655,.T.);
#4653=ORIENTED_EDGE('',*,*,#4656,.T.);
#4654=ORIENTED_EDGE('',*,*,#4657,.T.);
#4655=EDGE_CURVE('',#346,#358,#4658,.F.);
#4656=EDGE_CURVE('',#358,#348,#4659,.T.);
#4657=EDGE_CURVE('',#348,#346,#4660,.T.);
#4658=LINE('',#345,#4661);
#4659=LINE('',#357,#4662);
#4660=LINE('',#347,#4663);
#4661=VECTOR('',#4664,1.0);
#4662=VECTOR('',#4665,1.0);
#4663=VECTOR('',#4666,1.0);
#4664=DIRECTION('',(0,-1,0));
#4665=DIRECTION('',(0.05064424211045167,0.998496414382806,0.020977874194919498));
#4666=DIRECTION('',(-0.9238773250445146,0,-0.3826887616178353));
#4667=FACE_SURFACE('',(#4672),#4668,.T.);
#4668=PLANE('',#4669);
#4669=AXIS2_PLACEMENT_3D('',#347,#4670,#4671);
#4670=DIRECTION('',(-0.38268876161783527,0,0.9238773250445146));
#4671=DIRECTION('',(-0.05064424211045167,-0.998496414382806,-0.020977874194919498));
#4672=FACE_BOUND('',#4673,.T.);
#4673=EDGE_LOOP('',(#4674,#4675,#4676));
#4674=ORIENTED_EDGE('',*,*,#4677,.T.);
#4675=ORIENTED_EDGE('',*,*,#4678,.T.);
#4676=ORIENTED_EDGE('',*,*,#4679,.T.);
#4677=EDGE_CURVE('',#348,#358,#4680,.F.);
#4678=EDGE_CURVE('',#358,#360,#4681,.T.);
#4679=EDGE_CURVE('',#360,#348,#4682,.T.);
#4680=LINE('',#347,#4683);
#4681=LINE('',#357,#4684);
#4682=LINE('',#359,#4685);
#4683=VECTOR('',#4686,1.0);
#4684=VECTOR('',#4687,1.0);
#4685=VECTOR('',#4688,1.0);
#4686=DIRECTION('',(-0.05064424211045167,-0.998496414382806,-0.020977874194919498));
#4687=DIRECTION('',(0.9238773250445146,0,0.3826887616178353));
#4688=DIRECTION('',(0,1,0));
#4689=FACE_SURFACE('',(#4694),#4690,.T.);
#4690=PLANE('',#4691);
#4691=AXIS2_PLACEMENT_3D('',#347,#4692,#4693);
#4692=DIRECTION('',(-0.13052308193518952,0,0.9914452708456174));
#4693=DIRECTION('',(0,-1,0));
#4694=FACE_BOUND('',#4695,.T.);
#4695=EDGE_LOOP('',(#4696,#4697,#4698));
#4696=ORIENTED_EDGE('',*,*,#4699,.T.);
#4697=ORIENTED_EDGE('',*,*,#4700,.T.);
#4698=ORIENTED_EDGE('',*,*,#4701,.T.);
#4699=EDGE_CURVE('',#348,#360,#4702,.F.);
#4700=EDGE_CURVE('',#360,#70,#4703,.T.);
#4701=EDGE_CURVE('',#70,#348,#4704,.T.);
#4702=LINE('',#347,#4705);
#4703=LINE('',#359,#4706);
#4704=LINE('',#69,#4707);
#4705=VECTOR('',#4708,1.0);
#4706=VECTOR('',#4709,1.0);
#4707=VECTOR('',#4710,1.0);
#4708=DIRECTION('',(0,-1,0));
#4709=DIRECTION('',(0.05435011720510465,0.9984963037055397,0.007155155216080162));
#4710=DIRECTION('',(-0.9914452708456175,0,-0.13052308193518955));
#4711=FACE_SURFACE('',(#4716),#4712,.T.);
#4712=PLANE('',#4713);
#4713=AXIS2_PLACEMENT_3D('',#69,#4714,#4715);
#4714=DIRECTION('',(-0.13052308193518952,0,0.9914452708456174));
#4715=DIRECTION('',(-0.05435011720510465,-0.9984963037055397,-0.007155155216080162));
#4716=FACE_BOUND('',#4717,.T.);
#4717=EDGE_LOOP('',(#4718,#4719,#4720));
#4718=ORIENTED_EDGE('',*,*,#4721,.T.);
#4719=ORIENTED_EDGE('',*,*,#4722,.T.);
#4720=ORIENTED_EDGE('',*,*,#4723,.T.);
#4721=EDGE_CURVE('',#70,#360,#4724,.F.);
#4722=EDGE_CURVE('',#360,#72,#4725,.T.);
#4723=EDGE_CURVE('',#72,#70,#4726,.T.);
#4724=LINE('',#69,#4727);
#4725=LINE('',#359,#4728);
#4726=LINE('',#71,#4729);
#4727=VECTOR('',#4730,1.0);
#4728=VECTOR('',#4731,1.0);
#4729=VECTOR('',#4732,1.0);
#4730=DIRECTION('',(-0.05435011720510465,-0.9984963037055397,-0.007155155216080162));
#4731=DIRECTION('',(0.9914452708456175,0,0.13052308193518955));
#4732=DIRECTION('',(0,1,0));
#4733=FACE_SURFACE('',(#4738),#4734,.T.);
#4734=PLANE('',#4735);
#4735=AXIS2_PLACEMENT_3D('',#51,#4736,#4737);
#4736=DIRECTION('',(0,-1,-0));
#4737=DIRECTION('',(-0.9105084911825991,0,-0.4134903716949005));
#4738=FACE_BOUND('',#4739,.T.);
#4739=EDGE_LOOP('',(#4740,#4741,#4742));
#4740=ORIENTED_EDGE('',*,*,#4743,.T.);
#4741=ORIENTED_EDGE('',*,*,#4744,.T.);
#4742=ORIENTED_EDGE('',*,*,#4745,.T.);
#4743=EDGE_CURVE('',#52,#478,#4746,.F.);
#4744=EDGE_CURVE('',#478,#54,#4747,.T.);
#4745=EDGE_CURVE('',#54,#52,#4748,.T.);
#4746=LINE('',#51,#4749);
#4747=LINE('',#477,#4750);
#4748=LINE('',#53,#4751);
#4749=VECTOR('',#4752,1.0);
#4750=VECTOR('',#4753,1.0);
#4751=VECTOR('',#4754,1.0);
#4752=DIRECTION('',(-0.9105084911825991,0,-0.4134903716949005));
#4753=DIRECTION('',(0.9532543007321932,0,0.302169221026195));
#4754=DIRECTION('',(-0.13048790633420723,0,0.9914499010542666));
#4755=FACE_SURFACE('',(#4760),#4756,.T.);
#4756=PLANE('',#4757);
#4757=AXIS2_PLACEMENT_3D('',#53,#4758,#4759);
#4758=DIRECTION('',(0,-1,0));
#4759=DIRECTION('',(-0.9532543007321932,0,-0.302169221026195));
#4760=FACE_BOUND('',#4761,.T.);
#4761=EDGE_LOOP('',(#4762,#4763,#4764));
#4762=ORIENTED_EDGE('',*,*,#4765,.T.);
#4763=ORIENTED_EDGE('',*,*,#4766,.T.);
#4764=ORIENTED_EDGE('',*,*,#4767,.T.);
#4765=EDGE_CURVE('',#54,#478,#4768,.F.);
#4766=EDGE_CURVE('',#478,#480,#4769,.T.);
#4767=EDGE_CURVE('',#480,#54,#4770,.T.);
#4768=LINE('',#53,#4771);
#4769=LINE('',#477,#4772);
#4770=LINE('',#479,#4773);
#4771=VECTOR('',#4774,1.0);
#4772=VECTOR('',#4775,1.0);
#4773=VECTOR('',#4776,1.0);
#4774=DIRECTION('',(-0.9532543007321932,0,-0.302169221026195));
#4775=DIRECTION('',(0.7933468437557828,0,-0.6087698953650201));
#4776=DIRECTION('',(0.9145575454048447,0,0.4044558024593855));
#4777=FACE_SURFACE('',(#4782),#4778,.T.);
#4778=PLANE('',#4779);
#4779=AXIS2_PLACEMENT_3D('',#53,#4780,#4781);
#4780=DIRECTION('',(0,-1,0));
#4781=DIRECTION('',(-0.9145575454048447,0,-0.4044558024593855));
#4782=FACE_BOUND('',#4783,.T.);
#4783=EDGE_LOOP('',(#4784,#4785,#4786));
#4784=ORIENTED_EDGE('',*,*,#4787,.T.);
#4785=ORIENTED_EDGE('',*,*,#4788,.T.);
#4786=ORIENTED_EDGE('',*,*,#4789,.T.);
#4787=EDGE_CURVE('',#54,#480,#4790,.F.);
#4788=EDGE_CURVE('',#480,#482,#4791,.T.);
#4789=EDGE_CURVE('',#482,#54,#4792,.T.);
#4790=LINE('',#53,#4793);
#4791=LINE('',#479,#4794);
#4792=LINE('',#481,#4795);
#4793=VECTOR('',#4796,1.0);
#4794=VECTOR('',#4797,1.0);
#4795=VECTOR('',#4798,1.0);
#4796=DIRECTION('',(-0.9145575454048447,0,-0.4044558024593855));
#4797=DIRECTION('',(0.6087469064973243,0,-0.7933644835949852));
#4798=DIRECTION('',(0.8529438943361553,0,0.5220025987623755));
#4799=FACE_SURFACE('',(#4804),#4800,.T.);
#4800=PLANE('',#4801);
#4801=AXIS2_PLACEMENT_3D('',#51,#4802,#4803);
#4802=DIRECTION('',(-0,-1,0));
#4803=DIRECTION('',(-0.38274738033605527,0,0.9238530418015015));
#4804=FACE_BOUND('',#4805,.T.);
#4805=EDGE_LOOP('',(#4806,#4807,#4808));
#4806=ORIENTED_EDGE('',*,*,#4809,.T.);
#4807=ORIENTED_EDGE('',*,*,#4810,.T.);
#4808=ORIENTED_EDGE('',*,*,#4811,.T.);
#4809=EDGE_CURVE('',#52,#50,#4812,.F.);
#4810=EDGE_CURVE('',#50,#478,#4813,.T.);
#4811=EDGE_CURVE('',#478,#52,#4814,.T.);
#4812=LINE('',#51,#4815);
#4813=LINE('',#49,#4816);
#4814=LINE('',#477,#4817);
#4815=VECTOR('',#4818,1.0);
#4816=VECTOR('',#4819,1.0);
#4817=VECTOR('',#4820,1.0);
#4818=DIRECTION('',(-0.38274738033605527,0,0.9238530418015015));
#4819=DIRECTION('',(-0.8545770268864128,0,-0.5193246625358547));
#4820=DIRECTION('',(0.9105084911825991,0,0.4134903716949005));
#4821=FACE_SURFACE('',(#4826),#4822,.T.);
#4822=PLANE('',#4823);
#4823=AXIS2_PLACEMENT_3D('',#477,#4824,#4825);
#4824=DIRECTION('',(0,-1,0));
#4825=DIRECTION('',(0.8545770268864128,0,0.5193246625358547));
#4826=FACE_BOUND('',#4827,.T.);
#4827=EDGE_LOOP('',(#4828,#4829,#4830));
#4828=ORIENTED_EDGE('',*,*,#4831,.T.);
#4829=ORIENTED_EDGE('',*,*,#4832,.T.);
#4830=ORIENTED_EDGE('',*,*,#4833,.T.);
#4831=EDGE_CURVE('',#478,#50,#4834,.F.);
#4832=EDGE_CURVE('',#50,#42,#4835,.T.);
#4833=EDGE_CURVE('',#42,#478,#4836,.T.);
#4834=LINE('',#477,#4837);
#4835=LINE('',#49,#4838);
#4836=LINE('',#41,#4839);
#4837=VECTOR('',#4840,1.0);
#4838=VECTOR('',#4841,1.0);
#4839=VECTOR('',#4842,1.0);
#4840=DIRECTION('',(0.8545770268864128,0,0.5193246625358547));
#4841=DIRECTION('',(-0.8660230528096032,0,0.5000040719857541));
#4842=DIRECTION('',(-0.5220049229295747,0,-0.852942471938928));
#4843=FACE_SURFACE('',(#4848),#4844,.T.);
#4844=PLANE('',#4845);
#4845=AXIS2_PLACEMENT_3D('',#477,#4846,#4847);
#4846=DIRECTION('',(0,-1,0));
#4847=DIRECTION('',(0.5220049229295747,0,0.852942471938928));
#4848=FACE_BOUND('',#4849,.T.);
#4849=EDGE_LOOP('',(#4850,#4851,#4852));
#4850=ORIENTED_EDGE('',*,*,#4853,.T.);
#4851=ORIENTED_EDGE('',*,*,#4854,.T.);
#4852=ORIENTED_EDGE('',*,*,#4855,.T.);
#4853=EDGE_CURVE('',#478,#42,#4856,.F.);
#4854=EDGE_CURVE('',#42,#476,#4857,.T.);
#4855=EDGE_CURVE('',#476,#478,#4858,.T.);
#4856=LINE('',#477,#4859);
#4857=LINE('',#41,#4860);
#4858=LINE('',#475,#4861);
#4859=VECTOR('',#4862,1.0);
#4860=VECTOR('',#4863,1.0);
#4861=VECTOR('',#4864,1.0);
#4862=DIRECTION('',(0.5220049229295747,0,0.852942471938928));
#4863=DIRECTION('',(-0.6289883676216783,0,-0.7774147113327714));
#4864=DIRECTION('',(0.923881812944605,0,-0.38267792686564767));
#4865=FACE_SURFACE('',(#4870),#4866,.T.);
#4866=PLANE('',#4867);
#4867=AXIS2_PLACEMENT_3D('',#475,#4868,#4869);
#4868=DIRECTION('',(0,-1,0));
#4869=DIRECTION('',(0.6289883676216783,0,0.7774147113327714));
#4870=FACE_BOUND('',#4871,.T.);
#4871=EDGE_LOOP('',(#4872,#4873,#4874));
#4872=ORIENTED_EDGE('',*,*,#4875,.T.);
#4873=ORIENTED_EDGE('',*,*,#4876,.T.);
#4874=ORIENTED_EDGE('',*,*,#4877,.T.);
#4875=EDGE_CURVE('',#476,#42,#4878,.F.);
#4876=EDGE_CURVE('',#42,#474,#4879,.T.);
#4877=EDGE_CURVE('',#474,#476,#4880,.T.);
#4878=LINE('',#475,#4881);
#4879=LINE('',#41,#4882);
#4880=LINE('',#473,#4883);
#4881=VECTOR('',#4884,1.0);
#4882=VECTOR('',#4885,1.0);
#4883=VECTOR('',#4886,1.0);
#4884=DIRECTION('',(0.6289883676216783,0,0.7774147113327714));
#4885=DIRECTION('',(-0.7071067811865476,0,-0.7071067811865476));
#4886=DIRECTION('',(0.9914447487517163,0,-0.13052704766693377));
#4887=FACE_SURFACE('',(#4892),#4888,.T.);
#4888=PLANE('',#4889);
#4889=AXIS2_PLACEMENT_3D('',#473,#4890,#4891);
#4890=DIRECTION('',(-0,-1,0));
#4891=DIRECTION('',(0.7071067811865476,0,0.7071067811865476));
#4892=FACE_BOUND('',#4893,.T.);
#4893=EDGE_LOOP('',(#4894,#4895,#4896));
#4894=ORIENTED_EDGE('',*,*,#4897,.T.);
#4895=ORIENTED_EDGE('',*,*,#4898,.T.);
#4896=ORIENTED_EDGE('',*,*,#4899,.T.);
#4897=EDGE_CURVE('',#474,#42,#4900,.F.);
#4898=EDGE_CURVE('',#42,#472,#4901,.T.);
#4899=EDGE_CURVE('',#472,#474,#4902,.T.);
#4900=LINE('',#473,#4903);
#4901=LINE('',#41,#4904);
#4902=LINE('',#471,#4905);
#4903=VECTOR('',#4906,1.0);
#4904=VECTOR('',#4907,1.0);
#4905=VECTOR('',#4908,1.0);
#4906=DIRECTION('',(0.7071067811865476,0,0.7071067811865476));
#4907=DIRECTION('',(-0.7536141169640526,0,-0.6573170944928264));
#4908=DIRECTION('',(0.9914447487517183,0,0.1305270476669197));
#4909=FACE_SURFACE('',(#4914),#4910,.T.);
#4910=PLANE('',#4911);
#4911=AXIS2_PLACEMENT_3D('',#471,#4912,#4913);
#4912=DIRECTION('',(-0,-1,0));
#4913=DIRECTION('',(0.7536141169640526,0,0.6573170944928264));
#4914=FACE_BOUND('',#4915,.T.);
#4915=EDGE_LOOP('',(#4916,#4917,#4918));
#4916=ORIENTED_EDGE('',*,*,#4919,.T.);
#4917=ORIENTED_EDGE('',*,*,#4920,.T.);
#4918=ORIENTED_EDGE('',*,*,#4921,.T.);
#4919=EDGE_CURVE('',#472,#42,#4922,.F.);
#4920=EDGE_CURVE('',#42,#470,#4923,.T.);
#4921=EDGE_CURVE('',#470,#472,#4924,.T.);
#4922=LINE('',#471,#4925);
#4923=LINE('',#41,#4926);
#4924=LINE('',#469,#4927);
#4925=VECTOR('',#4928,1.0);
#4926=VECTOR('',#4929,1.0);
#4927=VECTOR('',#4930,1.0);
#4928=DIRECTION('',(0.7536141169640526,0,0.6573170944928264));
#4929=DIRECTION('',(-0.7744105794796748,0,-0.6326833760973605));
#4930=DIRECTION('',(0.923881812944589,0,0.3826779268656862));
#4931=FACE_SURFACE('',(#4936),#4932,.T.);
#4932=PLANE('',#4933);
#4933=AXIS2_PLACEMENT_3D('',#469,#4934,#4935);
#4934=DIRECTION('',(-0,-1,0));
#4935=DIRECTION('',(0.7744105794796748,0,0.6326833760973605));
#4936=FACE_BOUND('',#4937,.T.);
#4937=EDGE_LOOP('',(#4938,#4939,#4940));
#4938=ORIENTED_EDGE('',*,*,#4941,.T.);
#4939=ORIENTED_EDGE('',*,*,#4942,.T.);
#4940=ORIENTED_EDGE('',*,*,#4943,.T.);
#4941=EDGE_CURVE('',#470,#42,#4944,.F.);
#4942=EDGE_CURVE('',#42,#468,#4945,.T.);
#4943=EDGE_CURVE('',#468,#470,#4946,.T.);
#4944=LINE('',#469,#4947);
#4945=LINE('',#41,#4948);
#4946=LINE('',#467,#4949);
#4947=VECTOR('',#4950,1.0);
#4948=VECTOR('',#4951,1.0);
#4949=VECTOR('',#4952,1.0);
#4950=DIRECTION('',(0.7744105794796748,0,0.6326833760973605));
#4951=DIRECTION('',(-0.77617905467747,0,-0.6305125495023783));
#4952=DIRECTION('',(0.7933468437558232,0,0.6087698953649676));
#4953=FACE_SURFACE('',(#4958),#4954,.T.);
#4954=PLANE('',#4955);
#4955=AXIS2_PLACEMENT_3D('',#467,#4956,#4957);
#4956=DIRECTION('',(0,-1,0));
#4957=DIRECTION('',(0.77617905467747,0,0.6305125495023783));
#4958=FACE_BOUND('',#4959,.T.);
#4959=EDGE_LOOP('',(#4960,#4961,#4962));
#4960=ORIENTED_EDGE('',*,*,#4963,.T.);
#4961=ORIENTED_EDGE('',*,*,#4964,.T.);
#4962=ORIENTED_EDGE('',*,*,#4965,.T.);
#4963=EDGE_CURVE('',#468,#42,#4966,.F.);
#4964=EDGE_CURVE('',#42,#72,#4967,.T.);
#4965=EDGE_CURVE('',#72,#468,#4968,.T.);
#4966=LINE('',#467,#4969);
#4967=LINE('',#41,#4970);
#4968=LINE('',#71,#4971);
#4969=VECTOR('',#4972,1.0);
#4970=VECTOR('',#4973,1.0);
#4971=VECTOR('',#4974,1.0);
#4972=DIRECTION('',(0.77617905467747,0,0.6305125495023783));
#4973=DIRECTION('',(-1,0,0));
#4974=DIRECTION('',(0.9998295339126206,0,-0.01846356184683138));
#4975=FACE_SURFACE('',(#4980),#4976,.T.);
#4976=PLANE('',#4977);
#4977=AXIS2_PLACEMENT_3D('',#467,#4978,#4979);
#4978=DIRECTION('',(-0,-1,0));
#4979=DIRECTION('',(-0.9998295339126206,0,0.01846356184683138));
#4980=FACE_BOUND('',#4981,.T.);
#4981=EDGE_LOOP('',(#4982,#4983,#4984));
#4982=ORIENTED_EDGE('',*,*,#4985,.T.);
#4983=ORIENTED_EDGE('',*,*,#4986,.T.);
#4984=ORIENTED_EDGE('',*,*,#4987,.T.);
#4985=EDGE_CURVE('',#468,#72,#4988,.F.);
#4986=EDGE_CURVE('',#72,#382,#4989,.T.);
#4987=EDGE_CURVE('',#382,#468,#4990,.T.);
#4988=LINE('',#467,#4991);
#4989=LINE('',#71,#4992);
#4990=LINE('',#381,#4993);
#4991=VECTOR('',#4994,1.0);
#4992=VECTOR('',#4995,1.0);
#4993=VECTOR('',#4996,1.0);
#4994=DIRECTION('',(-0.9998295339126206,0,0.01846356184683138));
#4995=DIRECTION('',(0.6246950475544243,0,-0.7808688094430302));
#4996=DIRECTION('',(0.9994070421907706,0,0.0344320202645065));
#4997=FACE_SURFACE('',(#5002),#4998,.T.);
#4998=PLANE('',#4999);
#4999=AXIS2_PLACEMENT_3D('',#381,#5000,#5001);
#5000=DIRECTION('',(0,-1,0));
#5001=DIRECTION('',(-0.6246950475544243,0,0.7808688094430302));
#5002=FACE_BOUND('',#5003,.T.);
#5003=EDGE_LOOP('',(#5004,#5005,#5006));
#5004=ORIENTED_EDGE('',*,*,#5007,.T.);
#5005=ORIENTED_EDGE('',*,*,#5008,.T.);
#5006=ORIENTED_EDGE('',*,*,#5009,.T.);
#5007=EDGE_CURVE('',#382,#72,#5010,.F.);
#5008=EDGE_CURVE('',#72,#350,#5011,.T.);
#5009=EDGE_CURVE('',#350,#382,#5012,.T.);
#5010=LINE('',#381,#5013);
#5011=LINE('',#71,#5014);
#5012=LINE('',#349,#5015);
#5013=VECTOR('',#5016,1.0);
#5014=VECTOR('',#5017,1.0);
#5015=VECTOR('',#5018,1.0);
#5016=DIRECTION('',(-0.6246950475544243,0,0.7808688094430302));
#5017=DIRECTION('',(-0.7071067811865475,0,-0.7071067811865475));
#5018=DIRECTION('',(0.7808688094430304,0,-0.6246950475544242));
#5019=FACE_SURFACE('',(#5024),#5020,.T.);
#5020=PLANE('',#5021);
#5021=AXIS2_PLACEMENT_3D('',#381,#5022,#5023);
#5022=DIRECTION('',(-0,-1,0));
#5023=DIRECTION('',(-0.7808688094430304,0,0.6246950475544242));
#5024=FACE_BOUND('',#5025,.T.);
#5025=EDGE_LOOP('',(#5026,#5027,#5028));
#5026=ORIENTED_EDGE('',*,*,#5029,.T.);
#5027=ORIENTED_EDGE('',*,*,#5030,.T.);
#5028=ORIENTED_EDGE('',*,*,#5031,.T.);
#5029=EDGE_CURVE('',#382,#350,#5032,.F.);
#5030=EDGE_CURVE('',#350,#420,#5033,.T.);
#5031=EDGE_CURVE('',#420,#382,#5034,.T.);
#5032=LINE('',#381,#5035);
#5033=LINE('',#349,#5036);
#5034=LINE('',#419,#5037);
#5035=VECTOR('',#5038,1.0);
#5036=VECTOR('',#5039,1.0);
#5037=VECTOR('',#5040,1.0);
#5038=DIRECTION('',(-0.7808688094430304,0,0.6246950475544242));
#5039=DIRECTION('',(0.02371257913695854,0,-0.9997188172634711));
#5040=DIRECTION('',(0.04475475387123287,0,0.9989980040049757));
#5041=FACE_SURFACE('',(#5046),#5042,.T.);
#5042=PLANE('',#5043);
#5043=AXIS2_PLACEMENT_3D('',#419,#5044,#5045);
#5044=DIRECTION('',(-0,-1,0));
#5045=DIRECTION('',(-0.02371257913695854,0,0.9997188172634711));
#5046=FACE_BOUND('',#5047,.T.);
#5047=EDGE_LOOP('',(#5048,#5049,#5050));
#5048=ORIENTED_EDGE('',*,*,#5051,.T.);
#5049=ORIENTED_EDGE('',*,*,#5052,.T.);
#5050=ORIENTED_EDGE('',*,*,#5053,.T.);
#5051=EDGE_CURVE('',#420,#350,#5054,.F.);
#5052=EDGE_CURVE('',#350,#362,#5055,.T.);
#5053=EDGE_CURVE('',#362,#420,#5056,.T.);
#5054=LINE('',#419,#5057);
#5055=LINE('',#349,#5058);
#5056=LINE('',#361,#5059);
#5057=VECTOR('',#5060,1.0);
#5058=VECTOR('',#5061,1.0);
#5059=VECTOR('',#5062,1.0);
#5060=DIRECTION('',(-0.02371257913695854,0,0.9997188172634711));
#5061=DIRECTION('',(0,0,-1));
#5062=DIRECTION('',(0.6305105898769106,0,0.7761806465334409));
#5063=FACE_SURFACE('',(#5068),#5064,.T.);
#5064=PLANE('',#5065);
#5065=AXIS2_PLACEMENT_3D('',#419,#5066,#5067);
#5066=DIRECTION('',(0,-1,0));
#5067=DIRECTION('',(-0.6305105898769106,0,-0.7761806465334409));
#5068=FACE_BOUND('',#5069,.T.);
#5069=EDGE_LOOP('',(#5070,#5071,#5072));
#5070=ORIENTED_EDGE('',*,*,#5073,.T.);
#5071=ORIENTED_EDGE('',*,*,#5074,.T.);
#5072=ORIENTED_EDGE('',*,*,#5075,.T.);
#5073=EDGE_CURVE('',#420,#362,#5076,.F.);
#5074=EDGE_CURVE('',#362,#418,#5077,.T.);
#5075=EDGE_CURVE('',#418,#420,#5078,.T.);
#5076=LINE('',#419,#5079);
#5077=LINE('',#361,#5080);
#5078=LINE('',#417,#5081);
#5079=VECTOR('',#5082,1.0);
#5080=VECTOR('',#5083,1.0);
#5081=VECTOR('',#5084,1.0);
#5082=DIRECTION('',(-0.6305105898769106,0,-0.7761806465334409));
#5083=DIRECTION('',(0.63268198282493,0,0.7744117177630482));
#5084=DIRECTION('',(0.608762495102159,0,0.7933525222478303));
#5085=FACE_SURFACE('',(#5090),#5086,.T.);
#5086=PLANE('',#5087);
#5087=AXIS2_PLACEMENT_3D('',#417,#5088,#5089);
#5088=DIRECTION('',(0,-1,0));
#5089=DIRECTION('',(-0.63268198282493,0,-0.7744117177630482));
#5090=FACE_BOUND('',#5091,.T.);
#5091=EDGE_LOOP('',(#5092,#5093,#5094));
#5092=ORIENTED_EDGE('',*,*,#5095,.T.);
#5093=ORIENTED_EDGE('',*,*,#5096,.T.);
#5094=ORIENTED_EDGE('',*,*,#5097,.T.);
#5095=EDGE_CURVE('',#418,#362,#5098,.F.);
#5096=EDGE_CURVE('',#362,#416,#5099,.T.);
#5097=EDGE_CURVE('',#416,#418,#5100,.T.);
#5098=LINE('',#417,#5101);
#5099=LINE('',#361,#5102);
#5100=LINE('',#415,#5103);
#5101=VECTOR('',#5104,1.0);
#5102=VECTOR('',#5105,1.0);
#5103=VECTOR('',#5106,1.0);
#5104=DIRECTION('',(-0.63268198282493,0,-0.7744117177630482));
#5105=DIRECTION('',(0.6573157587885006,0,0.7536152819896222));
#5106=DIRECTION('',(0.3826702653502323,0,0.9238849863574917));
#5107=FACE_SURFACE('',(#5112),#5108,.T.);
#5108=PLANE('',#5109);
#5109=AXIS2_PLACEMENT_3D('',#415,#5110,#5111);
#5110=DIRECTION('',(0,-1,0));
#5111=DIRECTION('',(-0.6573157587885006,0,-0.7536152819896222));
#5112=FACE_BOUND('',#5113,.T.);
#5113=EDGE_LOOP('',(#5114,#5115,#5116));
#5114=ORIENTED_EDGE('',*,*,#5117,.T.);
#5115=ORIENTED_EDGE('',*,*,#5118,.T.);
#5116=ORIENTED_EDGE('',*,*,#5119,.T.);
#5117=EDGE_CURVE('',#416,#362,#5120,.F.);
#5118=EDGE_CURVE('',#362,#414,#5121,.T.);
#5119=EDGE_CURVE('',#414,#416,#5122,.T.);
#5120=LINE('',#415,#5123);
#5121=LINE('',#361,#5124);
#5122=LINE('',#413,#5125);
#5123=VECTOR('',#5126,1.0);
#5124=VECTOR('',#5127,1.0);
#5125=VECTOR('',#5128,1.0);
#5126=DIRECTION('',(-0.6573157587885006,0,-0.7536152819896222));
#5127=DIRECTION('',(0.7071067811865476,0,0.7071067811865476));
#5128=DIRECTION('',(0.13051753401295846,0,0.9914460012099379));
#5129=FACE_SURFACE('',(#5134),#5130,.T.);
#5130=PLANE('',#5131);
#5131=AXIS2_PLACEMENT_3D('',#413,#5132,#5133);
#5132=DIRECTION('',(0,-1,-0));
#5133=DIRECTION('',(-0.7071067811865476,0,-0.7071067811865476));
#5134=FACE_BOUND('',#5135,.T.);
#5135=EDGE_LOOP('',(#5136,#5137,#5138));
#5136=ORIENTED_EDGE('',*,*,#5139,.T.);
#5137=ORIENTED_EDGE('',*,*,#5140,.T.);
#5138=ORIENTED_EDGE('',*,*,#5141,.T.);
#5139=EDGE_CURVE('',#414,#362,#5142,.F.);
#5140=EDGE_CURVE('',#362,#412,#5143,.T.);
#5141=EDGE_CURVE('',#412,#414,#5144,.T.);
#5142=LINE('',#413,#5145);
#5143=LINE('',#361,#5146);
#5144=LINE('',#411,#5147);
#5145=VECTOR('',#5148,1.0);
#5146=VECTOR('',#5149,1.0);
#5147=VECTOR('',#5150,1.0);
#5148=DIRECTION('',(-0.7071067811865476,0,-0.7071067811865476));
#5149=DIRECTION('',(0.7774153015557808,0,0.6289876381193309));
#5150=DIRECTION('',(-0.13051753401295846,0,0.9914460012099379));
#5151=FACE_SURFACE('',(#5156),#5152,.T.);
#5152=PLANE('',#5153);
#5153=AXIS2_PLACEMENT_3D('',#411,#5154,#5155);
#5154=DIRECTION('',(0,-1,-0));
#5155=DIRECTION('',(-0.7774153015557808,0,-0.6289876381193309));
#5156=FACE_BOUND('',#5157,.T.);
#5157=EDGE_LOOP('',(#5158,#5159,#5160));
#5158=ORIENTED_EDGE('',*,*,#5161,.T.);
#5159=ORIENTED_EDGE('',*,*,#5162,.T.);
#5160=ORIENTED_EDGE('',*,*,#5163,.T.);
#5161=EDGE_CURVE('',#412,#362,#5164,.F.);
#5162=EDGE_CURVE('',#362,#410,#5165,.T.);
#5163=EDGE_CURVE('',#410,#412,#5166,.T.);
#5164=LINE('',#411,#5167);
#5165=LINE('',#361,#5168);
#5166=LINE('',#409,#5169);
#5167=VECTOR('',#5170,1.0);
#5168=VECTOR('',#5171,1.0);
#5169=VECTOR('',#5172,1.0);
#5170=DIRECTION('',(-0.7774153015557808,0,-0.6289876381193309));
#5171=DIRECTION('',(0.8529416184914759,0,0.5220063174379612));
#5172=DIRECTION('',(-0.3826702653502323,0,0.9238849863574917));
#5173=FACE_SURFACE('',(#5178),#5174,.T.);
#5174=PLANE('',#5175);
#5175=AXIS2_PLACEMENT_3D('',#409,#5176,#5177);
#5176=DIRECTION('',(0,-1,-0));
#5177=DIRECTION('',(-0.8529416184914759,0,-0.5220063174379612));
#5178=FACE_BOUND('',#5179,.T.);
#5179=EDGE_LOOP('',(#5180,#5181,#5182));
#5180=ORIENTED_EDGE('',*,*,#5183,.T.);
#5181=ORIENTED_EDGE('',*,*,#5184,.T.);
#5182=ORIENTED_EDGE('',*,*,#5185,.T.);
#5183=EDGE_CURVE('',#410,#362,#5186,.F.);
#5184=EDGE_CURVE('',#362,#408,#5187,.T.);
#5185=EDGE_CURVE('',#408,#410,#5188,.T.);
#5186=LINE('',#409,#5189);
#5187=LINE('',#361,#5190);
#5188=LINE('',#407,#5191);
#5189=VECTOR('',#5192,1.0);
#5190=VECTOR('',#5193,1.0);
#5191=VECTOR('',#5194,1.0);
#5192=DIRECTION('',(-0.8529416184914759,0,-0.5220063174379612));
#5193=DIRECTION('',(0.9145572552174313,0,0.40445645863202434));
#5194=DIRECTION('',(-0.608762495102159,0,0.7933525222478303));
#5195=FACE_SURFACE('',(#5200),#5196,.T.);
#5196=PLANE('',#5197);
#5197=AXIS2_PLACEMENT_3D('',#407,#5198,#5199);
#5198=DIRECTION('',(0,-1,-0));
#5199=DIRECTION('',(-0.9145572552174313,0,-0.40445645863202434));
#5200=FACE_BOUND('',#5201,.T.);
#5201=EDGE_LOOP('',(#5202,#5203,#5204));
#5202=ORIENTED_EDGE('',*,*,#5205,.T.);
#5203=ORIENTED_EDGE('',*,*,#5206,.T.);
#5204=ORIENTED_EDGE('',*,*,#5207,.T.);
#5205=EDGE_CURVE('',#408,#362,#5208,.F.);
#5206=EDGE_CURVE('',#362,#406,#5209,.T.);
#5207=EDGE_CURVE('',#406,#408,#5210,.T.);
#5208=LINE('',#407,#5211);
#5209=LINE('',#361,#5212);
#5210=LINE('',#405,#5213);
#5211=VECTOR('',#5214,1.0);
#5212=VECTOR('',#5215,1.0);
#5213=VECTOR('',#5216,1.0);
#5214=DIRECTION('',(-0.9145572552174313,0,-0.40445645863202434));
#5215=DIRECTION('',(0.9532545753111645,0,0.3021683548095848));
#5216=DIRECTION('',(-0.7933582005327457,0,0.6087550949663122));
#5217=FACE_SURFACE('',(#5222),#5218,.T.);
#5218=PLANE('',#5219);
#5219=AXIS2_PLACEMENT_3D('',#405,#5220,#5221);
#5220=DIRECTION('',(0,-1,0));
#5221=DIRECTION('',(-0.9532545753111645,0,-0.3021683548095848));
#5222=FACE_BOUND('',#5223,.T.);
#5223=EDGE_LOOP('',(#5224,#5225,#5226));
#5224=ORIENTED_EDGE('',*,*,#5227,.T.);
#5225=ORIENTED_EDGE('',*,*,#5228,.T.);
#5226=ORIENTED_EDGE('',*,*,#5229,.T.);
#5227=EDGE_CURVE('',#406,#362,#5230,.F.);
#5228=EDGE_CURVE('',#362,#364,#5231,.T.);
#5229=EDGE_CURVE('',#364,#406,#5232,.T.);
#5230=LINE('',#405,#5233);
#5231=LINE('',#361,#5234);
#5232=LINE('',#363,#5235);
#5233=VECTOR('',#5236,1.0);
#5234=VECTOR('',#5237,1.0);
#5235=VECTOR('',#5238,1.0);
#5236=DIRECTION('',(-0.9532545753111645,0,-0.3021683548095848));
#5237=DIRECTION('',(0.13051555128738065,0,-0.9914462622210803));
#5238=DIRECTION('',(0.9105073345914669,0,0.4134929185066446));
#5239=FACE_SURFACE('',(#5244),#5240,.T.);
#5240=PLANE('',#5241);
#5241=AXIS2_PLACEMENT_3D('',#405,#5242,#5243);
#5242=DIRECTION('',(0,-1,0));
#5243=DIRECTION('',(-0.9105073345914669,0,-0.4134929185066446));
#5244=FACE_BOUND('',#5245,.T.);
#5245=EDGE_LOOP('',(#5246,#5247,#5248));
#5246=ORIENTED_EDGE('',*,*,#5249,.T.);
#5247=ORIENTED_EDGE('',*,*,#5250,.T.);
#5248=ORIENTED_EDGE('',*,*,#5251,.T.);
#5249=EDGE_CURVE('',#406,#364,#5252,.F.);
#5250=EDGE_CURVE('',#364,#366,#5253,.T.);
#5251=EDGE_CURVE('',#366,#406,#5254,.T.);
#5252=LINE('',#405,#5255);
#5253=LINE('',#363,#5256);
#5254=LINE('',#365,#5257);
#5255=VECTOR('',#5258,1.0);
#5256=VECTOR('',#5259,1.0);
#5257=VECTOR('',#5260,1.0);
#5258=DIRECTION('',(-0.9105073345914669,0,-0.4134929185066446));
#5259=DIRECTION('',(0.3826756826748283,0,-0.9238827425000179));
#5260=DIRECTION('',(0.8545794095722741,0,0.5193207416761856));
#5261=FACE_SURFACE('',(#5266),#5262,.T.);
#5262=PLANE('',#5263);
#5263=AXIS2_PLACEMENT_3D('',#49,#5264,#5265);
#5264=DIRECTION('',(0,-1,0));
#5265=DIRECTION('',(-0.6087469064973243,0,0.7933644835949852));
#5266=FACE_BOUND('',#5267,.T.);
#5267=EDGE_LOOP('',(#5268,#5269,#5270));
#5268=ORIENTED_EDGE('',*,*,#5271,.T.);
#5269=ORIENTED_EDGE('',*,*,#5272,.T.);
#5270=ORIENTED_EDGE('',*,*,#5273,.T.);
#5271=EDGE_CURVE('',#50,#48,#5274,.F.);
#5272=EDGE_CURVE('',#48,#42,#5275,.T.);
#5273=EDGE_CURVE('',#42,#50,#5276,.T.);
#5274=LINE('',#49,#5277);
#5275=LINE('',#47,#5278);
#5276=LINE('',#41,#5279);
#5277=VECTOR('',#5280,1.0);
#5278=VECTOR('',#5281,1.0);
#5279=VECTOR('',#5282,1.0);
#5280=DIRECTION('',(-0.6087469064973243,0,0.7933644835949852));
#5281=DIRECTION('',(-0.9238786394879819,0,0.3826855883069489));
#5282=DIRECTION('',(0.8660230528096032,0,-0.5000040719857541));
#5283=FACE_SURFACE('',(#5288),#5284,.T.);
#5284=PLANE('',#5285);
#5285=AXIS2_PLACEMENT_3D('',#41,#5286,#5287);
#5286=DIRECTION('',(0,-1,0));
#5287=DIRECTION('',(0.9238786394879819,0,-0.3826855883069489));
#5288=FACE_BOUND('',#5289,.T.);
#5289=EDGE_LOOP('',(#5290,#5291,#5292));
#5290=ORIENTED_EDGE('',*,*,#5293,.T.);
#5291=ORIENTED_EDGE('',*,*,#5294,.T.);
#5292=ORIENTED_EDGE('',*,*,#5295,.T.);
#5293=EDGE_CURVE('',#42,#48,#5296,.F.);
#5294=EDGE_CURVE('',#48,#46,#5297,.T.);
#5295=EDGE_CURVE('',#46,#42,#5298,.T.);
#5296=LINE('',#41,#5299);
#5297=LINE('',#47,#5300);
#5298=LINE('',#45,#5301);
#5299=VECTOR('',#5302,1.0);
#5300=VECTOR('',#5303,1.0);
#5301=VECTOR('',#5304,1.0);
#5302=DIRECTION('',(0.9238786394879819,0,-0.3826855883069489));
#5303=DIRECTION('',(-0.7933468437557828,0,0.6087698953650201));
#5304=DIRECTION('',(-0.9659261142385615,0,0.25881797045799115));
#5305=FACE_SURFACE('',(#5310),#5306,.T.);
#5306=PLANE('',#5307);
#5307=AXIS2_PLACEMENT_3D('',#41,#5308,#5309);
#5308=DIRECTION('',(0,-1,0));
#5309=DIRECTION('',(0.9659261142385615,0,-0.25881797045799115));
#5310=FACE_BOUND('',#5311,.T.);
#5311=EDGE_LOOP('',(#5312,#5313,#5314));
#5312=ORIENTED_EDGE('',*,*,#5315,.T.);
#5313=ORIENTED_EDGE('',*,*,#5316,.T.);
#5314=ORIENTED_EDGE('',*,*,#5317,.T.);
#5315=EDGE_CURVE('',#42,#46,#5318,.F.);
#5316=EDGE_CURVE('',#46,#44,#5319,.T.);
#5317=EDGE_CURVE('',#44,#42,#5320,.T.);
#5318=LINE('',#41,#5321);
#5319=LINE('',#45,#5322);
#5320=LINE('',#43,#5323);
#5321=VECTOR('',#5324,1.0);
#5322=VECTOR('',#5325,1.0);
#5323=VECTOR('',#5326,1.0);
#5324=DIRECTION('',(0.9659261142385615,0,-0.25881797045799115));
#5325=DIRECTION('',(-0.923881812944605,0,0.38267792686564767));
#5326=DIRECTION('',(-0.9914447487517163,0,0.13052704766693377));
#5327=FACE_SURFACE('',(#5332),#5328,.T.);
#5328=PLANE('',#5329);
#5329=AXIS2_PLACEMENT_3D('',#359,#5330,#5331);
#5330=DIRECTION('',(0,-1,-0));
#5331=DIRECTION('',(-0.9238773250445146,0,-0.3826887616178353));
#5332=FACE_BOUND('',#5333,.T.);
#5333=EDGE_LOOP('',(#5334,#5335,#5336));
#5334=ORIENTED_EDGE('',*,*,#5337,.T.);
#5335=ORIENTED_EDGE('',*,*,#5338,.T.);
#5336=ORIENTED_EDGE('',*,*,#5339,.T.);
#5337=EDGE_CURVE('',#360,#358,#5340,.F.);
#5338=EDGE_CURVE('',#358,#72,#5341,.T.);
#5339=EDGE_CURVE('',#72,#360,#5342,.T.);
#5340=LINE('',#359,#5343);
#5341=LINE('',#357,#5344);
#5342=LINE('',#71,#5345);
#5343=VECTOR('',#5346,1.0);
#5344=VECTOR('',#5347,1.0);
#5345=VECTOR('',#5348,1.0);
#5346=DIRECTION('',(-0.9238773250445146,0,-0.3826887616178353));
#5347=DIRECTION('',(0.9659261142385615,0,0.25881797045799115));
#5348=DIRECTION('',(-0.9914452708456175,0,-0.13052308193518955));
#5349=FACE_SURFACE('',(#5354),#5350,.T.);
#5350=PLANE('',#5351);
#5351=AXIS2_PLACEMENT_3D('',#71,#5352,#5353);
#5352=DIRECTION('',(0,-1,0));
#5353=DIRECTION('',(-0.9659261142385615,0,-0.25881797045799115));
#5354=FACE_BOUND('',#5355,.T.);
#5355=EDGE_LOOP('',(#5356,#5357,#5358));
#5356=ORIENTED_EDGE('',*,*,#5359,.T.);
#5357=ORIENTED_EDGE('',*,*,#5360,.T.);
#5358=ORIENTED_EDGE('',*,*,#5361,.T.);
#5359=EDGE_CURVE('',#72,#358,#5362,.F.);
#5360=EDGE_CURVE('',#358,#356,#5363,.T.);
#5361=EDGE_CURVE('',#356,#72,#5364,.T.);
#5362=LINE('',#71,#5365);
#5363=LINE('',#357,#5366);
#5364=LINE('',#355,#5367);
#5365=VECTOR('',#5368,1.0);
#5366=VECTOR('',#5369,1.0);
#5367=VECTOR('',#5370,1.0);
#5368=DIRECTION('',(-0.9659261142385615,0,-0.25881797045799115));
#5369=DIRECTION('',(-0.7933582005327358,0,-0.608755094966325));
#5370=DIRECTION('',(0.9238801702213284,0,0.38268189279322995));
#5371=FACE_SURFACE('',(#5376),#5372,.T.);
#5372=PLANE('',#5373);
#5373=AXIS2_PLACEMENT_3D('',#71,#5374,#5375);
#5374=DIRECTION('',(0,-1,0));
#5375=DIRECTION('',(-0.9238801702213284,0,-0.38268189279322995));
#5376=FACE_BOUND('',#5377,.T.);
#5377=EDGE_LOOP('',(#5378,#5379,#5380));
#5378=ORIENTED_EDGE('',*,*,#5381,.T.);
#5379=ORIENTED_EDGE('',*,*,#5382,.T.);
#5380=ORIENTED_EDGE('',*,*,#5383,.T.);
#5381=EDGE_CURVE('',#72,#356,#5384,.F.);
#5382=EDGE_CURVE('',#356,#354,#5385,.T.);
#5383=EDGE_CURVE('',#354,#72,#5386,.T.);
#5384=LINE('',#71,#5387);
#5385=LINE('',#355,#5388);
#5386=LINE('',#353,#5389);
#5387=VECTOR('',#5390,1.0);
#5388=VECTOR('',#5391,1.0);
#5389=VECTOR('',#5392,1.0);
#5390=DIRECTION('',(-0.9238801702213284,0,-0.38268189279322995));
#5391=DIRECTION('',(-0.6087661952177046,0,-0.7933496830277047));
#5392=DIRECTION('',(0.8660270528241962,0,0.49999714376847876));
#5393=FACE_SURFACE('',(#5398),#5394,.T.);
#5394=PLANE('',#5395);
#5395=AXIS2_PLACEMENT_3D('',#353,#5396,#5397);
#5396=DIRECTION('',(0,-1,-0));
#5397=DIRECTION('',(-0.38266891104099554,0,-0.9238855473069696));
#5398=FACE_BOUND('',#5399,.T.);
#5399=EDGE_LOOP('',(#5400,#5401,#5402));
#5400=ORIENTED_EDGE('',*,*,#5403,.T.);
#5401=ORIENTED_EDGE('',*,*,#5404,.T.);
#5402=ORIENTED_EDGE('',*,*,#5405,.T.);
#5403=EDGE_CURVE('',#354,#352,#5406,.F.);
#5404=EDGE_CURVE('',#352,#72,#5407,.T.);
#5405=EDGE_CURVE('',#72,#354,#5408,.T.);
#5406=LINE('',#353,#5409);
#5407=LINE('',#351,#5410);
#5408=LINE('',#71,#5411);
#5409=VECTOR('',#5412,1.0);
#5410=VECTOR('',#5413,1.0);
#5411=VECTOR('',#5414,1.0);
#5412=DIRECTION('',(-0.38266891104099554,0,-0.9238855473069696));
#5413=DIRECTION('',(0.7933539840344317,0,0.608760590065335));
#5414=DIRECTION('',(-0.8660270528241962,0,-0.49999714376847876));
#5415=FACE_SURFACE('',(#5420),#5416,.T.);
#5416=PLANE('',#5417);
#5417=AXIS2_PLACEMENT_3D('',#71,#5418,#5419);
#5418=DIRECTION('',(0,-1,0));
#5419=DIRECTION('',(-0.7933539840344317,0,-0.608760590065335));
#5420=FACE_BOUND('',#5421,.T.);
#5421=EDGE_LOOP('',(#5422,#5423,#5424));
#5422=ORIENTED_EDGE('',*,*,#5425,.T.);
#5423=ORIENTED_EDGE('',*,*,#5426,.T.);
#5424=ORIENTED_EDGE('',*,*,#5427,.T.);
#5425=EDGE_CURVE('',#72,#352,#5428,.F.);
#5426=EDGE_CURVE('',#352,#350,#5429,.T.);
#5427=EDGE_CURVE('',#350,#72,#5430,.T.);
#5428=LINE('',#71,#5431);
#5429=LINE('',#351,#5432);
#5430=LINE('',#349,#5433);
#5431=VECTOR('',#5434,1.0);
#5432=VECTOR('',#5435,1.0);
#5433=VECTOR('',#5436,1.0);
#5434=DIRECTION('',(-0.7933539840344317,0,-0.608760590065335));
#5435=DIRECTION('',(-0.13051802970368315,0,-0.9914459359552937));
#5436=DIRECTION('',(0.7071067811865475,0,0.7071067811865475));
#5437=FACE_SURFACE('',(#5442),#5438,.T.);
#5438=PLANE('',#5439);
#5439=AXIS2_PLACEMENT_3D('',#405,#5440,#5441);
#5440=DIRECTION('',(0,-1,0));
#5441=DIRECTION('',(-0.8545794095722741,0,-0.5193207416761856));
#5442=FACE_BOUND('',#5443,.T.);
#5443=EDGE_LOOP('',(#5444,#5445,#5446));
#5444=ORIENTED_EDGE('',*,*,#5447,.T.);
#5445=ORIENTED_EDGE('',*,*,#5448,.T.);
#5446=ORIENTED_EDGE('',*,*,#5449,.T.);
#5447=EDGE_CURVE('',#406,#366,#5450,.F.);
#5448=EDGE_CURVE('',#366,#374,#5451,.T.);
#5449=EDGE_CURVE('',#374,#406,#5452,.T.);
#5450=LINE('',#405,#5453);
#5451=LINE('',#365,#5454);
#5452=LINE('',#373,#5455);
#5453=VECTOR('',#5456,1.0);
#5454=VECTOR('',#5457,1.0);
#5455=VECTOR('',#5458,1.0);
#5456=DIRECTION('',(-0.8545794095722741,0,-0.5193207416761856));
#5457=DIRECTION('',(0.8660270528241962,0,-0.49999714376847876));
#5458=DIRECTION('',(0.5220053877650312,0,0.8529421874572035));
#5459=FACE_SURFACE('',(#5464),#5460,.T.);
#5460=PLANE('',#5461);
#5461=AXIS2_PLACEMENT_3D('',#373,#5462,#5463);
#5462=DIRECTION('',(0,-1,0));
#5463=DIRECTION('',(-0.8660270528241962,0,0.49999714376847876));
#5464=FACE_BOUND('',#5465,.T.);
#5465=EDGE_LOOP('',(#5466,#5467,#5468));
#5466=ORIENTED_EDGE('',*,*,#5469,.T.);
#5467=ORIENTED_EDGE('',*,*,#5470,.T.);
#5468=ORIENTED_EDGE('',*,*,#5471,.T.);
#5469=EDGE_CURVE('',#374,#366,#5472,.F.);
#5470=EDGE_CURVE('',#366,#368,#5473,.T.);
#5471=EDGE_CURVE('',#368,#374,#5474,.T.);
#5472=LINE('',#373,#5475);
#5473=LINE('',#365,#5476);
#5474=LINE('',#367,#5477);
#5475=VECTOR('',#5478,1.0);
#5476=VECTOR('',#5479,1.0);
#5477=VECTOR('',#5480,1.0);
#5478=DIRECTION('',(-0.8660270528241962,0,0.49999714376847876));
#5479=DIRECTION('',(0.6087550949663122,0,-0.7933582005327457));
#5480=DIRECTION('',(0.9238829418162262,0,-0.3826752014711634));
#5481=FACE_SURFACE('',(#5486),#5482,.T.);
#5482=PLANE('',#5483);
#5483=AXIS2_PLACEMENT_3D('',#373,#5484,#5485);
#5484=DIRECTION('',(0,-1,0));
#5485=DIRECTION('',(-0.9238829418162262,0,0.3826752014711634));
#5486=FACE_BOUND('',#5487,.T.);
#5487=EDGE_LOOP('',(#5488,#5489,#5490));
#5488=ORIENTED_EDGE('',*,*,#5491,.T.);
#5489=ORIENTED_EDGE('',*,*,#5492,.T.);
#5490=ORIENTED_EDGE('',*,*,#5493,.T.);
#5491=EDGE_CURVE('',#374,#368,#5494,.F.);
#5492=EDGE_CURVE('',#368,#370,#5495,.T.);
#5493=EDGE_CURVE('',#370,#374,#5496,.T.);
#5494=LINE('',#373,#5497);
#5495=LINE('',#367,#5498);
#5496=LINE('',#369,#5499);
#5497=VECTOR('',#5500,1.0);
#5498=VECTOR('',#5501,1.0);
#5499=VECTOR('',#5502,1.0);
#5500=DIRECTION('',(-0.9238829418162262,0,0.3826752014711634));
#5501=DIRECTION('',(0.7933582005327194,0,-0.6087550949663465));
#5502=DIRECTION('',(0.9659290119538889,0,-0.2588071557468692));
#5503=FACE_SURFACE('',(#5508),#5504,.T.);
#5504=PLANE('',#5505);
#5505=AXIS2_PLACEMENT_3D('',#369,#5506,#5507);
#5506=DIRECTION('',(0,-1,0));
#5507=DIRECTION('',(0.9238827425000258,0,-0.382675682674809));
#5508=FACE_BOUND('',#5509,.T.);
#5509=EDGE_LOOP('',(#5510,#5511,#5512));
#5510=ORIENTED_EDGE('',*,*,#5513,.T.);
#5511=ORIENTED_EDGE('',*,*,#5514,.T.);
#5512=ORIENTED_EDGE('',*,*,#5515,.T.);
#5513=EDGE_CURVE('',#370,#372,#5516,.F.);
#5514=EDGE_CURVE('',#372,#374,#5517,.T.);
#5515=EDGE_CURVE('',#374,#370,#5518,.T.);
#5516=LINE('',#369,#5519);
#5517=LINE('',#371,#5520);
#5518=LINE('',#373,#5521);
#5519=VECTOR('',#5522,1.0);
#5520=VECTOR('',#5523,1.0);
#5521=VECTOR('',#5524,1.0);
#5522=DIRECTION('',(0.9238827425000258,0,-0.382675682674809));
#5523=DIRECTION('',(0.9914462622210863,0,-0.1305155512873342));
#5524=DIRECTION('',(-0.9659290119538889,0,0.2588071557468692));
#5525=FACE_SURFACE('',(#5530),#5526,.T.);
#5526=PLANE('',#5527);
#5527=AXIS2_PLACEMENT_3D('',#375,#5528,#5529);
#5528=DIRECTION('',(0,-1,0));
#5529=DIRECTION('',(-0.9967521597194333,0,0.08053031786007972));
#5530=FACE_BOUND('',#5531,.T.);
#5531=EDGE_LOOP('',(#5532,#5533,#5534));
#5532=ORIENTED_EDGE('',*,*,#5535,.T.);
#5533=ORIENTED_EDGE('',*,*,#5536,.T.);
#5534=ORIENTED_EDGE('',*,*,#5537,.T.);
#5535=EDGE_CURVE('',#376,#398,#5538,.F.);
#5536=EDGE_CURVE('',#398,#374,#5539,.T.);
#5537=EDGE_CURVE('',#374,#376,#5540,.T.);
#5538=LINE('',#375,#5541);
#5539=LINE('',#397,#5542);
#5540=LINE('',#373,#5543);
#5541=VECTOR('',#5544,1.0);
#5542=VECTOR('',#5545,1.0);
#5543=VECTOR('',#5546,1.0);
#5544=DIRECTION('',(-0.9967521597194333,0,0.08053031786007972));
#5545=DIRECTION('',(-0.7744109589073731,0,-0.6326829116738991));
#5546=DIRECTION('',(1,0,0));
#5547=FACE_SURFACE('',(#5552),#5548,.T.);
#5548=PLANE('',#5549);
#5549=AXIS2_PLACEMENT_3D('',#373,#5550,#5551);
#5550=DIRECTION('',(0,-1,0));
#5551=DIRECTION('',(0.7744109589073731,0,0.6326829116738991));
#5552=FACE_BOUND('',#5553,.T.);
#5553=EDGE_LOOP('',(#5554,#5555,#5556));
#5554=ORIENTED_EDGE('',*,*,#5557,.T.);
#5555=ORIENTED_EDGE('',*,*,#5558,.T.);
#5556=ORIENTED_EDGE('',*,*,#5559,.T.);
#5557=EDGE_CURVE('',#374,#398,#5560,.F.);
#5558=EDGE_CURVE('',#398,#400,#5561,.T.);
#5559=EDGE_CURVE('',#400,#374,#5562,.T.);
#5560=LINE('',#373,#5563);
#5561=LINE('',#397,#5564);
#5562=LINE('',#399,#5565);
#5563=VECTOR('',#5566,1.0);
#5564=VECTOR('',#5567,1.0);
#5565=VECTOR('',#5568,1.0);
#5566=DIRECTION('',(0.7744109589073731,0,0.6326829116738991));
#5567=DIRECTION('',(-0.9238818129445898,0,-0.38267792686568436));
#5568=DIRECTION('',(-0.7536145414688937,0,-0.6573166077976651));
#5569=FACE_SURFACE('',(#5574),#5570,.T.);
#5570=PLANE('',#5571);
#5571=AXIS2_PLACEMENT_3D('',#373,#5572,#5573);
#5572=DIRECTION('',(0,-1,0));
#5573=DIRECTION('',(0.7536145414688937,0,0.6573166077976651));
#5574=FACE_BOUND('',#5575,.T.);
#5575=EDGE_LOOP('',(#5576,#5577,#5578));
#5576=ORIENTED_EDGE('',*,*,#5579,.T.);
#5577=ORIENTED_EDGE('',*,*,#5580,.T.);
#5578=ORIENTED_EDGE('',*,*,#5581,.T.);
#5579=EDGE_CURVE('',#374,#400,#5582,.F.);
#5580=EDGE_CURVE('',#400,#402,#5583,.T.);
#5581=EDGE_CURVE('',#402,#374,#5584,.T.);
#5582=LINE('',#373,#5585);
#5583=LINE('',#399,#5586);
#5584=LINE('',#401,#5587);
#5585=VECTOR('',#5588,1.0);
#5586=VECTOR('',#5589,1.0);
#5587=VECTOR('',#5590,1.0);
#5588=DIRECTION('',(0.7536145414688937,0,0.6573166077976651));
#5589=DIRECTION('',(-0.9914457401869079,0,-0.1305195167981957));
#5590=DIRECTION('',(-0.7071067811865476,0,-0.7071067811865476));
#5591=FACE_SURFACE('',(#5596),#5592,.T.);
#5592=PLANE('',#5593);
#5593=AXIS2_PLACEMENT_3D('',#377,#5594,#5595);
#5594=DIRECTION('',(-0,-1,-0));
#5595=DIRECTION('',(-1,0,0));
#5596=FACE_BOUND('',#5597,.T.);
#5597=EDGE_LOOP('',(#5598,#5599,#5600));
#5598=ORIENTED_EDGE('',*,*,#5601,.T.);
#5599=ORIENTED_EDGE('',*,*,#5602,.T.);
#5600=ORIENTED_EDGE('',*,*,#5603,.T.);
#5601=EDGE_CURVE('',#378,#380,#5604,.F.);
#5602=EDGE_CURVE('',#380,#376,#5605,.T.);
#5603=EDGE_CURVE('',#376,#378,#5606,.T.);
#5604=LINE('',#377,#5607);
#5605=LINE('',#379,#5608);
#5606=LINE('',#375,#5609);
#5607=VECTOR('',#5610,1.0);
#5608=VECTOR('',#5611,1.0);
#5609=VECTOR('',#5612,1.0);
#5610=DIRECTION('',(-1,0,0));
#5611=DIRECTION('',(0.964363079944839,0,-0.26458240689680007));
#5612=DIRECTION('',(0,0,1));
#5613=FACE_SURFACE('',(#5618),#5614,.T.);
#5614=PLANE('',#5615);
#5615=AXIS2_PLACEMENT_3D('',#375,#5616,#5617);
#5616=DIRECTION('',(0,-1,0));
#5617=DIRECTION('',(-0.964363079944839,0,0.26458240689680007));
#5618=FACE_BOUND('',#5619,.T.);
#5619=EDGE_LOOP('',(#5620,#5621,#5622));
#5620=ORIENTED_EDGE('',*,*,#5623,.T.);
#5621=ORIENTED_EDGE('',*,*,#5624,.T.);
#5622=ORIENTED_EDGE('',*,*,#5625,.T.);
#5623=EDGE_CURVE('',#376,#380,#5626,.F.);
#5624=EDGE_CURVE('',#380,#392,#5627,.T.);
#5625=EDGE_CURVE('',#392,#376,#5628,.T.);
#5626=LINE('',#375,#5629);
#5627=LINE('',#379,#5630);
#5628=LINE('',#391,#5631);
#5629=VECTOR('',#5632,1.0);
#5630=VECTOR('',#5633,1.0);
#5631=VECTOR('',#5634,1.0);
#5632=DIRECTION('',(-0.964363079944839,0,0.26458240689680007));
#5633=DIRECTION('',(-0.4859823388316152,0,-0.873968630068467));
#5634=DIRECTION('',(0.9936282783453323,0,-0.1127068962951719));
#5635=FACE_SURFACE('',(#5640),#5636,.T.);
#5636=PLANE('',#5637);
#5637=AXIS2_PLACEMENT_3D('',#375,#5638,#5639);
#5638=DIRECTION('',(0,-1,0));
#5639=DIRECTION('',(-0.9936282783453323,0,0.1127068962951719));
#5640=FACE_BOUND('',#5641,.T.);
#5641=EDGE_LOOP('',(#5642,#5643,#5644));
#5642=ORIENTED_EDGE('',*,*,#5645,.T.);
#5643=ORIENTED_EDGE('',*,*,#5646,.T.);
#5644=ORIENTED_EDGE('',*,*,#5647,.T.);
#5645=EDGE_CURVE('',#376,#392,#5648,.F.);
#5646=EDGE_CURVE('',#392,#394,#5649,.T.);
#5647=EDGE_CURVE('',#394,#376,#5650,.T.);
#5648=LINE('',#375,#5651);
#5649=LINE('',#391,#5652);
#5650=LINE('',#393,#5653);
#5651=VECTOR('',#5654,1.0);
#5652=VECTOR('',#5655,1.0);
#5653=VECTOR('',#5656,1.0);
#5654=DIRECTION('',(-0.9936282783453323,0,0.1127068962951719));
#5655=DIRECTION('',(-0.38267026535018583,0,-0.923884986357511));
#5656=DIRECTION('',(0.9949666102210444,0,-0.10020700846370197));
#5657=FACE_SURFACE('',(#5662),#5658,.T.);
#5658=PLANE('',#5659);
#5659=AXIS2_PLACEMENT_3D('',#381,#5660,#5661);
#5660=DIRECTION('',(0,-1,-0));
#5661=DIRECTION('',(-0.04196277002445025,0,-0.9991191750396321));
#5662=FACE_BOUND('',#5663,.T.);
#5663=EDGE_LOOP('',(#5664,#5665,#5666));
#5664=ORIENTED_EDGE('',*,*,#5667,.T.);
#5665=ORIENTED_EDGE('',*,*,#5668,.T.);
#5666=ORIENTED_EDGE('',*,*,#5669,.T.);
#5667=EDGE_CURVE('',#382,#422,#5670,.F.);
#5668=EDGE_CURVE('',#422,#380,#5671,.T.);
#5669=EDGE_CURVE('',#380,#382,#5672,.T.);
#5670=LINE('',#381,#5673);
#5671=LINE('',#421,#5674);
#5672=LINE('',#379,#5675);
#5673=VECTOR('',#5676,1.0);
#5674=VECTOR('',#5677,1.0);
#5675=VECTOR('',#5678,1.0);
#5676=DIRECTION('',(-0.04196277002445025,0,-0.9991191750396321));
#5677=DIRECTION('',(0.8781897181200925,0,0.47831247003204125));
#5678=DIRECTION('',(0,0,1));
#5679=FACE_SURFACE('',(#5684),#5680,.T.);
#5680=PLANE('',#5681);
#5681=AXIS2_PLACEMENT_3D('',#379,#5682,#5683);
#5682=DIRECTION('',(0,-1,0));
#5683=DIRECTION('',(-0.8781897181200925,0,-0.47831247003204125));
#5684=FACE_BOUND('',#5685,.T.);
#5685=EDGE_LOOP('',(#5686,#5687,#5688));
#5686=ORIENTED_EDGE('',*,*,#5689,.T.);
#5687=ORIENTED_EDGE('',*,*,#5690,.T.);
#5688=ORIENTED_EDGE('',*,*,#5691,.T.);
#5689=EDGE_CURVE('',#380,#422,#5692,.F.);
#5690=EDGE_CURVE('',#422,#424,#5693,.T.);
#5691=EDGE_CURVE('',#424,#380,#5694,.T.);
#5692=LINE('',#379,#5695);
#5693=LINE('',#421,#5696);
#5694=LINE('',#423,#5697);
#5695=VECTOR('',#5698,1.0);
#5696=VECTOR('',#5699,1.0);
#5697=VECTOR('',#5700,1.0);
#5698=DIRECTION('',(-0.8781897181200925,0,-0.47831247003204125));
#5699=DIRECTION('',(0.9238827425000258,0,0.382675682674809));
#5700=DIRECTION('',(0.8739694675501577,0,0.4859808327394135));
#5701=FACE_SURFACE('',(#5706),#5702,.T.);
#5702=PLANE('',#5703);
#5703=AXIS2_PLACEMENT_3D('',#379,#5704,#5705);
#5704=DIRECTION('',(0,-1,0));
#5705=DIRECTION('',(-0.8739694675501577,0,-0.4859808327394135));
#5706=FACE_BOUND('',#5707,.T.);
#5707=EDGE_LOOP('',(#5708,#5709,#5710));
#5708=ORIENTED_EDGE('',*,*,#5711,.T.);
#5709=ORIENTED_EDGE('',*,*,#5712,.T.);
#5710=ORIENTED_EDGE('',*,*,#5713,.T.);
#5711=EDGE_CURVE('',#380,#424,#5714,.F.);
#5712=EDGE_CURVE('',#424,#426,#5715,.T.);
#5713=EDGE_CURVE('',#426,#380,#5716,.T.);
#5714=LINE('',#379,#5717);
#5715=LINE('',#423,#5718);
#5716=LINE('',#425,#5719);
#5717=VECTOR('',#5720,1.0);
#5718=VECTOR('',#5721,1.0);
#5719=VECTOR('',#5722,1.0);
#5720=DIRECTION('',(-0.8739694675501577,0,-0.4859808327394135));
#5721=DIRECTION('',(0.9914442794149332,0,0.13053061256044057));
#5722=DIRECTION('',(0.8574929257125441,0,0.5144957554275265));
#5723=FACE_SURFACE('',(#5728),#5724,.T.);
#5724=PLANE('',#5725);
#5725=AXIS2_PLACEMENT_3D('',#467,#5726,#5727);
#5726=DIRECTION('',(0,-1,0));
#5727=DIRECTION('',(-0.9994070421907706,0,-0.0344320202645065));
#5728=FACE_BOUND('',#5729,.T.);
#5729=EDGE_LOOP('',(#5730,#5731,#5732));
#5730=ORIENTED_EDGE('',*,*,#5733,.T.);
#5731=ORIENTED_EDGE('',*,*,#5734,.T.);
#5732=ORIENTED_EDGE('',*,*,#5735,.T.);
#5733=EDGE_CURVE('',#468,#382,#5736,.F.);
#5734=EDGE_CURVE('',#382,#466,#5737,.T.);
#5735=EDGE_CURVE('',#466,#468,#5738,.T.);
#5736=LINE('',#467,#5739);
#5737=LINE('',#381,#5740);
#5738=LINE('',#465,#5741);
#5739=VECTOR('',#5742,1.0);
#5740=VECTOR('',#5743,1.0);
#5741=VECTOR('',#5744,1.0);
#5742=DIRECTION('',(-0.9994070421907706,0,-0.0344320202645065));
#5743=DIRECTION('',(0.9994793198880967,0,0.032265912601808826));
#5744=DIRECTION('',(0.6087854828585789,0,0.7933348825437131));
#5745=FACE_SURFACE('',(#5750),#5746,.T.);
#5746=PLANE('',#5747);
#5747=AXIS2_PLACEMENT_3D('',#465,#5748,#5749);
#5748=DIRECTION('',(0,-1,0));
#5749=DIRECTION('',(-0.9994793198880967,0,-0.032265912601808826));
#5750=FACE_BOUND('',#5751,.T.);
#5751=EDGE_LOOP('',(#5752,#5753,#5754));
#5752=ORIENTED_EDGE('',*,*,#5755,.T.);
#5753=ORIENTED_EDGE('',*,*,#5756,.T.);
#5754=ORIENTED_EDGE('',*,*,#5757,.T.);
#5755=EDGE_CURVE('',#466,#382,#5758,.F.);
#5756=EDGE_CURVE('',#382,#384,#5759,.T.);
#5757=EDGE_CURVE('',#384,#466,#5760,.T.);
#5758=LINE('',#465,#5761);
#5759=LINE('',#381,#5762);
#5760=LINE('',#383,#5763);
#5761=VECTOR('',#5764,1.0);
#5762=VECTOR('',#5765,1.0);
#5763=VECTOR('',#5766,1.0);
#5764=DIRECTION('',(-0.9994793198880967,0,-0.032265912601808826));
#5765=DIRECTION('',(1,0,0));
#5766=DIRECTION('',(0.47831156699794686,0,0.8781902099636323));
#5767=FACE_SURFACE('',(#5772),#5768,.T.);
#5768=PLANE('',#5769);
#5769=AXIS2_PLACEMENT_3D('',#465,#5770,#5771);
#5770=DIRECTION('',(0,-1,0));
#5771=DIRECTION('',(-0.47831156699794686,0,-0.8781902099636323));
#5772=FACE_BOUND('',#5773,.T.);
#5773=EDGE_LOOP('',(#5774,#5775,#5776));
#5774=ORIENTED_EDGE('',*,*,#5777,.T.);
#5775=ORIENTED_EDGE('',*,*,#5778,.T.);
#5776=ORIENTED_EDGE('',*,*,#5779,.T.);
#5777=EDGE_CURVE('',#466,#384,#5780,.F.);
#5778=EDGE_CURVE('',#384,#464,#5781,.T.);
#5779=EDGE_CURVE('',#464,#466,#5782,.T.);
#5780=LINE('',#465,#5783);
#5781=LINE('',#383,#5784);
#5782=LINE('',#463,#5785);
#5783=VECTOR('',#5786,1.0);
#5784=VECTOR('',#5787,1.0);
#5785=VECTOR('',#5788,1.0);
#5786=DIRECTION('',(-0.47831156699794686,0,-0.8781902099636323));
#5787=DIRECTION('',(0.48598247338322575,0,0.8739685552491704));
#5788=DIRECTION('',(0.3826427527687611,0,0.9238963815025714));
#5789=FACE_SURFACE('',(#5794),#5790,.T.);
#5790=PLANE('',#5791);
#5791=AXIS2_PLACEMENT_3D('',#463,#5792,#5793);
#5792=DIRECTION('',(0,-1,0));
#5793=DIRECTION('',(-0.48598247338322575,0,-0.8739685552491704));
#5794=FACE_BOUND('',#5795,.T.);
#5795=EDGE_LOOP('',(#5796,#5797,#5798));
#5796=ORIENTED_EDGE('',*,*,#5799,.T.);
#5797=ORIENTED_EDGE('',*,*,#5800,.T.);
#5798=ORIENTED_EDGE('',*,*,#5801,.T.);
#5799=EDGE_CURVE('',#464,#384,#5802,.F.);
#5800=EDGE_CURVE('',#384,#462,#5803,.T.);
#5801=EDGE_CURVE('',#462,#464,#5804,.T.);
#5802=LINE('',#463,#5805);
#5803=LINE('',#383,#5806);
#5804=LINE('',#461,#5807);
#5805=VECTOR('',#5808,1.0);
#5806=VECTOR('',#5809,1.0);
#5807=VECTOR('',#5810,1.0);
#5808=DIRECTION('',(-0.48598247338322575,0,-0.8739685552491704));
#5809=DIRECTION('',(0.5144957554275267,0,0.8574929257125441));
#5810=DIRECTION('',(0.13054815271159592,0,0.9914419699728219));
#5811=FACE_SURFACE('',(#5816),#5812,.T.);
#5812=PLANE('',#5813);
#5813=AXIS2_PLACEMENT_3D('',#461,#5814,#5815);
#5814=DIRECTION('',(0,-1,-0));
#5815=DIRECTION('',(-0.5144957554275267,0,-0.8574929257125441));
#5816=FACE_BOUND('',#5817,.T.);
#5817=EDGE_LOOP('',(#5818,#5819,#5820));
#5818=ORIENTED_EDGE('',*,*,#5821,.T.);
#5819=ORIENTED_EDGE('',*,*,#5822,.T.);
#5820=ORIENTED_EDGE('',*,*,#5823,.T.);
#5821=EDGE_CURVE('',#462,#384,#5824,.F.);
#5822=EDGE_CURVE('',#384,#460,#5825,.T.);
#5823=EDGE_CURVE('',#460,#462,#5826,.T.);
#5824=LINE('',#461,#5827);
#5825=LINE('',#383,#5828);
#5826=LINE('',#459,#5829);
#5827=VECTOR('',#5830,1.0);
#5828=VECTOR('',#5831,1.0);
#5829=VECTOR('',#5832,1.0);
#5830=DIRECTION('',(-0.5144957554275267,0,-0.8574929257125441));
#5831=DIRECTION('',(0.5648445036425348,0,0.8251973622745158));
#5832=DIRECTION('',(-0.13054815271159678,0,0.9914419699728216));
#5833=FACE_SURFACE('',(#5838),#5834,.T.);
#5834=PLANE('',#5835);
#5835=AXIS2_PLACEMENT_3D('',#459,#5836,#5837);
#5836=DIRECTION('',(0,-1,-0));
#5837=DIRECTION('',(-0.5648445036425348,0,-0.8251973622745158));
#5838=FACE_BOUND('',#5839,.T.);
#5839=EDGE_LOOP('',(#5840,#5841,#5842));
#5840=ORIENTED_EDGE('',*,*,#5843,.T.);
#5841=ORIENTED_EDGE('',*,*,#5844,.T.);
#5842=ORIENTED_EDGE('',*,*,#5845,.T.);
#5843=EDGE_CURVE('',#460,#384,#5846,.F.);
#5844=EDGE_CURVE('',#384,#458,#5847,.T.);
#5845=EDGE_CURVE('',#458,#460,#5848,.T.);
#5846=LINE('',#459,#5849);
#5847=LINE('',#383,#5850);
#5848=LINE('',#457,#5851);
#5849=VECTOR('',#5852,1.0);
#5850=VECTOR('',#5853,1.0);
#5851=VECTOR('',#5854,1.0);
#5852=DIRECTION('',(-0.5648445036425348,0,-0.8251973622745158));
#5853=DIRECTION('',(0.6326819828249236,0,0.7744117177630534));
#5854=DIRECTION('',(-0.38264275276875864,0,0.9238963815025723));
#5855=FACE_SURFACE('',(#5860),#5856,.T.);
#5856=PLANE('',#5857);
#5857=AXIS2_PLACEMENT_3D('',#457,#5858,#5859);
#5858=DIRECTION('',(0,-1,-0));
#5859=DIRECTION('',(-0.6326819828249236,0,-0.7744117177630534));
#5860=FACE_BOUND('',#5861,.T.);
#5861=EDGE_LOOP('',(#5862,#5863,#5864));
#5862=ORIENTED_EDGE('',*,*,#5865,.T.);
#5863=ORIENTED_EDGE('',*,*,#5866,.T.);
#5864=ORIENTED_EDGE('',*,*,#5867,.T.);
#5865=EDGE_CURVE('',#458,#384,#5868,.F.);
#5866=EDGE_CURVE('',#384,#456,#5869,.T.);
#5867=EDGE_CURVE('',#456,#458,#5870,.T.);
#5868=LINE('',#457,#5871);
#5869=LINE('',#383,#5872);
#5870=LINE('',#455,#5873);
#5871=VECTOR('',#5874,1.0);
#5872=VECTOR('',#5875,1.0);
#5873=VECTOR('',#5876,1.0);
#5874=DIRECTION('',(-0.6326819828249236,0,-0.7744117177630534));
#5875=DIRECTION('',(0.7071073727772534,0,0.7071061895953467));
#5876=DIRECTION('',(-0.6087836328072592,0,0.793336302223714));
#5877=FACE_SURFACE('',(#5882),#5878,.T.);
#5878=PLANE('',#5879);
#5879=AXIS2_PLACEMENT_3D('',#455,#5880,#5881);
#5880=DIRECTION('',(0,-1,-0));
#5881=DIRECTION('',(-0.7071073727772534,0,-0.7071061895953467));
#5882=FACE_BOUND('',#5883,.T.);
#5883=EDGE_LOOP('',(#5884,#5885,#5886));
#5884=ORIENTED_EDGE('',*,*,#5887,.T.);
#5885=ORIENTED_EDGE('',*,*,#5888,.T.);
#5886=ORIENTED_EDGE('',*,*,#5889,.T.);
#5887=EDGE_CURVE('',#456,#384,#5890,.F.);
#5888=EDGE_CURVE('',#384,#454,#5891,.T.);
#5889=EDGE_CURVE('',#454,#456,#5892,.T.);
#5890=LINE('',#455,#5893);
#5891=LINE('',#383,#5894);
#5892=LINE('',#453,#5895);
#5893=VECTOR('',#5896,1.0);
#5894=VECTOR('',#5897,1.0);
#5895=VECTOR('',#5898,1.0);
#5896=DIRECTION('',(-0.7071073727772534,0,-0.7071061895953467));
#5897=DIRECTION('',(0.7744105794796745,0,0.632683376097361));
#5898=DIRECTION('',(-0.7933486938380481,0,0.6087674843365594));
#5899=FACE_SURFACE('',(#5904),#5900,.T.);
#5900=PLANE('',#5901);
#5901=AXIS2_PLACEMENT_3D('',#453,#5902,#5903);
#5902=DIRECTION('',(0,-1,-0));
#5903=DIRECTION('',(-0.7744105794796745,0,-0.632683376097361));
#5904=FACE_BOUND('',#5905,.T.);
#5905=EDGE_LOOP('',(#5906,#5907,#5908));
#5906=ORIENTED_EDGE('',*,*,#5909,.T.);
#5907=ORIENTED_EDGE('',*,*,#5910,.T.);
#5908=ORIENTED_EDGE('',*,*,#5911,.T.);
#5909=EDGE_CURVE('',#454,#384,#5912,.F.);
#5910=EDGE_CURVE('',#384,#452,#5913,.T.);
#5911=EDGE_CURVE('',#452,#454,#5914,.T.);
#5912=LINE('',#453,#5915);
#5913=LINE('',#383,#5916);
#5914=LINE('',#451,#5917);
#5915=VECTOR('',#5918,1.0);
#5916=VECTOR('',#5919,1.0);
#5917=VECTOR('',#5920,1.0);
#5918=DIRECTION('',(-0.7744105794796745,0,-0.632683376097361));
#5919=DIRECTION('',(0.8251987444114185,0,0.5648424844342168));
#5920=DIRECTION('',(-0.9238818129445878,0,0.3826779268656891));
#5921=FACE_SURFACE('',(#5926),#5922,.T.);
#5922=PLANE('',#5923);
#5923=AXIS2_PLACEMENT_3D('',#451,#5924,#5925);
#5924=DIRECTION('',(0,-1,-0));
#5925=DIRECTION('',(-0.8251987444114185,0,-0.5648424844342168));
#5926=FACE_BOUND('',#5927,.T.);
#5927=EDGE_LOOP('',(#5928,#5929,#5930));
#5928=ORIENTED_EDGE('',*,*,#5931,.T.);
#5929=ORIENTED_EDGE('',*,*,#5932,.T.);
#5930=ORIENTED_EDGE('',*,*,#5933,.T.);
#5931=EDGE_CURVE('',#452,#384,#5934,.F.);
#5932=EDGE_CURVE('',#384,#450,#5935,.T.);
#5933=EDGE_CURVE('',#450,#452,#5936,.T.);
#5934=LINE('',#451,#5937);
#5935=LINE('',#383,#5938);
#5936=LINE('',#449,#5939);
#5937=VECTOR('',#5940,1.0);
#5938=VECTOR('',#5941,1.0);
#5939=VECTOR('',#5942,1.0);
#5940=DIRECTION('',(-0.8251987444114185,0,-0.5648424844342168));
#5941=DIRECTION('',(0.8574929257125441,0,0.5144957554275265));
#5942=DIRECTION('',(-0.9914447487517178,0,0.13052704766692302));
#5943=FACE_SURFACE('',(#5948),#5944,.T.);
#5944=PLANE('',#5945);
#5945=AXIS2_PLACEMENT_3D('',#449,#5946,#5947);
#5946=DIRECTION('',(0,-1,-0));
#5947=DIRECTION('',(-0.8574929257125441,0,-0.5144957554275265));
#5948=FACE_BOUND('',#5949,.T.);
#5949=EDGE_LOOP('',(#5950,#5951,#5952));
#5950=ORIENTED_EDGE('',*,*,#5953,.T.);
#5951=ORIENTED_EDGE('',*,*,#5954,.T.);
#5952=ORIENTED_EDGE('',*,*,#5955,.T.);
#5953=EDGE_CURVE('',#450,#384,#5956,.F.);
#5954=EDGE_CURVE('',#384,#448,#5957,.T.);
#5955=EDGE_CURVE('',#448,#450,#5958,.T.);
#5956=LINE('',#449,#5959);
#5957=LINE('',#383,#5960);
#5958=LINE('',#447,#5961);
#5959=VECTOR('',#5962,1.0);
#5960=VECTOR('',#5963,1.0);
#5961=VECTOR('',#5964,1.0);
#5962=DIRECTION('',(-0.8574929257125441,0,-0.5144957554275265));
#5963=DIRECTION('',(0.8739691381014465,0,0.48598142520698734));
#5964=DIRECTION('',(-0.9914447487517158,0,-0.1305270476669371));
#5965=FACE_SURFACE('',(#5970),#5966,.T.);
#5966=PLANE('',#5967);
#5967=AXIS2_PLACEMENT_3D('',#447,#5968,#5969);
#5968=DIRECTION('',(0,-1,-0));
#5969=DIRECTION('',(-0.8739691381014465,0,-0.48598142520698734));
#5970=FACE_BOUND('',#5971,.T.);
#5971=EDGE_LOOP('',(#5972,#5973,#5974));
#5972=ORIENTED_EDGE('',*,*,#5975,.T.);
#5973=ORIENTED_EDGE('',*,*,#5976,.T.);
#5974=ORIENTED_EDGE('',*,*,#5977,.T.);
#5975=EDGE_CURVE('',#448,#384,#5978,.F.);
#5976=EDGE_CURVE('',#384,#446,#5979,.T.);
#5977=EDGE_CURVE('',#446,#448,#5980,.T.);
#5978=LINE('',#447,#5981);
#5979=LINE('',#383,#5982);
#5980=LINE('',#445,#5983);
#5981=VECTOR('',#5984,1.0);
#5982=VECTOR('',#5985,1.0);
#5983=VECTOR('',#5986,1.0);
#5984=DIRECTION('',(-0.8739691381014465,0,-0.48598142520698734));
#5985=DIRECTION('',(0.8781894721981821,0,0.4783129215485175));
#5986=DIRECTION('',(-0.9238818129446038,0,-0.3826779268656506));
#5987=FACE_SURFACE('',(#5992),#5988,.T.);
#5988=PLANE('',#5989);
#5989=AXIS2_PLACEMENT_3D('',#445,#5990,#5991);
#5990=DIRECTION('',(0,-1,-0));
#5991=DIRECTION('',(-0.8781894721981821,0,-0.4783129215485175));
#5992=FACE_BOUND('',#5993,.T.);
#5993=EDGE_LOOP('',(#5994,#5995,#5996));
#5994=ORIENTED_EDGE('',*,*,#5997,.T.);
#5995=ORIENTED_EDGE('',*,*,#5998,.T.);
#5996=ORIENTED_EDGE('',*,*,#5999,.T.);
#5997=EDGE_CURVE('',#446,#384,#6000,.F.);
#5998=EDGE_CURVE('',#384,#388,#6001,.T.);
#5999=EDGE_CURVE('',#388,#446,#6002,.T.);
#6000=LINE('',#445,#6003);
#6001=LINE('',#383,#6004);
#6002=LINE('',#387,#6005);
#6003=VECTOR('',#6006,1.0);
#6004=VECTOR('',#6007,1.0);
#6005=VECTOR('',#6008,1.0);
#6006=DIRECTION('',(-0.8781894721981821,0,-0.4783129215485175));
#6007=DIRECTION('',(0.11770645898538729,0,-0.9930484326119857));
#6008=DIRECTION('',(-0.04559666778927986,0,0.9989599310715691));
#6009=FACE_SURFACE('',(#6014),#6010,.T.);
#6010=PLANE('',#6011);
#6011=AXIS2_PLACEMENT_3D('',#445,#6012,#6013);
#6012=DIRECTION('',(0,-1,0));
#6013=DIRECTION('',(0.04559666778927986,0,-0.9989599310715691));
#6014=FACE_BOUND('',#6015,.T.);
#6015=EDGE_LOOP('',(#6016,#6017,#6018));
#6016=ORIENTED_EDGE('',*,*,#6019,.T.);
#6017=ORIENTED_EDGE('',*,*,#6020,.T.);
#6018=ORIENTED_EDGE('',*,*,#6021,.T.);
#6019=EDGE_CURVE('',#446,#388,#6022,.F.);
#6020=EDGE_CURVE('',#388,#444,#6023,.T.);
#6021=EDGE_CURVE('',#444,#446,#6024,.T.);
#6022=LINE('',#445,#6025);
#6023=LINE('',#387,#6026);
#6024=LINE('',#443,#6027);
#6025=VECTOR('',#6028,1.0);
#6026=VECTOR('',#6029,1.0);
#6027=VECTOR('',#6030,1.0);
#6028=DIRECTION('',(0.04559666778927986,0,-0.9989599310715691));
#6029=DIRECTION('',(-0.04073589167774661,0,0.9991699490723381));
#6030=DIRECTION('',(-0.7933486938380077,0,-0.6087674843366119));
#6031=FACE_SURFACE('',(#6036),#6032,.T.);
#6032=PLANE('',#6033);
#6033=AXIS2_PLACEMENT_3D('',#443,#6034,#6035);
#6034=DIRECTION('',(0,-1,0));
#6035=DIRECTION('',(0.04073589167774661,0,-0.9991699490723381));
#6036=FACE_BOUND('',#6037,.T.);
#6037=EDGE_LOOP('',(#6038,#6039,#6040));
#6038=ORIENTED_EDGE('',*,*,#6041,.T.);
#6039=ORIENTED_EDGE('',*,*,#6042,.T.);
#6040=ORIENTED_EDGE('',*,*,#6043,.T.);
#6041=EDGE_CURVE('',#444,#388,#6044,.F.);
#6042=EDGE_CURVE('',#388,#442,#6045,.T.);
#6043=EDGE_CURVE('',#442,#444,#6046,.T.);
#6044=LINE('',#443,#6047);
#6045=LINE('',#387,#6048);
#6046=LINE('',#441,#6049);
#6047=VECTOR('',#6050,1.0);
#6048=VECTOR('',#6051,1.0);
#6049=VECTOR('',#6052,1.0);
#6050=DIRECTION('',(0.04073589167774661,0,-0.9991699490723381));
#6051=DIRECTION('',(-0.03695670651208647,0,0.9993168675869428));
#6052=DIRECTION('',(-0.6087450564251833,0,-0.793365903148037));
#6053=FACE_SURFACE('',(#6058),#6054,.T.);
#6054=PLANE('',#6055);
#6055=AXIS2_PLACEMENT_3D('',#441,#6056,#6057);
#6056=DIRECTION('',(0,-1,0));
#6057=DIRECTION('',(0.03695670651208647,0,-0.9993168675869428));
#6058=FACE_BOUND('',#6059,.T.);
#6059=EDGE_LOOP('',(#6060,#6061,#6062));
#6060=ORIENTED_EDGE('',*,*,#6063,.T.);
#6061=ORIENTED_EDGE('',*,*,#6064,.T.);
#6062=ORIENTED_EDGE('',*,*,#6065,.T.);
#6063=EDGE_CURVE('',#442,#388,#6066,.F.);
#6064=EDGE_CURVE('',#388,#54,#6067,.T.);
#6065=EDGE_CURVE('',#54,#442,#6068,.T.);
#6066=LINE('',#441,#6069);
#6067=LINE('',#387,#6070);
#6068=LINE('',#53,#6071);
#6069=VECTOR('',#6072,1.0);
#6070=VECTOR('',#6073,1.0);
#6071=VECTOR('',#6074,1.0);
#6072=DIRECTION('',(0.03695670651208647,0,-0.9993168675869428));
#6073=DIRECTION('',(0,0,1));
#6074=DIRECTION('',(-0.6326856982044363,0,-0.7744086823425762));
#6075=FACE_SURFACE('',(#6080),#6076,.T.);
#6076=PLANE('',#6077);
#6077=AXIS2_PLACEMENT_3D('',#441,#6078,#6079);
#6078=DIRECTION('',(0,-1,0));
#6079=DIRECTION('',(0.6326856982044363,0,0.7744086823425762));
#6080=FACE_BOUND('',#6081,.T.);
#6081=EDGE_LOOP('',(#6082,#6083,#6084));
#6082=ORIENTED_EDGE('',*,*,#6085,.T.);
#6083=ORIENTED_EDGE('',*,*,#6086,.T.);
#6084=ORIENTED_EDGE('',*,*,#6087,.T.);
#6085=EDGE_CURVE('',#442,#54,#6088,.F.);
#6086=EDGE_CURVE('',#54,#440,#6089,.T.);
#6087=EDGE_CURVE('',#440,#442,#6090,.T.);
#6088=LINE('',#441,#6091);
#6089=LINE('',#53,#6092);
#6090=LINE('',#439,#6093);
#6091=VECTOR('',#6094,1.0);
#6092=VECTOR('',#6095,1.0);
#6093=VECTOR('',#6096,1.0);
#6094=DIRECTION('',(0.6326856982044363,0,0.7744086823425762));
#6095=DIRECTION('',(-0.6573140242508017,0,-0.7536167948786814));
#6096=DIRECTION('',(-0.38274738033605293,0,-0.9238530418015026));
#6097=FACE_SURFACE('',(#6102),#6098,.T.);
#6098=PLANE('',#6099);
#6099=AXIS2_PLACEMENT_3D('',#439,#6100,#6101);
#6100=DIRECTION('',(0,-1,0));
#6101=DIRECTION('',(0.6573140242508017,0,0.7536167948786814));
#6102=FACE_BOUND('',#6103,.T.);
#6103=EDGE_LOOP('',(#6104,#6105,#6106));
#6104=ORIENTED_EDGE('',*,*,#6107,.T.);
#6105=ORIENTED_EDGE('',*,*,#6108,.T.);
#6106=ORIENTED_EDGE('',*,*,#6109,.T.);
#6107=EDGE_CURVE('',#440,#54,#6110,.F.);
#6108=EDGE_CURVE('',#54,#438,#6111,.T.);
#6109=EDGE_CURVE('',#438,#440,#6112,.T.);
#6110=LINE('',#439,#6113);
#6111=LINE('',#53,#6114);
#6112=LINE('',#437,#6115);
#6113=VECTOR('',#6116,1.0);
#6114=VECTOR('',#6117,1.0);
#6115=VECTOR('',#6118,1.0);
#6116=DIRECTION('',(0.6573140242508017,0,0.7536167948786814));
#6117=DIRECTION('',(-0.7071067811865476,0,-0.7071067811865476));
#6118=DIRECTION('',(-0.13048790633420812,0,-0.9914499010542664));
#6119=FACE_SURFACE('',(#6124),#6120,.T.);
#6120=PLANE('',#6121);
#6121=AXIS2_PLACEMENT_3D('',#437,#6122,#6123);
#6122=DIRECTION('',(0,-1,0));
#6123=DIRECTION('',(0.7071067811865476,0,0.7071067811865476));
#6124=FACE_BOUND('',#6125,.T.);
#6125=EDGE_LOOP('',(#6126,#6127,#6128));
#6126=ORIENTED_EDGE('',*,*,#6129,.T.);
#6127=ORIENTED_EDGE('',*,*,#6130,.T.);
#6128=ORIENTED_EDGE('',*,*,#6131,.T.);
#6129=EDGE_CURVE('',#438,#54,#6132,.F.);
#6130=EDGE_CURVE('',#54,#484,#6133,.T.);
#6131=EDGE_CURVE('',#484,#438,#6134,.T.);
#6132=LINE('',#437,#6135);
#6133=LINE('',#53,#6136);
#6134=LINE('',#483,#6137);
#6135=VECTOR('',#6138,1.0);
#6136=VECTOR('',#6139,1.0);
#6137=VECTOR('',#6140,1.0);
#6138=DIRECTION('',(0.7071067811865476,0,0.7071067811865476));
#6139=DIRECTION('',(-0.7774134498307244,0,-0.6289899268051053));
#6140=DIRECTION('',(0.13048790633420723,0,-0.9914499010542666));
#6141=FACE_SURFACE('',(#6146),#6142,.T.);
#6142=PLANE('',#6143);
#6143=AXIS2_PLACEMENT_3D('',#483,#6144,#6145);
#6144=DIRECTION('',(0,-1,0));
#6145=DIRECTION('',(0.7774134498307244,0,0.6289899268051053));
#6146=FACE_BOUND('',#6147,.T.);
#6147=EDGE_LOOP('',(#6148,#6149,#6150));
#6148=ORIENTED_EDGE('',*,*,#6151,.T.);
#6149=ORIENTED_EDGE('',*,*,#6152,.T.);
#6150=ORIENTED_EDGE('',*,*,#6153,.T.);
#6151=EDGE_CURVE('',#484,#54,#6154,.F.);
#6152=EDGE_CURVE('',#54,#482,#6155,.T.);
#6153=EDGE_CURVE('',#482,#484,#6156,.T.);
#6154=LINE('',#483,#6157);
#6155=LINE('',#53,#6158);
#6156=LINE('',#481,#6159);
#6157=VECTOR('',#6160,1.0);
#6158=VECTOR('',#6161,1.0);
#6159=VECTOR('',#6162,1.0);
#6160=DIRECTION('',(0.7774134498307244,0,0.6289899268051053));
#6161=DIRECTION('',(-0.8529438943361553,0,-0.5220025987623755));
#6162=DIRECTION('',(0.38274738033605527,0,-0.9238530418015015));
#6163=FACE_SURFACE('',(#6168),#6164,.T.);
#6164=PLANE('',#6165);
#6165=AXIS2_PLACEMENT_3D('',#383,#6166,#6167);
#6166=DIRECTION('',(0,-1,0));
#6167=DIRECTION('',(0,0,-1));
#6168=FACE_BOUND('',#6169,.T.);
#6169=EDGE_LOOP('',(#6170,#6171,#6172));
#6170=ORIENTED_EDGE('',*,*,#6173,.T.);
#6171=ORIENTED_EDGE('',*,*,#6174,.T.);
#6172=ORIENTED_EDGE('',*,*,#6175,.T.);
#6173=EDGE_CURVE('',#384,#386,#6176,.F.);
#6174=EDGE_CURVE('',#386,#388,#6177,.T.);
#6175=EDGE_CURVE('',#388,#384,#6178,.T.);
#6176=LINE('',#383,#6179);
#6177=LINE('',#385,#6180);
#6178=LINE('',#387,#6181);
#6179=VECTOR('',#6182,1.0);
#6180=VECTOR('',#6183,1.0);
#6181=VECTOR('',#6184,1.0);
#6182=DIRECTION('',(0,0,-1));
#6183=DIRECTION('',(1,0,0));
#6184=DIRECTION('',(-0.11770645898538729,0,0.9930484326119857));
#6185=FACE_SURFACE('',(#6190),#6186,.T.);
#6186=PLANE('',#6187);
#6187=AXIS2_PLACEMENT_3D('',#435,#6188,#6189);
#6188=DIRECTION('',(0,-1,0));
#6189=DIRECTION('',(0.13054765691048803,0,-0.9914420352573223));
#6190=FACE_BOUND('',#6191,.T.);
#6191=EDGE_LOOP('',(#6192,#6193,#6194));
#6192=ORIENTED_EDGE('',*,*,#6195,.T.);
#6193=ORIENTED_EDGE('',*,*,#6196,.T.);
#6194=ORIENTED_EDGE('',*,*,#6197,.T.);
#6195=EDGE_CURVE('',#436,#390,#6198,.F.);
#6196=EDGE_CURVE('',#390,#380,#6199,.T.);
#6197=EDGE_CURVE('',#380,#436,#6200,.T.);
#6198=LINE('',#435,#6201);
#6199=LINE('',#389,#6202);
#6200=LINE('',#379,#6203);
#6201=VECTOR('',#6204,1.0);
#6202=VECTOR('',#6205,1.0);
#6203=VECTOR('',#6206,1.0);
#6204=DIRECTION('',(0.13054765691048803,0,-0.9914420352573223));
#6205=DIRECTION('',(0.5144957554275265,0,0.8574929257125441));
#6206=DIRECTION('',(-0.5648446752624755,0,-0.8251972448012831));
#6207=FACE_SURFACE('',(#6212),#6208,.T.);
#6208=PLANE('',#6209);
#6209=AXIS2_PLACEMENT_3D('',#379,#6210,#6211);
#6210=DIRECTION('',(0,-1,0));
#6211=DIRECTION('',(-0.5144957554275265,0,-0.8574929257125441));
#6212=FACE_BOUND('',#6213,.T.);
#6213=EDGE_LOOP('',(#6214,#6215,#6216));
#6214=ORIENTED_EDGE('',*,*,#6217,.T.);
#6215=ORIENTED_EDGE('',*,*,#6218,.T.);
#6216=ORIENTED_EDGE('',*,*,#6219,.T.);
#6217=EDGE_CURVE('',#380,#390,#6220,.F.);
#6218=EDGE_CURVE('',#390,#392,#6221,.T.);
#6219=EDGE_CURVE('',#392,#380,#6222,.T.);
#6220=LINE('',#379,#6223);
#6221=LINE('',#389,#6224);
#6222=LINE('',#391,#6225);
#6223=VECTOR('',#6226,1.0);
#6224=VECTOR('',#6227,1.0);
#6225=VECTOR('',#6228,1.0);
#6226=DIRECTION('',(-0.5144957554275265,0,-0.8574929257125441));
#6227=DIRECTION('',(-0.13054765691048803,0,-0.9914420352573223));
#6228=DIRECTION('',(0.4859823388316152,0,0.873968630068467));
#6229=FACE_SURFACE('',(#6234),#6230,.T.);
#6230=PLANE('',#6231);
#6231=AXIS2_PLACEMENT_3D('',#393,#6232,#6233);
#6232=DIRECTION('',(0,-1,-0));
#6233=DIRECTION('',(-0.6087624951021932,0,-0.7933525222478038));
#6234=FACE_BOUND('',#6235,.T.);
#6235=EDGE_LOOP('',(#6236,#6237,#6238));
#6236=ORIENTED_EDGE('',*,*,#6239,.T.);
#6237=ORIENTED_EDGE('',*,*,#6240,.T.);
#6238=ORIENTED_EDGE('',*,*,#6241,.T.);
#6239=EDGE_CURVE('',#394,#396,#6242,.F.);
#6240=EDGE_CURVE('',#396,#376,#6243,.T.);
#6241=EDGE_CURVE('',#376,#394,#6244,.T.);
#6242=LINE('',#393,#6245);
#6243=LINE('',#395,#6246);
#6244=LINE('',#375,#6247);
#6245=VECTOR('',#6248,1.0);
#6246=VECTOR('',#6249,1.0);
#6247=VECTOR('',#6250,1.0);
#6248=DIRECTION('',(-0.6087624951021932,0,-0.7933525222478038));
#6249=DIRECTION('',(0.9960127769236744,0,-0.08921069557396576));
#6250=DIRECTION('',(-0.9949666102210444,0,0.10020700846370197));
#6251=FACE_SURFACE('',(#6256),#6252,.T.);
#6252=PLANE('',#6253);
#6253=AXIS2_PLACEMENT_3D('',#375,#6254,#6255);
#6254=DIRECTION('',(0,-1,0));
#6255=DIRECTION('',(-0.9960127769236744,0,0.08921069557396576));
#6256=FACE_BOUND('',#6257,.T.);
#6257=EDGE_LOOP('',(#6258,#6259,#6260));
#6258=ORIENTED_EDGE('',*,*,#6261,.T.);
#6259=ORIENTED_EDGE('',*,*,#6262,.T.);
#6260=ORIENTED_EDGE('',*,*,#6263,.T.);
#6261=EDGE_CURVE('',#376,#396,#6264,.F.);
#6262=EDGE_CURVE('',#396,#398,#6265,.T.);
#6263=EDGE_CURVE('',#398,#376,#6266,.T.);
#6264=LINE('',#375,#6267);
#6265=LINE('',#395,#6268);
#6266=LINE('',#397,#6269);
#6267=VECTOR('',#6270,1.0);
#6268=VECTOR('',#6271,1.0);
#6269=VECTOR('',#6272,1.0);
#6270=DIRECTION('',(-0.9960127769236744,0,0.08921069557396576));
#6271=DIRECTION('',(-0.7933468437558128,0,-0.6087698953649809));
#6272=DIRECTION('',(0.9967521597194333,0,-0.08053031786007972));
#6273=FACE_SURFACE('',(#6278),#6274,.T.);
#6274=PLANE('',#6275);
#6275=AXIS2_PLACEMENT_3D('',#401,#6276,#6277);
#6276=DIRECTION('',(-0,-1,0));
#6277=DIRECTION('',(-0.9914462622210863,0,0.1305155512873342));
#6278=FACE_BOUND('',#6279,.T.);
#6279=EDGE_LOOP('',(#6280,#6281,#6282));
#6280=ORIENTED_EDGE('',*,*,#6283,.T.);
#6281=ORIENTED_EDGE('',*,*,#6284,.T.);
#6282=ORIENTED_EDGE('',*,*,#6285,.T.);
#6283=EDGE_CURVE('',#402,#404,#6286,.F.);
#6284=EDGE_CURVE('',#404,#374,#6287,.T.);
#6285=EDGE_CURVE('',#374,#402,#6288,.T.);
#6286=LINE('',#401,#6289);
#6287=LINE('',#403,#6290);
#6288=LINE('',#373,#6291);
#6289=VECTOR('',#6292,1.0);
#6290=VECTOR('',#6293,1.0);
#6291=VECTOR('',#6294,1.0);
#6292=DIRECTION('',(-0.9914462622210863,0,0.1305155512873342));
#6293=DIRECTION('',(-0.6289864130114614,0,-0.7774162927588896));
#6294=DIRECTION('',(0.7071067811865476,0,0.7071067811865476));
#6295=FACE_SURFACE('',(#6300),#6296,.T.);
#6296=PLANE('',#6297);
#6297=AXIS2_PLACEMENT_3D('',#373,#6298,#6299);
#6298=DIRECTION('',(0,-1,0));
#6299=DIRECTION('',(0.6289864130114614,0,0.7774162927588896));
#6300=FACE_BOUND('',#6301,.T.);
#6301=EDGE_LOOP('',(#6302,#6303,#6304));
#6302=ORIENTED_EDGE('',*,*,#6305,.T.);
#6303=ORIENTED_EDGE('',*,*,#6306,.T.);
#6304=ORIENTED_EDGE('',*,*,#6307,.T.);
#6305=EDGE_CURVE('',#374,#404,#6308,.F.);
#6306=EDGE_CURVE('',#404,#406,#6309,.T.);
#6307=EDGE_CURVE('',#406,#374,#6310,.T.);
#6308=LINE('',#373,#6311);
#6309=LINE('',#403,#6312);
#6310=LINE('',#405,#6313);
#6311=VECTOR('',#6314,1.0);
#6312=VECTOR('',#6315,1.0);
#6313=VECTOR('',#6316,1.0);
#6314=DIRECTION('',(0.6289864130114614,0,0.7774162927588896));
#6315=DIRECTION('',(-0.9238773250445074,0,0.3826887616178527));
#6316=DIRECTION('',(-0.5220053877650312,0,-0.8529421874572035));
#6317=FACE_SURFACE('',(#6322),#6318,.T.);
#6318=PLANE('',#6319);
#6319=AXIS2_PLACEMENT_3D('',#419,#6320,#6321);
#6320=DIRECTION('',(0,-1,0));
#6321=DIRECTION('',(0.7933582005327457,0,0.6087550949663122));
#6322=FACE_BOUND('',#6323,.T.);
#6323=EDGE_LOOP('',(#6324,#6325,#6326));
#6324=ORIENTED_EDGE('',*,*,#6327,.T.);
#6325=ORIENTED_EDGE('',*,*,#6328,.T.);
#6326=ORIENTED_EDGE('',*,*,#6329,.T.);
#6327=EDGE_CURVE('',#420,#422,#6330,.F.);
#6328=EDGE_CURVE('',#422,#382,#6331,.T.);
#6329=EDGE_CURVE('',#382,#420,#6332,.T.);
#6330=LINE('',#419,#6333);
#6331=LINE('',#421,#6334);
#6332=LINE('',#381,#6335);
#6333=VECTOR('',#6336,1.0);
#6334=VECTOR('',#6337,1.0);
#6335=VECTOR('',#6338,1.0);
#6336=DIRECTION('',(0.7933582005327457,0,0.6087550949663122));
#6337=DIRECTION('',(0.04196277002445025,0,0.9991191750396321));
#6338=DIRECTION('',(-0.04475475387123287,0,-0.9989980040049757));
#6339=FACE_SURFACE('',(#6344),#6340,.T.);
#6340=PLANE('',#6341);
#6341=AXIS2_PLACEMENT_3D('',#425,#6342,#6343);
#6342=DIRECTION('',(0,-1,0));
#6343=DIRECTION('',(0.9914437572613084,0,-0.13053457851305142));
#6344=FACE_BOUND('',#6345,.T.);
#6345=EDGE_LOOP('',(#6346,#6347,#6348));
#6346=ORIENTED_EDGE('',*,*,#6349,.T.);
#6347=ORIENTED_EDGE('',*,*,#6350,.T.);
#6348=ORIENTED_EDGE('',*,*,#6351,.T.);
#6349=EDGE_CURVE('',#426,#428,#6352,.F.);
#6350=EDGE_CURVE('',#428,#380,#6353,.T.);
#6351=EDGE_CURVE('',#380,#426,#6354,.T.);
#6352=LINE('',#425,#6355);
#6353=LINE('',#427,#6356);
#6354=LINE('',#379,#6357);
#6355=VECTOR('',#6358,1.0);
#6356=VECTOR('',#6359,1.0);
#6357=VECTOR('',#6360,1.0);
#6358=DIRECTION('',(0.9914437572613084,0,-0.13053457851305142));
#6359=DIRECTION('',(0.8251984011721532,0,0.5648429858845043));
#6360=DIRECTION('',(-0.8574929257125441,0,-0.5144957554275265));
#6361=FACE_SURFACE('',(#6366),#6362,.T.);
#6362=PLANE('',#6363);
#6363=AXIS2_PLACEMENT_3D('',#379,#6364,#6365);
#6364=DIRECTION('',(0,-1,0));
#6365=DIRECTION('',(-0.8251984011721532,0,-0.5648429858845043));
#6366=FACE_BOUND('',#6367,.T.);
#6367=EDGE_LOOP('',(#6368,#6369,#6370));
#6368=ORIENTED_EDGE('',*,*,#6371,.T.);
#6369=ORIENTED_EDGE('',*,*,#6372,.T.);
#6370=ORIENTED_EDGE('',*,*,#6373,.T.);
#6371=EDGE_CURVE('',#380,#428,#6374,.F.);
#6372=EDGE_CURVE('',#428,#430,#6375,.T.);
#6373=EDGE_CURVE('',#430,#380,#6376,.T.);
#6374=LINE('',#379,#6377);
#6375=LINE('',#427,#6378);
#6376=LINE('',#429,#6379);
#6377=VECTOR('',#6380,1.0);
#6378=VECTOR('',#6381,1.0);
#6379=VECTOR('',#6382,1.0);
#6380=DIRECTION('',(-0.8251984011721532,0,-0.5648429858845043));
#6381=DIRECTION('',(0.9238872301196647,0,-0.38266484816587715));
#6382=DIRECTION('',(0.7744109589073731,0,0.6326829116738991));
#6383=FACE_SURFACE('',(#6388),#6384,.T.);
#6384=PLANE('',#6385);
#6385=AXIS2_PLACEMENT_3D('',#379,#6386,#6387);
#6386=DIRECTION('',(0,-1,0));
#6387=DIRECTION('',(-0.7744109589073731,0,-0.6326829116738991));
#6388=FACE_BOUND('',#6389,.T.);
#6389=EDGE_LOOP('',(#6390,#6391,#6392));
#6390=ORIENTED_EDGE('',*,*,#6393,.T.);
#6391=ORIENTED_EDGE('',*,*,#6394,.T.);
#6392=ORIENTED_EDGE('',*,*,#6395,.T.);
#6393=EDGE_CURVE('',#380,#430,#6396,.F.);
#6394=EDGE_CURVE('',#430,#432,#6397,.T.);
#6395=EDGE_CURVE('',#432,#380,#6398,.T.);
#6396=LINE('',#379,#6399);
#6397=LINE('',#429,#6400);
#6398=LINE('',#431,#6401);
#6399=VECTOR('',#6402,1.0);
#6400=VECTOR('',#6403,1.0);
#6401=VECTOR('',#6404,1.0);
#6402=DIRECTION('',(-0.7744109589073731,0,-0.6326829116738991));
#6403=DIRECTION('',(0.7933468437558128,0,-0.6087698953649809));
#6404=DIRECTION('',(0.70710756997427,0,0.707105992397945));
#6405=FACE_SURFACE('',(#6410),#6406,.T.);
#6406=PLANE('',#6407);
#6407=AXIS2_PLACEMENT_3D('',#431,#6408,#6409);
#6408=DIRECTION('',(0,-1,0));
#6409=DIRECTION('',(0.6087624951021932,0,-0.7933525222478038));
#6410=FACE_BOUND('',#6411,.T.);
#6411=EDGE_LOOP('',(#6412,#6413,#6414));
#6412=ORIENTED_EDGE('',*,*,#6415,.T.);
#6413=ORIENTED_EDGE('',*,*,#6416,.T.);
#6414=ORIENTED_EDGE('',*,*,#6417,.T.);
#6415=EDGE_CURVE('',#432,#434,#6418,.F.);
#6416=EDGE_CURVE('',#434,#380,#6419,.T.);
#6417=EDGE_CURVE('',#380,#432,#6420,.T.);
#6418=LINE('',#431,#6421);
#6419=LINE('',#433,#6422);
#6420=LINE('',#379,#6423);
#6421=VECTOR('',#6424,1.0);
#6422=VECTOR('',#6425,1.0);
#6423=VECTOR('',#6426,1.0);
#6424=DIRECTION('',(0.6087624951021932,0,-0.7933525222478038));
#6425=DIRECTION('',(0.6326838405201377,0,0.7744102000520713));
#6426=DIRECTION('',(-0.70710756997427,0,-0.707105992397945));
#6427=FACE_SURFACE('',(#6432),#6428,.T.);
#6428=PLANE('',#6429);
#6429=AXIS2_PLACEMENT_3D('',#379,#6430,#6431);
#6430=DIRECTION('',(0,-1,0));
#6431=DIRECTION('',(-0.6326838405201377,0,-0.7744102000520713));
#6432=FACE_BOUND('',#6433,.T.);
#6433=EDGE_LOOP('',(#6434,#6435,#6436));
#6434=ORIENTED_EDGE('',*,*,#6437,.T.);
#6435=ORIENTED_EDGE('',*,*,#6438,.T.);
#6436=ORIENTED_EDGE('',*,*,#6439,.T.);
#6437=EDGE_CURVE('',#380,#434,#6440,.F.);
#6438=EDGE_CURVE('',#434,#436,#6441,.T.);
#6439=EDGE_CURVE('',#436,#380,#6442,.T.);
#6440=LINE('',#379,#6443);
#6441=LINE('',#433,#6444);
#6442=LINE('',#435,#6445);
#6443=VECTOR('',#6446,1.0);
#6444=VECTOR('',#6447,1.0);
#6445=VECTOR('',#6448,1.0);
#6446=DIRECTION('',(-0.6326838405201377,0,-0.7744102000520713));
#6447=DIRECTION('',(0.38267026535018583,0,-0.923884986357511));
#6448=DIRECTION('',(0.5648446752624755,0,0.8251972448012831));
#6449=FACE_SURFACE('',(#6454),#6450,.T.);
#6450=PLANE('',#6451);
#6451=AXIS2_PLACEMENT_3D('',#337,#6452,#6453);
#6452=DIRECTION('',(-1,-0,-0));
#6453=DIRECTION('',(0,0,-1));
#6454=FACE_BOUND('',#6455,.T.);
#6455=EDGE_LOOP('',(#6456,#6457,#6458));
#6456=ORIENTED_EDGE('',*,*,#6459,.T.);
#6457=ORIENTED_EDGE('',*,*,#6460,.T.);
#6458=ORIENTED_EDGE('',*,*,#6461,.T.);
#6459=EDGE_CURVE('',#338,#336,#6462,.F.);
#6460=EDGE_CURVE('',#336,#350,#6463,.T.);
#6461=EDGE_CURVE('',#350,#338,#6464,.T.);
#6462=LINE('',#337,#6465);
#6463=LINE('',#335,#6466);
#6464=LINE('',#349,#6467);
#6465=VECTOR('',#6468,1.0);
#6466=VECTOR('',#6469,1.0);
#6467=VECTOR('',#6470,1.0);
#6468=DIRECTION('',(0,0,-1));
#6469=DIRECTION('',(0,-0.061008325189249,0.9981372572234757));
#6470=DIRECTION('',(0,1,0));
#6471=FACE_SURFACE('',(#6476),#6472,.T.);
#6472=PLANE('',#6473);
#6473=AXIS2_PLACEMENT_3D('',#349,#6474,#6475);
#6474=DIRECTION('',(-1,0,0));
#6475=DIRECTION('',(0,0.061008325189249,-0.9981372572234757));
#6476=FACE_BOUND('',#6477,.T.);
#6477=EDGE_LOOP('',(#6478,#6479,#6480));
#6478=ORIENTED_EDGE('',*,*,#6481,.T.);
#6479=ORIENTED_EDGE('',*,*,#6482,.T.);
#6480=ORIENTED_EDGE('',*,*,#6483,.T.);
#6481=EDGE_CURVE('',#350,#336,#6484,.F.);
#6482=EDGE_CURVE('',#336,#362,#6485,.T.);
#6483=EDGE_CURVE('',#362,#350,#6486,.T.);
#6484=LINE('',#349,#6487);
#6485=LINE('',#335,#6488);
#6486=LINE('',#361,#6489);
#6487=VECTOR('',#6490,1.0);
#6488=VECTOR('',#6491,1.0);
#6489=VECTOR('',#6492,1.0);
#6490=DIRECTION('',(0,0.061008325189249,-0.9981372572234757));
#6491=DIRECTION('',(0,-1,0));
#6492=DIRECTION('',(0,0,1));
#6493=FACE_SURFACE('',(#6498),#6494,.T.);
#6494=PLANE('',#6495);
#6495=AXIS2_PLACEMENT_3D('',#323,#6496,#6497);
#6496=DIRECTION('',(-0.1305155512873342,-0,-0.9914462622210863));
#6497=DIRECTION('',(0,-1,0));
#6498=FACE_BOUND('',#6499,.T.);
#6499=EDGE_LOOP('',(#6500,#6501,#6502));
#6500=ORIENTED_EDGE('',*,*,#6503,.T.);
#6501=ORIENTED_EDGE('',*,*,#6504,.T.);
#6502=ORIENTED_EDGE('',*,*,#6505,.T.);
#6503=EDGE_CURVE('',#324,#374,#6506,.F.);
#6504=EDGE_CURVE('',#374,#326,#6507,.T.);
#6505=EDGE_CURVE('',#326,#324,#6508,.T.);
#6506=LINE('',#323,#6509);
#6507=LINE('',#373,#6510);
#6508=LINE('',#325,#6511);
#6509=VECTOR('',#6512,1.0);
#6510=VECTOR('',#6513,1.0);
#6511=VECTOR('',#6514,1.0);
#6512=DIRECTION('',(0,-1,0));
#6513=DIRECTION('',(-0.05435011736842215,0.9984963067059365,0.007154735260163924));
#6514=DIRECTION('',(0.9914462622210863,0,-0.1305155512873342));
#6515=FACE_SURFACE('',(#6520),#6516,.T.);
#6516=PLANE('',#6517);
#6517=AXIS2_PLACEMENT_3D('',#325,#6518,#6519);
#6518=DIRECTION('',(-0.1305155512873342,-0,-0.9914462622210863));
#6519=DIRECTION('',(0.05435011736842215,-0.9984963067059365,-0.007154735260163924));
#6520=FACE_BOUND('',#6521,.T.);
#6521=EDGE_LOOP('',(#6522,#6523,#6524));
#6522=ORIENTED_EDGE('',*,*,#6525,.T.);
#6523=ORIENTED_EDGE('',*,*,#6526,.T.);
#6524=ORIENTED_EDGE('',*,*,#6527,.T.);
#6525=EDGE_CURVE('',#326,#374,#6528,.F.);
#6526=EDGE_CURVE('',#374,#372,#6529,.T.);
#6527=EDGE_CURVE('',#372,#326,#6530,.T.);
#6528=LINE('',#325,#6531);
#6529=LINE('',#373,#6532);
#6530=LINE('',#371,#6533);
#6531=VECTOR('',#6534,1.0);
#6532=VECTOR('',#6535,1.0);
#6533=VECTOR('',#6536,1.0);
#6534=DIRECTION('',(0.05435011736842215,-0.9984963067059365,-0.007154735260163924));
#6535=DIRECTION('',(-0.9914462622210863,0,0.1305155512873342));
#6536=DIRECTION('',(0,1,0));
#6537=FACE_SURFACE('',(#6542),#6538,.T.);
#6538=PLANE('',#6539);
#6539=AXIS2_PLACEMENT_3D('',#325,#6540,#6541);
#6540=DIRECTION('',(-0.38267568267480895,-0,-0.9238827425000258));
#6541=DIRECTION('',(0,-1,0));
#6542=FACE_BOUND('',#6543,.T.);
#6543=EDGE_LOOP('',(#6544,#6545,#6546));
#6544=ORIENTED_EDGE('',*,*,#6547,.T.);
#6545=ORIENTED_EDGE('',*,*,#6548,.T.);
#6546=ORIENTED_EDGE('',*,*,#6549,.T.);
#6547=EDGE_CURVE('',#326,#372,#6550,.F.);
#6548=EDGE_CURVE('',#372,#328,#6551,.T.);
#6549=EDGE_CURVE('',#328,#326,#6552,.T.);
#6550=LINE('',#325,#6553);
#6551=LINE('',#371,#6554);
#6552=LINE('',#327,#6555);
#6553=VECTOR('',#6556,1.0);
#6554=VECTOR('',#6557,1.0);
#6555=VECTOR('',#6558,1.0);
#6556=DIRECTION('',(0,-1,0));
#6557=DIRECTION('',(-0.05064424300280911,0.998496431976429,0.02097703460961482));
#6558=DIRECTION('',(0.9238827425000258,0,-0.382675682674809));
#6559=FACE_SURFACE('',(#6564),#6560,.T.);
#6560=PLANE('',#6561);
#6561=AXIS2_PLACEMENT_3D('',#327,#6562,#6563);
#6562=DIRECTION('',(-0.38267568267480895,-0,-0.9238827425000258));
#6563=DIRECTION('',(0.05064424300280911,-0.998496431976429,-0.02097703460961482));
#6564=FACE_BOUND('',#6565,.T.);
#6565=EDGE_LOOP('',(#6566,#6567,#6568));
#6566=ORIENTED_EDGE('',*,*,#6569,.T.);
#6567=ORIENTED_EDGE('',*,*,#6570,.T.);
#6568=ORIENTED_EDGE('',*,*,#6571,.T.);
#6569=EDGE_CURVE('',#328,#372,#6572,.F.);
#6570=EDGE_CURVE('',#372,#370,#6573,.T.);
#6571=EDGE_CURVE('',#370,#328,#6574,.T.);
#6572=LINE('',#327,#6575);
#6573=LINE('',#371,#6576);
#6574=LINE('',#369,#6577);
#6575=VECTOR('',#6578,1.0);
#6576=VECTOR('',#6579,1.0);
#6577=VECTOR('',#6580,1.0);
#6578=DIRECTION('',(0.05064424300280911,-0.998496431976429,-0.02097703460961482));
#6579=DIRECTION('',(-0.9238827425000258,0,0.382675682674809));
#6580=DIRECTION('',(0,1,0));
#6581=FACE_SURFACE('',(#6586),#6582,.T.);
#6582=PLANE('',#6583);
#6583=AXIS2_PLACEMENT_3D('',#327,#6584,#6585);
#6584=DIRECTION('',(-0.6087550949663464,-0,-0.7933582005327194));
#6585=DIRECTION('',(0,-1,0));
#6586=FACE_BOUND('',#6587,.T.);
#6587=EDGE_LOOP('',(#6588,#6589,#6590));
#6588=ORIENTED_EDGE('',*,*,#6591,.T.);
#6589=ORIENTED_EDGE('',*,*,#6592,.T.);
#6590=ORIENTED_EDGE('',*,*,#6593,.T.);
#6591=EDGE_CURVE('',#328,#370,#6594,.F.);
#6592=EDGE_CURVE('',#370,#330,#6595,.T.);
#6593=EDGE_CURVE('',#330,#328,#6596,.T.);
#6594=LINE('',#327,#6597);
#6595=LINE('',#369,#6598);
#6596=LINE('',#329,#6599);
#6597=VECTOR('',#6600,1.0);
#6598=VECTOR('',#6601,1.0);
#6599=VECTOR('',#6602,1.0);
#6600=DIRECTION('',(0,-1,0));
#6601=DIRECTION('',(-0.04349118112325517,0.9984963026820425,0.03337140534642256));
#6602=DIRECTION('',(0.7933582005327194,0,-0.6087550949663465));
#6603=FACE_SURFACE('',(#6608),#6604,.T.);
#6604=PLANE('',#6605);
#6605=AXIS2_PLACEMENT_3D('',#329,#6606,#6607);
#6606=DIRECTION('',(-0.6087550949663464,-0,-0.7933582005327194));
#6607=DIRECTION('',(0.04349118112325517,-0.9984963026820425,-0.03337140534642256));
#6608=FACE_BOUND('',#6609,.T.);
#6609=EDGE_LOOP('',(#6610,#6611,#6612));
#6610=ORIENTED_EDGE('',*,*,#6613,.T.);
#6611=ORIENTED_EDGE('',*,*,#6614,.T.);
#6612=ORIENTED_EDGE('',*,*,#6615,.T.);
#6613=EDGE_CURVE('',#330,#370,#6616,.F.);
#6614=EDGE_CURVE('',#370,#368,#6617,.T.);
#6615=EDGE_CURVE('',#368,#330,#6618,.T.);
#6616=LINE('',#329,#6619);
#6617=LINE('',#369,#6620);
#6618=LINE('',#367,#6621);
#6619=VECTOR('',#6622,1.0);
#6620=VECTOR('',#6623,1.0);
#6621=VECTOR('',#6624,1.0);
#6622=DIRECTION('',(0.04349118112325517,-0.9984963026820425,-0.03337140534642256));
#6623=DIRECTION('',(-0.7933582005327194,0,0.6087550949663465));
#6624=DIRECTION('',(0,1,0));
#6625=FACE_SURFACE('',(#6630),#6626,.T.);
#6626=PLANE('',#6627);
#6627=AXIS2_PLACEMENT_3D('',#329,#6628,#6629);
#6628=DIRECTION('',(-0.7933582005327456,-0,-0.6087550949663122));
#6629=DIRECTION('',(0,-1,0));
#6630=FACE_BOUND('',#6631,.T.);
#6631=EDGE_LOOP('',(#6632,#6633,#6634));
#6632=ORIENTED_EDGE('',*,*,#6635,.T.);
#6633=ORIENTED_EDGE('',*,*,#6636,.T.);
#6634=ORIENTED_EDGE('',*,*,#6637,.T.);
#6635=EDGE_CURVE('',#330,#368,#6638,.F.);
#6636=EDGE_CURVE('',#368,#332,#6639,.T.);
#6637=EDGE_CURVE('',#332,#330,#6640,.T.);
#6638=LINE('',#329,#6641);
#6639=LINE('',#367,#6642);
#6640=LINE('',#331,#6643);
#6641=VECTOR('',#6644,1.0);
#6642=VECTOR('',#6645,1.0);
#6643=VECTOR('',#6646,1.0);
#6644=DIRECTION('',(0,-1,0));
#6645=DIRECTION('',(-0.03337140534641958,0.9984963026820426,0.043491181123255174));
#6646=DIRECTION('',(0.6087550949663122,0,-0.7933582005327457));
#6647=FACE_SURFACE('',(#6652),#6648,.T.);
#6648=PLANE('',#6649);
#6649=AXIS2_PLACEMENT_3D('',#331,#6650,#6651);
#6650=DIRECTION('',(-0.7933582005327456,-0,-0.6087550949663122));
#6651=DIRECTION('',(0.03337140534641958,-0.9984963026820426,-0.043491181123255174));
#6652=FACE_BOUND('',#6653,.T.);
#6653=EDGE_LOOP('',(#6654,#6655,#6656));
#6654=ORIENTED_EDGE('',*,*,#6657,.T.);
#6655=ORIENTED_EDGE('',*,*,#6658,.T.);
#6656=ORIENTED_EDGE('',*,*,#6659,.T.);
#6657=EDGE_CURVE('',#332,#368,#6660,.F.);
#6658=EDGE_CURVE('',#368,#366,#6661,.T.);
#6659=EDGE_CURVE('',#366,#332,#6662,.T.);
#6660=LINE('',#331,#6663);
#6661=LINE('',#367,#6664);
#6662=LINE('',#365,#6665);
#6663=VECTOR('',#6666,1.0);
#6664=VECTOR('',#6667,1.0);
#6665=VECTOR('',#6668,1.0);
#6666=DIRECTION('',(0.03337140534641958,-0.9984963026820426,-0.043491181123255174));
#6667=DIRECTION('',(-0.6087550949663122,0,0.7933582005327457));
#6668=DIRECTION('',(0,1,0));
#6669=FACE_SURFACE('',(#6674),#6670,.T.);
#6670=PLANE('',#6671);
#6671=AXIS2_PLACEMENT_3D('',#331,#6672,#6673);
#6672=DIRECTION('',(-0.9238827425000178,-0,-0.38267568267482827));
#6673=DIRECTION('',(0,-1,0));
#6674=FACE_BOUND('',#6675,.T.);
#6675=EDGE_LOOP('',(#6676,#6677,#6678));
#6676=ORIENTED_EDGE('',*,*,#6679,.T.);
#6677=ORIENTED_EDGE('',*,*,#6680,.T.);
#6678=ORIENTED_EDGE('',*,*,#6681,.T.);
#6679=EDGE_CURVE('',#332,#366,#6682,.F.);
#6680=EDGE_CURVE('',#366,#334,#6683,.T.);
#6681=EDGE_CURVE('',#334,#332,#6684,.T.);
#6682=LINE('',#331,#6685);
#6683=LINE('',#365,#6686);
#6684=LINE('',#333,#6687);
#6685=VECTOR('',#6688,1.0);
#6686=VECTOR('',#6689,1.0);
#6687=VECTOR('',#6690,1.0);
#6688=DIRECTION('',(0,-1,0));
#6689=DIRECTION('',(-0.020977034609614822,0.9984964319764292,0.050644243002806136));
#6690=DIRECTION('',(0.3826756826748283,0,-0.9238827425000179));
#6691=FACE_SURFACE('',(#6696),#6692,.T.);
#6692=PLANE('',#6693);
#6693=AXIS2_PLACEMENT_3D('',#333,#6694,#6695);
#6694=DIRECTION('',(-0.9238827425000178,-0,-0.38267568267482827));
#6695=DIRECTION('',(0.020977034609614822,-0.9984964319764292,-0.050644243002806136));
#6696=FACE_BOUND('',#6697,.T.);
#6697=EDGE_LOOP('',(#6698,#6699,#6700));
#6698=ORIENTED_EDGE('',*,*,#6701,.T.);
#6699=ORIENTED_EDGE('',*,*,#6702,.T.);
#6700=ORIENTED_EDGE('',*,*,#6703,.T.);
#6701=EDGE_CURVE('',#334,#366,#6704,.F.);
#6702=EDGE_CURVE('',#366,#364,#6705,.T.);
#6703=EDGE_CURVE('',#364,#334,#6706,.T.);
#6704=LINE('',#333,#6707);
#6705=LINE('',#365,#6708);
#6706=LINE('',#363,#6709);
#6707=VECTOR('',#6710,1.0);
#6708=VECTOR('',#6711,1.0);
#6709=VECTOR('',#6712,1.0);
#6710=DIRECTION('',(0.020977034609614822,-0.9984964319764292,-0.050644243002806136));
#6711=DIRECTION('',(-0.3826756826748283,0,0.9238827425000179));
#6712=DIRECTION('',(0,1,0));
#6713=FACE_SURFACE('',(#6718),#6714,.T.);
#6714=PLANE('',#6715);
#6715=AXIS2_PLACEMENT_3D('',#333,#6716,#6717);
#6716=DIRECTION('',(-0.9914462622210802,-0,-0.13051555128738063));
#6717=DIRECTION('',(0,-1,0));
#6718=FACE_BOUND('',#6719,.T.);
#6719=EDGE_LOOP('',(#6720,#6721,#6722));
#6720=ORIENTED_EDGE('',*,*,#6723,.T.);
#6721=ORIENTED_EDGE('',*,*,#6724,.T.);
#6722=ORIENTED_EDGE('',*,*,#6725,.T.);
#6723=EDGE_CURVE('',#334,#364,#6726,.F.);
#6724=EDGE_CURVE('',#364,#336,#6727,.T.);
#6725=EDGE_CURVE('',#336,#334,#6728,.T.);
#6726=LINE('',#333,#6729);
#6727=LINE('',#363,#6730);
#6728=LINE('',#335,#6731);
#6729=VECTOR('',#6732,1.0);
#6730=VECTOR('',#6733,1.0);
#6731=VECTOR('',#6734,1.0);
#6732=DIRECTION('',(0,-1,0));
#6733=DIRECTION('',(-0.007154735260166907,0.9984963067059364,0.05435011736842513));
#6734=DIRECTION('',(0.13051555128738065,0,-0.9914462622210803));
#6735=FACE_SURFACE('',(#6740),#6736,.T.);
#6736=PLANE('',#6737);
#6737=AXIS2_PLACEMENT_3D('',#335,#6738,#6739);
#6738=DIRECTION('',(-0.9914462622210802,-0,-0.13051555128738063));
#6739=DIRECTION('',(0.007154735260166907,-0.9984963067059364,-0.05435011736842513));
#6740=FACE_BOUND('',#6741,.T.);
#6741=EDGE_LOOP('',(#6742,#6743,#6744));
#6742=ORIENTED_EDGE('',*,*,#6745,.T.);
#6743=ORIENTED_EDGE('',*,*,#6746,.T.);
#6744=ORIENTED_EDGE('',*,*,#6747,.T.);
#6745=EDGE_CURVE('',#336,#364,#6748,.F.);
#6746=EDGE_CURVE('',#364,#362,#6749,.T.);
#6747=EDGE_CURVE('',#362,#336,#6750,.T.);
#6748=LINE('',#335,#6751);
#6749=LINE('',#363,#6752);
#6750=LINE('',#361,#6753);
#6751=VECTOR('',#6754,1.0);
#6752=VECTOR('',#6755,1.0);
#6753=VECTOR('',#6756,1.0);
#6754=DIRECTION('',(0.007154735260166907,-0.9984963067059364,-0.05435011736842513));
#6755=DIRECTION('',(-0.13051555128738065,0,0.9914462622210803));
#6756=DIRECTION('',(0,1,0));
#6757=FACE_SURFACE('',(#6762),#6758,.T.);
#6758=PLANE('',#6759);
#6759=AXIS2_PLACEMENT_3D('',#435,#6760,#6761);
#6760=DIRECTION('',(-0.9914420352573222,0,-0.130547656910488));
#6761=DIRECTION('',(0,1,0));
#6762=FACE_BOUND('',#6763,.T.);
#6763=EDGE_LOOP('',(#6764,#6765,#6766));
#6764=ORIENTED_EDGE('',*,*,#6767,.T.);
#6765=ORIENTED_EDGE('',*,*,#6768,.T.);
#6766=ORIENTED_EDGE('',*,*,#6769,.T.);
#6767=EDGE_CURVE('',#436,#76,#6770,.F.);
#6768=EDGE_CURVE('',#76,#390,#6771,.T.);
#6769=EDGE_CURVE('',#390,#436,#6772,.T.);
#6770=LINE('',#435,#6773);
#6771=LINE('',#75,#6774);
#6772=LINE('',#389,#6775);
#6773=VECTOR('',#6776,1.0);
#6774=VECTOR('',#6777,1.0);
#6775=VECTOR('',#6778,1.0);
#6776=DIRECTION('',(0,1,0));
#6777=DIRECTION('',(0.00715641541050427,-0.9984963402859391,-0.05434927924138946));
#6778=DIRECTION('',(-0.13054765691048803,0,0.9914420352573223));
#6779=FACE_SURFACE('',(#6784),#6780,.T.);
#6780=PLANE('',#6781);
#6781=AXIS2_PLACEMENT_3D('',#389,#6782,#6783);
#6782=DIRECTION('',(-0.9914420352573222,0,-0.130547656910488));
#6783=DIRECTION('',(-0.00715641541050427,0.9984963402859391,0.05434927924138946));
#6784=FACE_BOUND('',#6785,.T.);
#6785=EDGE_LOOP('',(#6786,#6787,#6788));
#6786=ORIENTED_EDGE('',*,*,#6789,.T.);
#6787=ORIENTED_EDGE('',*,*,#6790,.T.);
#6788=ORIENTED_EDGE('',*,*,#6791,.T.);
#6789=EDGE_CURVE('',#390,#76,#6792,.F.);
#6790=EDGE_CURVE('',#76,#74,#6793,.T.);
#6791=EDGE_CURVE('',#74,#390,#6794,.T.);
#6792=LINE('',#389,#6795);
#6793=LINE('',#75,#6796);
#6794=LINE('',#73,#6797);
#6795=VECTOR('',#6798,1.0);
#6796=VECTOR('',#6799,1.0);
#6797=VECTOR('',#6800,1.0);
#6798=DIRECTION('',(-0.00715641541050427,0.9984963402859391,0.05434927924138946));
#6799=DIRECTION('',(0.13054765691048803,0,-0.9914420352573223));
#6800=DIRECTION('',(0,-1,0));
#6801=FACE_SURFACE('',(#6806),#6802,.T.);
#6802=PLANE('',#6803);
#6803=AXIS2_PLACEMENT_3D('',#389,#6804,#6805);
#6804=DIRECTION('',(-0.9914420352573222,0,0.130547656910488));
#6805=DIRECTION('',(0,1,0));
#6806=FACE_BOUND('',#6807,.T.);
#6807=EDGE_LOOP('',(#6808,#6809,#6810));
#6808=ORIENTED_EDGE('',*,*,#6811,.T.);
#6809=ORIENTED_EDGE('',*,*,#6812,.T.);
#6810=ORIENTED_EDGE('',*,*,#6813,.T.);
#6811=EDGE_CURVE('',#390,#74,#6814,.F.);
#6812=EDGE_CURVE('',#74,#392,#6815,.T.);
#6813=EDGE_CURVE('',#392,#390,#6816,.T.);
#6814=LINE('',#389,#6817);
#6815=LINE('',#73,#6818);
#6816=LINE('',#391,#6819);
#6817=VECTOR('',#6820,1.0);
#6818=VECTOR('',#6821,1.0);
#6819=VECTOR('',#6822,1.0);
#6820=DIRECTION('',(0,1,0));
#6821=DIRECTION('',(-0.00715641541050427,-0.9984963402859391,-0.05434927924138946));
#6822=DIRECTION('',(0.13054765691048803,0,0.9914420352573223));
#6823=FACE_SURFACE('',(#6828),#6824,.T.);
#6824=PLANE('',#6825);
#6825=AXIS2_PLACEMENT_3D('',#391,#6826,#6827);
#6826=DIRECTION('',(-0.9914420352573222,0,0.130547656910488));
#6827=DIRECTION('',(0.00715641541050427,0.9984963402859391,0.05434927924138946));
#6828=FACE_BOUND('',#6829,.T.);
#6829=EDGE_LOOP('',(#6830,#6831,#6832));
#6830=ORIENTED_EDGE('',*,*,#6833,.T.);
#6831=ORIENTED_EDGE('',*,*,#6834,.T.);
#6832=ORIENTED_EDGE('',*,*,#6835,.T.);
#6833=EDGE_CURVE('',#392,#74,#6836,.F.);
#6834=EDGE_CURVE('',#74,#120,#6837,.T.);
#6835=EDGE_CURVE('',#120,#392,#6838,.T.);
#6836=LINE('',#391,#6839);
#6837=LINE('',#73,#6840);
#6838=LINE('',#119,#6841);
#6839=VECTOR('',#6842,1.0);
#6840=VECTOR('',#6843,1.0);
#6841=VECTOR('',#6844,1.0);
#6842=DIRECTION('',(0.00715641541050427,0.9984963402859391,0.05434927924138946));
#6843=DIRECTION('',(-0.13054765691048803,0,-0.9914420352573223));
#6844=DIRECTION('',(0,-1,0));
#6845=FACE_SURFACE('',(#6850),#6846,.T.);
#6846=PLANE('',#6847);
#6847=AXIS2_PLACEMENT_3D('',#391,#6848,#6849);
#6848=DIRECTION('',(-0.9238849863575112,0,0.3826702653501859));
#6849=DIRECTION('',(0,1,0));
#6850=FACE_BOUND('',#6851,.T.);
#6851=EDGE_LOOP('',(#6852,#6853,#6854));
#6852=ORIENTED_EDGE('',*,*,#6855,.T.);
#6853=ORIENTED_EDGE('',*,*,#6856,.T.);
#6854=ORIENTED_EDGE('',*,*,#6857,.T.);
#6855=EDGE_CURVE('',#392,#120,#6858,.F.);
#6856=EDGE_CURVE('',#120,#394,#6859,.T.);
#6857=EDGE_CURVE('',#394,#392,#6860,.T.);
#6858=LINE('',#391,#6861);
#6859=LINE('',#119,#6862);
#6860=LINE('',#393,#6863);
#6861=VECTOR('',#6864,1.0);
#6862=VECTOR('',#6865,1.0);
#6863=VECTOR('',#6866,1.0);
#6864=DIRECTION('',(0,1,0));
#6865=DIRECTION('',(-0.020977033717264896,-0.9984963895011577,-0.05064508080334158));
#6866=DIRECTION('',(0.38267026535018583,0,0.923884986357511));
#6867=FACE_SURFACE('',(#6872),#6868,.T.);
#6868=PLANE('',#6869);
#6869=AXIS2_PLACEMENT_3D('',#393,#6870,#6871);
#6870=DIRECTION('',(-0.9238849863575112,0,0.3826702653501859));
#6871=DIRECTION('',(0.020977033717264896,0.9984963895011577,0.05064508080334158));
#6872=FACE_BOUND('',#6873,.T.);
#6873=EDGE_LOOP('',(#6874,#6875,#6876));
#6874=ORIENTED_EDGE('',*,*,#6877,.T.);
#6875=ORIENTED_EDGE('',*,*,#6878,.T.);
#6876=ORIENTED_EDGE('',*,*,#6879,.T.);
#6877=EDGE_CURVE('',#394,#120,#6880,.F.);
#6878=EDGE_CURVE('',#120,#118,#6881,.T.);
#6879=EDGE_CURVE('',#118,#394,#6882,.T.);
#6880=LINE('',#393,#6883);
#6881=LINE('',#119,#6884);
#6882=LINE('',#117,#6885);
#6883=VECTOR('',#6886,1.0);
#6884=VECTOR('',#6887,1.0);
#6885=VECTOR('',#6888,1.0);
#6886=DIRECTION('',(0.020977033717264896,0.9984963895011577,0.05064508080334158));
#6887=DIRECTION('',(-0.38267026535018583,0,-0.923884986357511));
#6888=DIRECTION('',(0,-1,0));
#6889=FACE_SURFACE('',(#6894),#6890,.T.);
#6890=PLANE('',#6891);
#6891=AXIS2_PLACEMENT_3D('',#393,#6892,#6893);
#6892=DIRECTION('',(-0.793352522247804,0,0.6087624951021932));
#6893=DIRECTION('',(0,1,0));
#6894=FACE_BOUND('',#6895,.T.);
#6895=EDGE_LOOP('',(#6896,#6897,#6898));
#6896=ORIENTED_EDGE('',*,*,#6899,.T.);
#6897=ORIENTED_EDGE('',*,*,#6900,.T.);
#6898=ORIENTED_EDGE('',*,*,#6901,.T.);
#6899=EDGE_CURVE('',#394,#118,#6902,.F.);
#6900=EDGE_CURVE('',#118,#396,#6903,.T.);
#6901=EDGE_CURVE('',#396,#394,#6904,.T.);
#6902=LINE('',#393,#6905);
#6903=LINE('',#117,#6906);
#6904=LINE('',#395,#6907);
#6905=VECTOR('',#6908,1.0);
#6906=VECTOR('',#6909,1.0);
#6907=VECTOR('',#6910,1.0);
#6908=DIRECTION('',(0,1,0));
#6909=DIRECTION('',(-0.03337140656548923,-0.9984963391573888,-0.04349034275714273));
#6910=DIRECTION('',(0.6087624951021932,0,0.7933525222478038));
#6911=FACE_SURFACE('',(#6916),#6912,.T.);
#6912=PLANE('',#6913);
#6913=AXIS2_PLACEMENT_3D('',#395,#6914,#6915);
#6914=DIRECTION('',(-0.793352522247804,0,0.6087624951021932));
#6915=DIRECTION('',(0.03337140656548923,0.9984963391573888,0.04349034275714273));
#6916=FACE_BOUND('',#6917,.T.);
#6917=EDGE_LOOP('',(#6918,#6919,#6920));
#6918=ORIENTED_EDGE('',*,*,#6921,.T.);
#6919=ORIENTED_EDGE('',*,*,#6922,.T.);
#6920=ORIENTED_EDGE('',*,*,#6923,.T.);
#6921=EDGE_CURVE('',#396,#118,#6924,.F.);
#6922=EDGE_CURVE('',#118,#116,#6925,.T.);
#6923=EDGE_CURVE('',#116,#396,#6926,.T.);
#6924=LINE('',#395,#6927);
#6925=LINE('',#117,#6928);
#6926=LINE('',#115,#6929);
#6927=VECTOR('',#6930,1.0);
#6928=VECTOR('',#6931,1.0);
#6929=VECTOR('',#6932,1.0);
#6930=DIRECTION('',(0.03337140656548923,0.9984963391573888,0.04349034275714273));
#6931=DIRECTION('',(-0.6087624951021932,0,-0.7933525222478038));
#6932=DIRECTION('',(0,-1,0));
#6933=FACE_SURFACE('',(#6938),#6934,.T.);
#6934=PLANE('',#6935);
#6935=AXIS2_PLACEMENT_3D('',#395,#6936,#6937);
#6936=DIRECTION('',(-0.608769895364981,0,0.7933468437558128));
#6937=DIRECTION('',(0,1,0));
#6938=FACE_BOUND('',#6939,.T.);
#6939=EDGE_LOOP('',(#6940,#6941,#6942));
#6940=ORIENTED_EDGE('',*,*,#6943,.T.);
#6941=ORIENTED_EDGE('',*,*,#6944,.T.);
#6942=ORIENTED_EDGE('',*,*,#6945,.T.);
#6943=EDGE_CURVE('',#396,#116,#6946,.F.);
#6944=EDGE_CURVE('',#116,#398,#6947,.T.);
#6945=EDGE_CURVE('',#398,#396,#6948,.T.);
#6946=LINE('',#395,#6949);
#6947=LINE('',#115,#6950);
#6948=LINE('',#397,#6951);
#6949=VECTOR('',#6952,1.0);
#6950=VECTOR('',#6953,1.0);
#6951=VECTOR('',#6954,1.0);
#6952=DIRECTION('',(0,1,0));
#6953=DIRECTION('',(-0.04348950439093544,-0.9984963756320347,-0.033371407784529517));
#6954=DIRECTION('',(0.7933468437558128,0,0.6087698953649809));
#6955=FACE_SURFACE('',(#6960),#6956,.T.);
#6956=PLANE('',#6957);
#6957=AXIS2_PLACEMENT_3D('',#397,#6958,#6959);
#6958=DIRECTION('',(-0.608769895364981,0,0.7933468437558128));
#6959=DIRECTION('',(0.04348950439093544,0.9984963756320347,0.033371407784529517));
#6960=FACE_BOUND('',#6961,.T.);
#6961=EDGE_LOOP('',(#6962,#6963,#6964));
#6962=ORIENTED_EDGE('',*,*,#6965,.T.);
#6963=ORIENTED_EDGE('',*,*,#6966,.T.);
#6964=ORIENTED_EDGE('',*,*,#6967,.T.);
#6965=EDGE_CURVE('',#398,#116,#6968,.F.);
#6966=EDGE_CURVE('',#116,#114,#6969,.T.);
#6967=EDGE_CURVE('',#114,#398,#6970,.T.);
#6968=LINE('',#397,#6971);
#6969=LINE('',#115,#6972);
#6970=LINE('',#113,#6973);
#6971=VECTOR('',#6974,1.0);
#6972=VECTOR('',#6975,1.0);
#6973=VECTOR('',#6976,1.0);
#6974=DIRECTION('',(0.04348950439093544,0.9984963756320347,0.033371407784529517));
#6975=DIRECTION('',(-0.7933468437558128,0,-0.6087698953649809));
#6976=DIRECTION('',(0,-1,0));
#6977=FACE_SURFACE('',(#6982),#6978,.T.);
#6978=PLANE('',#6979);
#6979=AXIS2_PLACEMENT_3D('',#397,#6980,#6981);
#6980=DIRECTION('',(-0.38267792686568436,0,0.9238818129445898));
#6981=DIRECTION('',(0,1,0));
#6982=FACE_BOUND('',#6983,.T.);
#6983=EDGE_LOOP('',(#6984,#6985,#6986));
#6984=ORIENTED_EDGE('',*,*,#6987,.T.);
#6985=ORIENTED_EDGE('',*,*,#6988,.T.);
#6986=ORIENTED_EDGE('',*,*,#6989,.T.);
#6987=EDGE_CURVE('',#398,#114,#6990,.F.);
#6988=EDGE_CURVE('',#114,#400,#6991,.T.);
#6989=EDGE_CURVE('',#400,#398,#6992,.T.);
#6990=LINE('',#397,#6993);
#6991=LINE('',#113,#6994);
#6992=LINE('',#399,#6995);
#6993=VECTOR('',#6996,1.0);
#6994=VECTOR('',#6997,1.0);
#6995=VECTOR('',#6998,1.0);
#6996=DIRECTION('',(0,1,0));
#6997=DIRECTION('',(-0.05064591771138032,-0.9984963294315689,-0.020977872410140683));
#6998=DIRECTION('',(0.9238818129445898,0,0.38267792686568436));
#6999=FACE_SURFACE('',(#7004),#7000,.T.);
#7000=PLANE('',#7001);
#7001=AXIS2_PLACEMENT_3D('',#399,#7002,#7003);
#7002=DIRECTION('',(-0.38267792686568436,0,0.9238818129445898));
#7003=DIRECTION('',(0.05064591771138032,0.9984963294315689,0.020977872410140683));
#7004=FACE_BOUND('',#7005,.T.);
#7005=EDGE_LOOP('',(#7006,#7007,#7008));
#7006=ORIENTED_EDGE('',*,*,#7009,.T.);
#7007=ORIENTED_EDGE('',*,*,#7010,.T.);
#7008=ORIENTED_EDGE('',*,*,#7011,.T.);
#7009=EDGE_CURVE('',#400,#114,#7012,.F.);
#7010=EDGE_CURVE('',#114,#112,#7013,.T.);
#7011=EDGE_CURVE('',#112,#400,#7014,.T.);
#7012=LINE('',#399,#7015);
#7013=LINE('',#113,#7016);
#7014=LINE('',#111,#7017);
#7015=VECTOR('',#7018,1.0);
#7016=VECTOR('',#7019,1.0);
#7017=VECTOR('',#7020,1.0);
#7018=DIRECTION('',(0.05064591771138032,0.9984963294315689,0.020977872410140683));
#7019=DIRECTION('',(-0.9238818129445898,0,-0.38267792686568436));
#7020=DIRECTION('',(0,-1,0));
#7021=FACE_SURFACE('',(#7026),#7022,.T.);
#7022=PLANE('',#7023);
#7023=AXIS2_PLACEMENT_3D('',#399,#7024,#7025);
#7024=DIRECTION('',(-0.1305195167981957,0,0.9914457401869079));
#7025=DIRECTION('',(0,1,0));
#7026=FACE_BOUND('',#7027,.T.);
#7027=EDGE_LOOP('',(#7028,#7029,#7030));
#7028=ORIENTED_EDGE('',*,*,#7031,.T.);
#7029=ORIENTED_EDGE('',*,*,#7032,.T.);
#7030=ORIENTED_EDGE('',*,*,#7033,.T.);
#7031=EDGE_CURVE('',#400,#112,#7034,.F.);
#7032=EDGE_CURVE('',#112,#402,#7035,.T.);
#7033=EDGE_CURVE('',#402,#400,#7036,.T.);
#7034=LINE('',#399,#7037);
#7035=LINE('',#111,#7038);
#7036=LINE('',#401,#7039);
#7037=VECTOR('',#7040,1.0);
#7038=VECTOR('',#7041,1.0);
#7039=VECTOR('',#7042,1.0);
#7040=DIRECTION('',(0,1,0));
#7041=DIRECTION('',(-0.0543484424208771,-0.9984963978705351,-0.007154735913404766));
#7042=DIRECTION('',(0.9914457401869079,0,0.1305195167981957));
#7043=FACE_SURFACE('',(#7048),#7044,.T.);
#7044=PLANE('',#7045);
#7045=AXIS2_PLACEMENT_3D('',#401,#7046,#7047);
#7046=DIRECTION('',(-0.1305195167981957,0,0.9914457401869079));
#7047=DIRECTION('',(0.0543484424208771,0.9984963978705351,0.007154735913404766));
#7048=FACE_BOUND('',#7049,.T.);
#7049=EDGE_LOOP('',(#7050,#7051,#7052));
#7050=ORIENTED_EDGE('',*,*,#7053,.T.);
#7051=ORIENTED_EDGE('',*,*,#7054,.T.);
#7052=ORIENTED_EDGE('',*,*,#7055,.T.);
#7053=EDGE_CURVE('',#402,#112,#7056,.F.);
#7054=EDGE_CURVE('',#112,#110,#7057,.T.);
#7055=EDGE_CURVE('',#110,#402,#7058,.T.);
#7056=LINE('',#401,#7059);
#7057=LINE('',#111,#7060);
#7058=LINE('',#109,#7061);
#7059=VECTOR('',#7062,1.0);
#7060=VECTOR('',#7063,1.0);
#7061=VECTOR('',#7064,1.0);
#7062=DIRECTION('',(0.0543484424208771,0.9984963978705351,0.007154735913404766));
#7063=DIRECTION('',(-0.9914457401869079,0,-0.1305195167981957));
#7064=DIRECTION('',(0,-1,0));
#7065=FACE_SURFACE('',(#7070),#7066,.T.);
#7066=PLANE('',#7067);
#7067=AXIS2_PLACEMENT_3D('',#401,#7068,#7069);
#7068=DIRECTION('',(0.1305155512873342,-0,0.9914462622210863));
#7069=DIRECTION('',(0,1,0));
#7070=FACE_BOUND('',#7071,.T.);
#7071=EDGE_LOOP('',(#7072,#7073,#7074));
#7072=ORIENTED_EDGE('',*,*,#7075,.T.);
#7073=ORIENTED_EDGE('',*,*,#7076,.T.);
#7074=ORIENTED_EDGE('',*,*,#7077,.T.);
#7075=EDGE_CURVE('',#402,#110,#7078,.F.);
#7076=EDGE_CURVE('',#110,#404,#7079,.T.);
#7077=EDGE_CURVE('',#404,#402,#7080,.T.);
#7078=LINE('',#401,#7081);
#7079=LINE('',#109,#7082);
#7080=LINE('',#403,#7083);
#7081=VECTOR('',#7084,1.0);
#7082=VECTOR('',#7085,1.0);
#7083=VECTOR('',#7086,1.0);
#7084=DIRECTION('',(0,1,0));
#7085=DIRECTION('',(-0.05435011736842215,-0.9984963067059365,0.007154735260163924));
#7086=DIRECTION('',(0.9914462622210863,0,-0.1305155512873342));
#7087=FACE_SURFACE('',(#7092),#7088,.T.);
#7088=PLANE('',#7089);
#7089=AXIS2_PLACEMENT_3D('',#403,#7090,#7091);
#7090=DIRECTION('',(0.1305155512873342,-0,0.9914462622210863));
#7091=DIRECTION('',(0.05435011736842215,0.9984963067059365,-0.007154735260163924));
#7092=FACE_BOUND('',#7093,.T.);
#7093=EDGE_LOOP('',(#7094,#7095,#7096));
#7094=ORIENTED_EDGE('',*,*,#7097,.T.);
#7095=ORIENTED_EDGE('',*,*,#7098,.T.);
#7096=ORIENTED_EDGE('',*,*,#7099,.T.);
#7097=EDGE_CURVE('',#404,#110,#7100,.F.);
#7098=EDGE_CURVE('',#110,#108,#7101,.T.);
#7099=EDGE_CURVE('',#108,#404,#7102,.T.);
#7100=LINE('',#403,#7103);
#7101=LINE('',#109,#7104);
#7102=LINE('',#107,#7105);
#7103=VECTOR('',#7106,1.0);
#7104=VECTOR('',#7107,1.0);
#7105=VECTOR('',#7108,1.0);
#7106=DIRECTION('',(0.05435011736842215,0.9984963067059365,-0.007154735260163924));
#7107=DIRECTION('',(-0.9914462622210863,0,0.1305155512873342));
#7108=DIRECTION('',(0,-1,0));
#7109=FACE_SURFACE('',(#7114),#7110,.T.);
#7110=PLANE('',#7111);
#7111=AXIS2_PLACEMENT_3D('',#403,#7112,#7113);
#7112=DIRECTION('',(0.3826887616178527,-0,0.9238773250445073));
#7113=DIRECTION('',(0,1,0));
#7114=FACE_BOUND('',#7115,.T.);
#7115=EDGE_LOOP('',(#7116,#7117,#7118));
#7116=ORIENTED_EDGE('',*,*,#7119,.T.);
#7117=ORIENTED_EDGE('',*,*,#7120,.T.);
#7118=ORIENTED_EDGE('',*,*,#7121,.T.);
#7119=EDGE_CURVE('',#404,#108,#7122,.F.);
#7120=EDGE_CURVE('',#108,#406,#7123,.T.);
#7121=EDGE_CURVE('',#406,#404,#7124,.T.);
#7122=LINE('',#403,#7125);
#7123=LINE('',#107,#7126);
#7124=LINE('',#405,#7127);
#7125=VECTOR('',#7128,1.0);
#7126=VECTOR('',#7129,1.0);
#7127=VECTOR('',#7130,1.0);
#7128=DIRECTION('',(0,1,0));
#7129=DIRECTION('',(-0.05064424211045167,-0.998496414382806,0.02097787419492062));
#7130=DIRECTION('',(0.9238773250445074,0,-0.3826887616178527));
#7131=FACE_SURFACE('',(#7136),#7132,.T.);
#7132=PLANE('',#7133);
#7133=AXIS2_PLACEMENT_3D('',#405,#7134,#7135);
#7134=DIRECTION('',(0.3826887616178527,-0,0.9238773250445073));
#7135=DIRECTION('',(0.05064424211045167,0.998496414382806,-0.02097787419492062));
#7136=FACE_BOUND('',#7137,.T.);
#7137=EDGE_LOOP('',(#7138,#7139,#7140));
#7138=ORIENTED_EDGE('',*,*,#7141,.T.);
#7139=ORIENTED_EDGE('',*,*,#7142,.T.);
#7140=ORIENTED_EDGE('',*,*,#7143,.T.);
#7141=EDGE_CURVE('',#406,#108,#7144,.F.);
#7142=EDGE_CURVE('',#108,#106,#7145,.T.);
#7143=EDGE_CURVE('',#106,#406,#7146,.T.);
#7144=LINE('',#405,#7147);
#7145=LINE('',#107,#7148);
#7146=LINE('',#105,#7149);
#7147=VECTOR('',#7150,1.0);
#7148=VECTOR('',#7151,1.0);
#7149=VECTOR('',#7152,1.0);
#7150=DIRECTION('',(0.05064424211045167,0.998496414382806,-0.02097787419492062));
#7151=DIRECTION('',(-0.9238773250445074,0,0.3826887616178527));
#7152=DIRECTION('',(0,-1,0));
#7153=FACE_SURFACE('',(#7158),#7154,.T.);
#7154=PLANE('',#7155);
#7155=AXIS2_PLACEMENT_3D('',#405,#7156,#7157);
#7156=DIRECTION('',(0.6087550949663122,-0,0.7933582005327456));
#7157=DIRECTION('',(0,1,0));
#7158=FACE_BOUND('',#7159,.T.);
#7159=EDGE_LOOP('',(#7160,#7161,#7162));
#7160=ORIENTED_EDGE('',*,*,#7163,.T.);
#7161=ORIENTED_EDGE('',*,*,#7164,.T.);
#7162=ORIENTED_EDGE('',*,*,#7165,.T.);
#7163=EDGE_CURVE('',#406,#106,#7166,.F.);
#7164=EDGE_CURVE('',#106,#408,#7167,.T.);
#7165=EDGE_CURVE('',#408,#406,#7168,.T.);
#7166=LINE('',#405,#7169);
#7167=LINE('',#105,#7170);
#7168=LINE('',#407,#7171);
#7169=VECTOR('',#7172,1.0);
#7170=VECTOR('',#7173,1.0);
#7171=VECTOR('',#7174,1.0);
#7172=DIRECTION('',(0,1,0));
#7173=DIRECTION('',(-0.043491181123255174,-0.9984963026820426,0.03337140534641958));
#7174=DIRECTION('',(0.7933582005327457,0,-0.6087550949663122));
#7175=FACE_SURFACE('',(#7180),#7176,.T.);
#7176=PLANE('',#7177);
#7177=AXIS2_PLACEMENT_3D('',#407,#7178,#7179);
#7178=DIRECTION('',(0.6087550949663122,-0,0.7933582005327456));
#7179=DIRECTION('',(0.043491181123255174,0.9984963026820426,-0.03337140534641958));
#7180=FACE_BOUND('',#7181,.T.);
#7181=EDGE_LOOP('',(#7182,#7183,#7184));
#7182=ORIENTED_EDGE('',*,*,#7185,.T.);
#7183=ORIENTED_EDGE('',*,*,#7186,.T.);
#7184=ORIENTED_EDGE('',*,*,#7187,.T.);
#7185=EDGE_CURVE('',#408,#106,#7188,.F.);
#7186=EDGE_CURVE('',#106,#104,#7189,.T.);
#7187=EDGE_CURVE('',#104,#408,#7190,.T.);
#7188=LINE('',#407,#7191);
#7189=LINE('',#105,#7192);
#7190=LINE('',#103,#7193);
#7191=VECTOR('',#7194,1.0);
#7192=VECTOR('',#7195,1.0);
#7193=VECTOR('',#7196,1.0);
#7194=DIRECTION('',(0.043491181123255174,0.9984963026820426,-0.03337140534641958));
#7195=DIRECTION('',(-0.7933582005327457,0,0.6087550949663122));
#7196=DIRECTION('',(0,-1,0));
#7197=FACE_SURFACE('',(#7202),#7198,.T.);
#7198=PLANE('',#7199);
#7199=AXIS2_PLACEMENT_3D('',#407,#7200,#7201);
#7200=DIRECTION('',(0.7933525222478303,-0,0.608762495102159));
#7201=DIRECTION('',(0,1,0));
#7202=FACE_BOUND('',#7203,.T.);
#7203=EDGE_LOOP('',(#7204,#7205,#7206));
#7204=ORIENTED_EDGE('',*,*,#7207,.T.);
#7205=ORIENTED_EDGE('',*,*,#7208,.T.);
#7206=ORIENTED_EDGE('',*,*,#7209,.T.);
#7207=EDGE_CURVE('',#408,#104,#7210,.F.);
#7208=EDGE_CURVE('',#104,#410,#7211,.T.);
#7209=EDGE_CURVE('',#410,#408,#7212,.T.);
#7210=LINE('',#407,#7213);
#7211=LINE('',#103,#7214);
#7212=LINE('',#409,#7215);
#7213=VECTOR('',#7216,1.0);
#7214=VECTOR('',#7217,1.0);
#7215=VECTOR('',#7218,1.0);
#7216=DIRECTION('',(0,1,0));
#7217=DIRECTION('',(-0.033371406565486254,-0.998496339157389,0.04349034275714274));
#7218=DIRECTION('',(0.608762495102159,0,-0.7933525222478303));
#7219=FACE_SURFACE('',(#7224),#7220,.T.);
#7220=PLANE('',#7221);
#7221=AXIS2_PLACEMENT_3D('',#409,#7222,#7223);
#7222=DIRECTION('',(0.7933525222478303,-0,0.608762495102159));
#7223=DIRECTION('',(0.033371406565486254,0.998496339157389,-0.04349034275714274));
#7224=FACE_BOUND('',#7225,.T.);
#7225=EDGE_LOOP('',(#7226,#7227,#7228));
#7226=ORIENTED_EDGE('',*,*,#7229,.T.);
#7227=ORIENTED_EDGE('',*,*,#7230,.T.);
#7228=ORIENTED_EDGE('',*,*,#7231,.T.);
#7229=EDGE_CURVE('',#410,#104,#7232,.F.);
#7230=EDGE_CURVE('',#104,#102,#7233,.T.);
#7231=EDGE_CURVE('',#102,#410,#7234,.T.);
#7232=LINE('',#409,#7235);
#7233=LINE('',#103,#7236);
#7234=LINE('',#101,#7237);
#7235=VECTOR('',#7238,1.0);
#7236=VECTOR('',#7239,1.0);
#7237=VECTOR('',#7240,1.0);
#7238=DIRECTION('',(0.033371406565486254,0.998496339157389,-0.04349034275714274));
#7239=DIRECTION('',(-0.608762495102159,0,0.7933525222478303));
#7240=DIRECTION('',(0,-1,0));
#7241=FACE_SURFACE('',(#7246),#7242,.T.);
#7242=PLANE('',#7243);
#7243=AXIS2_PLACEMENT_3D('',#409,#7244,#7245);
#7244=DIRECTION('',(0.9238849863574918,-0,0.3826702653502323));
#7245=DIRECTION('',(0,1,0));
#7246=FACE_BOUND('',#7247,.T.);
#7247=EDGE_LOOP('',(#7248,#7249,#7250));
#7248=ORIENTED_EDGE('',*,*,#7251,.T.);
#7249=ORIENTED_EDGE('',*,*,#7252,.T.);
#7250=ORIENTED_EDGE('',*,*,#7253,.T.);
#7251=EDGE_CURVE('',#410,#102,#7254,.F.);
#7252=EDGE_CURVE('',#102,#412,#7255,.T.);
#7253=EDGE_CURVE('',#412,#410,#7256,.T.);
#7254=LINE('',#409,#7257);
#7255=LINE('',#101,#7258);
#7256=LINE('',#411,#7259);
#7257=VECTOR('',#7260,1.0);
#7258=VECTOR('',#7261,1.0);
#7259=VECTOR('',#7262,1.0);
#7260=DIRECTION('',(0,1,0));
#7261=DIRECTION('',(-0.02097703371726788,-0.9984963895011577,0.05064508080334158));
#7262=DIRECTION('',(0.3826702653502323,0,-0.9238849863574917));
#7263=FACE_SURFACE('',(#7268),#7264,.T.);
#7264=PLANE('',#7265);
#7265=AXIS2_PLACEMENT_3D('',#411,#7266,#7267);
#7266=DIRECTION('',(0.9238849863574918,-0,0.3826702653502323));
#7267=DIRECTION('',(0.02097703371726788,0.9984963895011577,-0.05064508080334158));
#7268=FACE_BOUND('',#7269,.T.);
#7269=EDGE_LOOP('',(#7270,#7271,#7272));
#7270=ORIENTED_EDGE('',*,*,#7273,.T.);
#7271=ORIENTED_EDGE('',*,*,#7274,.T.);
#7272=ORIENTED_EDGE('',*,*,#7275,.T.);
#7273=EDGE_CURVE('',#412,#102,#7276,.F.);
#7274=EDGE_CURVE('',#102,#100,#7277,.T.);
#7275=EDGE_CURVE('',#100,#412,#7278,.T.);
#7276=LINE('',#411,#7279);
#7277=LINE('',#101,#7280);
#7278=LINE('',#99,#7281);
#7279=VECTOR('',#7282,1.0);
#7280=VECTOR('',#7283,1.0);
#7281=VECTOR('',#7284,1.0);
#7282=DIRECTION('',(0.02097703371726788,0.9984963895011577,-0.05064508080334158));
#7283=DIRECTION('',(-0.3826702653502323,0,0.9238849863574917));
#7284=DIRECTION('',(0,-1,0));
#7285=FACE_SURFACE('',(#7290),#7286,.T.);
#7286=PLANE('',#7287);
#7287=AXIS2_PLACEMENT_3D('',#411,#7288,#7289);
#7288=DIRECTION('',(0.9914460012099379,-0,0.13051753401295843));
#7289=DIRECTION('',(0,1,0));
#7290=FACE_BOUND('',#7291,.T.);
#7291=EDGE_LOOP('',(#7292,#7293,#7294));
#7292=ORIENTED_EDGE('',*,*,#7295,.T.);
#7293=ORIENTED_EDGE('',*,*,#7296,.T.);
#7294=ORIENTED_EDGE('',*,*,#7297,.T.);
#7295=EDGE_CURVE('',#412,#100,#7298,.F.);
#7296=EDGE_CURVE('',#100,#414,#7299,.T.);
#7297=EDGE_CURVE('',#414,#412,#7300,.T.);
#7298=LINE('',#411,#7301);
#7299=LINE('',#99,#7302);
#7300=LINE('',#413,#7303);
#7301=VECTOR('',#7304,1.0);
#7302=VECTOR('',#7305,1.0);
#7303=VECTOR('',#7306,1.0);
#7304=DIRECTION('',(0,1,0));
#7305=DIRECTION('',(-0.007154735586789831,-0.9984963522885849,0.054349279894706976));
#7306=DIRECTION('',(0.13051753401295846,0,-0.9914460012099379));
#7307=FACE_SURFACE('',(#7312),#7308,.T.);
#7308=PLANE('',#7309);
#7309=AXIS2_PLACEMENT_3D('',#413,#7310,#7311);
#7310=DIRECTION('',(0.9914460012099379,-0,0.13051753401295843));
#7311=DIRECTION('',(0.007154735586789831,0.9984963522885849,-0.054349279894706976));
#7312=FACE_BOUND('',#7313,.T.);
#7313=EDGE_LOOP('',(#7314,#7315,#7316));
#7314=ORIENTED_EDGE('',*,*,#7317,.T.);
#7315=ORIENTED_EDGE('',*,*,#7318,.T.);
#7316=ORIENTED_EDGE('',*,*,#7319,.T.);
#7317=EDGE_CURVE('',#414,#100,#7320,.F.);
#7318=EDGE_CURVE('',#100,#98,#7321,.T.);
#7319=EDGE_CURVE('',#98,#414,#7322,.T.);
#7320=LINE('',#413,#7323);
#7321=LINE('',#99,#7324);
#7322=LINE('',#97,#7325);
#7323=VECTOR('',#7326,1.0);
#7324=VECTOR('',#7327,1.0);
#7325=VECTOR('',#7328,1.0);
#7326=DIRECTION('',(0.007154735586789831,0.9984963522885849,-0.054349279894706976));
#7327=DIRECTION('',(-0.13051753401295846,0,0.9914460012099379));
#7328=DIRECTION('',(0,-1,0));
#7329=FACE_SURFACE('',(#7334),#7330,.T.);
#7330=PLANE('',#7331);
#7331=AXIS2_PLACEMENT_3D('',#413,#7332,#7333);
#7332=DIRECTION('',(0.9914460012099379,0,-0.13051753401295843));
#7333=DIRECTION('',(0,1,0));
#7334=FACE_BOUND('',#7335,.T.);
#7335=EDGE_LOOP('',(#7336,#7337,#7338));
#7336=ORIENTED_EDGE('',*,*,#7339,.T.);
#7337=ORIENTED_EDGE('',*,*,#7340,.T.);
#7338=ORIENTED_EDGE('',*,*,#7341,.T.);
#7339=EDGE_CURVE('',#414,#98,#7342,.F.);
#7340=EDGE_CURVE('',#98,#416,#7343,.T.);
#7341=EDGE_CURVE('',#416,#414,#7344,.T.);
#7342=LINE('',#413,#7345);
#7343=LINE('',#97,#7346);
#7344=LINE('',#415,#7347);
#7345=VECTOR('',#7348,1.0);
#7346=VECTOR('',#7349,1.0);
#7347=VECTOR('',#7350,1.0);
#7348=DIRECTION('',(0,1,0));
#7349=DIRECTION('',(0.007154735586789831,-0.9984963522885849,0.054349279894706976));
#7350=DIRECTION('',(-0.13051753401295846,0,-0.9914460012099379));
#7351=FACE_SURFACE('',(#7356),#7352,.T.);
#7352=PLANE('',#7353);
#7353=AXIS2_PLACEMENT_3D('',#415,#7354,#7355);
#7354=DIRECTION('',(0.9914460012099379,0,-0.13051753401295843));
#7355=DIRECTION('',(-0.007154735586789831,0.9984963522885849,-0.054349279894706976));
#7356=FACE_BOUND('',#7357,.T.);
#7357=EDGE_LOOP('',(#7358,#7359,#7360));
#7358=ORIENTED_EDGE('',*,*,#7361,.T.);
#7359=ORIENTED_EDGE('',*,*,#7362,.T.);
#7360=ORIENTED_EDGE('',*,*,#7363,.T.);
#7361=EDGE_CURVE('',#416,#98,#7364,.F.);
#7362=EDGE_CURVE('',#98,#96,#7365,.T.);
#7363=EDGE_CURVE('',#96,#416,#7366,.T.);
#7364=LINE('',#415,#7367);
#7365=LINE('',#97,#7368);
#7366=LINE('',#95,#7369);
#7367=VECTOR('',#7370,1.0);
#7368=VECTOR('',#7371,1.0);
#7369=VECTOR('',#7372,1.0);
#7370=DIRECTION('',(-0.007154735586789831,0.9984963522885849,-0.054349279894706976));
#7371=DIRECTION('',(0.13051753401295846,0,0.9914460012099379));
#7372=DIRECTION('',(0,-1,0));
#7373=FACE_SURFACE('',(#7378),#7374,.T.);
#7374=PLANE('',#7375);
#7375=AXIS2_PLACEMENT_3D('',#415,#7376,#7377);
#7376=DIRECTION('',(0.9238849863574918,0,-0.3826702653502323));
#7377=DIRECTION('',(0,1,0));
#7378=FACE_BOUND('',#7379,.T.);
#7379=EDGE_LOOP('',(#7380,#7381,#7382));
#7380=ORIENTED_EDGE('',*,*,#7383,.T.);
#7381=ORIENTED_EDGE('',*,*,#7384,.T.);
#7382=ORIENTED_EDGE('',*,*,#7385,.T.);
#7383=EDGE_CURVE('',#416,#96,#7386,.F.);
#7384=EDGE_CURVE('',#96,#418,#7387,.T.);
#7385=EDGE_CURVE('',#418,#416,#7388,.T.);
#7386=LINE('',#415,#7389);
#7387=LINE('',#95,#7390);
#7388=LINE('',#417,#7391);
#7389=VECTOR('',#7392,1.0);
#7390=VECTOR('',#7393,1.0);
#7391=VECTOR('',#7394,1.0);
#7392=DIRECTION('',(0,1,0));
#7393=DIRECTION('',(0.02097703371726788,-0.9984963895011577,0.05064508080334158));
#7394=DIRECTION('',(-0.3826702653502323,0,-0.9238849863574917));
#7395=FACE_SURFACE('',(#7400),#7396,.T.);
#7396=PLANE('',#7397);
#7397=AXIS2_PLACEMENT_3D('',#417,#7398,#7399);
#7398=DIRECTION('',(0.9238849863574918,0,-0.3826702653502323));
#7399=DIRECTION('',(-0.02097703371726788,0.9984963895011577,-0.05064508080334158));
#7400=FACE_BOUND('',#7401,.T.);
#7401=EDGE_LOOP('',(#7402,#7403,#7404));
#7402=ORIENTED_EDGE('',*,*,#7405,.T.);
#7403=ORIENTED_EDGE('',*,*,#7406,.T.);
#7404=ORIENTED_EDGE('',*,*,#7407,.T.);
#7405=EDGE_CURVE('',#418,#96,#7408,.F.);
#7406=EDGE_CURVE('',#96,#94,#7409,.T.);
#7407=EDGE_CURVE('',#94,#418,#7410,.T.);
#7408=LINE('',#417,#7411);
#7409=LINE('',#95,#7412);
#7410=LINE('',#93,#7413);
#7411=VECTOR('',#7414,1.0);
#7412=VECTOR('',#7415,1.0);
#7413=VECTOR('',#7416,1.0);
#7414=DIRECTION('',(-0.02097703371726788,0.9984963895011577,-0.05064508080334158));
#7415=DIRECTION('',(0.3826702653502323,0,0.9238849863574917));
#7416=DIRECTION('',(0,-1,0));
#7417=FACE_SURFACE('',(#7422),#7418,.T.);
#7418=PLANE('',#7419);
#7419=AXIS2_PLACEMENT_3D('',#417,#7420,#7421);
#7420=DIRECTION('',(0.7933525222478303,0,-0.608762495102159));
#7421=DIRECTION('',(0,1,0));
#7422=FACE_BOUND('',#7423,.T.);
#7423=EDGE_LOOP('',(#7424,#7425,#7426));
#7424=ORIENTED_EDGE('',*,*,#7427,.T.);
#7425=ORIENTED_EDGE('',*,*,#7428,.T.);
#7426=ORIENTED_EDGE('',*,*,#7429,.T.);
#7427=EDGE_CURVE('',#418,#94,#7430,.F.);
#7428=EDGE_CURVE('',#94,#420,#7431,.T.);
#7429=EDGE_CURVE('',#420,#418,#7432,.T.);
#7430=LINE('',#417,#7433);
#7431=LINE('',#93,#7434);
#7432=LINE('',#419,#7435);
#7433=VECTOR('',#7436,1.0);
#7434=VECTOR('',#7437,1.0);
#7435=VECTOR('',#7438,1.0);
#7436=DIRECTION('',(0,1,0));
#7437=DIRECTION('',(0.033371406565486254,-0.998496339157389,0.04349034275714274));
#7438=DIRECTION('',(-0.608762495102159,0,-0.7933525222478303));
#7439=FACE_SURFACE('',(#7444),#7440,.T.);
#7440=PLANE('',#7441);
#7441=AXIS2_PLACEMENT_3D('',#419,#7442,#7443);
#7442=DIRECTION('',(0.7933525222478303,0,-0.608762495102159));
#7443=DIRECTION('',(-0.033371406565486254,0.998496339157389,-0.04349034275714274));
#7444=FACE_BOUND('',#7445,.T.);
#7445=EDGE_LOOP('',(#7446,#7447,#7448));
#7446=ORIENTED_EDGE('',*,*,#7449,.T.);
#7447=ORIENTED_EDGE('',*,*,#7450,.T.);
#7448=ORIENTED_EDGE('',*,*,#7451,.T.);
#7449=EDGE_CURVE('',#420,#94,#7452,.F.);
#7450=EDGE_CURVE('',#94,#92,#7453,.T.);
#7451=EDGE_CURVE('',#92,#420,#7454,.T.);
#7452=LINE('',#419,#7455);
#7453=LINE('',#93,#7456);
#7454=LINE('',#91,#7457);
#7455=VECTOR('',#7458,1.0);
#7456=VECTOR('',#7459,1.0);
#7457=VECTOR('',#7460,1.0);
#7458=DIRECTION('',(-0.033371406565486254,0.998496339157389,-0.04349034275714274));
#7459=DIRECTION('',(0.608762495102159,0,0.7933525222478303));
#7460=DIRECTION('',(0,-1,0));
#7461=FACE_SURFACE('',(#7466),#7462,.T.);
#7462=PLANE('',#7463);
#7463=AXIS2_PLACEMENT_3D('',#419,#7464,#7465);
#7464=DIRECTION('',(0.6087550949663122,0,-0.7933582005327456));
#7465=DIRECTION('',(0,1,0));
#7466=FACE_BOUND('',#7467,.T.);
#7467=EDGE_LOOP('',(#7468,#7469,#7470));
#7468=ORIENTED_EDGE('',*,*,#7471,.T.);
#7469=ORIENTED_EDGE('',*,*,#7472,.T.);
#7470=ORIENTED_EDGE('',*,*,#7473,.T.);
#7471=EDGE_CURVE('',#420,#92,#7474,.F.);
#7472=EDGE_CURVE('',#92,#422,#7475,.T.);
#7473=EDGE_CURVE('',#422,#420,#7476,.T.);
#7474=LINE('',#419,#7477);
#7475=LINE('',#91,#7478);
#7476=LINE('',#421,#7479);
#7477=VECTOR('',#7480,1.0);
#7478=VECTOR('',#7481,1.0);
#7479=VECTOR('',#7482,1.0);
#7480=DIRECTION('',(0,1,0));
#7481=DIRECTION('',(0.043491181123255174,-0.9984963026820426,0.03337140534641958));
#7482=DIRECTION('',(-0.7933582005327457,0,-0.6087550949663122));
#7483=FACE_SURFACE('',(#7488),#7484,.T.);
#7484=PLANE('',#7485);
#7485=AXIS2_PLACEMENT_3D('',#421,#7486,#7487);
#7486=DIRECTION('',(0.6087550949663122,0,-0.7933582005327456));
#7487=DIRECTION('',(-0.043491181123255174,0.9984963026820426,-0.03337140534641958));
#7488=FACE_BOUND('',#7489,.T.);
#7489=EDGE_LOOP('',(#7490,#7491,#7492));
#7490=ORIENTED_EDGE('',*,*,#7493,.T.);
#7491=ORIENTED_EDGE('',*,*,#7494,.T.);
#7492=ORIENTED_EDGE('',*,*,#7495,.T.);
#7493=EDGE_CURVE('',#422,#92,#7496,.F.);
#7494=EDGE_CURVE('',#92,#90,#7497,.T.);
#7495=EDGE_CURVE('',#90,#422,#7498,.T.);
#7496=LINE('',#421,#7499);
#7497=LINE('',#91,#7500);
#7498=LINE('',#89,#7501);
#7499=VECTOR('',#7502,1.0);
#7500=VECTOR('',#7503,1.0);
#7501=VECTOR('',#7504,1.0);
#7502=DIRECTION('',(-0.043491181123255174,0.9984963026820426,-0.03337140534641958));
#7503=DIRECTION('',(0.7933582005327457,0,0.6087550949663122));
#7504=DIRECTION('',(0,-1,0));
#7505=FACE_SURFACE('',(#7510),#7506,.T.);
#7506=PLANE('',#7507);
#7507=AXIS2_PLACEMENT_3D('',#421,#7508,#7509);
#7508=DIRECTION('',(0.38267568267480895,0,-0.9238827425000258));
#7509=DIRECTION('',(0,1,0));
#7510=FACE_BOUND('',#7511,.T.);
#7511=EDGE_LOOP('',(#7512,#7513,#7514));
#7512=ORIENTED_EDGE('',*,*,#7515,.T.);
#7513=ORIENTED_EDGE('',*,*,#7516,.T.);
#7514=ORIENTED_EDGE('',*,*,#7517,.T.);
#7515=EDGE_CURVE('',#422,#90,#7518,.F.);
#7516=EDGE_CURVE('',#90,#424,#7519,.T.);
#7517=EDGE_CURVE('',#424,#422,#7520,.T.);
#7518=LINE('',#421,#7521);
#7519=LINE('',#89,#7522);
#7520=LINE('',#423,#7523);
#7521=VECTOR('',#7524,1.0);
#7522=VECTOR('',#7525,1.0);
#7523=VECTOR('',#7526,1.0);
#7524=DIRECTION('',(0,1,0));
#7525=DIRECTION('',(0.05064424300280911,-0.998496431976429,0.02097703460961482));
#7526=DIRECTION('',(-0.9238827425000258,0,-0.382675682674809));
#7527=FACE_SURFACE('',(#7532),#7528,.T.);
#7528=PLANE('',#7529);
#7529=AXIS2_PLACEMENT_3D('',#423,#7530,#7531);
#7530=DIRECTION('',(0.38267568267480895,0,-0.9238827425000258));
#7531=DIRECTION('',(-0.05064424300280911,0.998496431976429,-0.02097703460961482));
#7532=FACE_BOUND('',#7533,.T.);
#7533=EDGE_LOOP('',(#7534,#7535,#7536));
#7534=ORIENTED_EDGE('',*,*,#7537,.T.);
#7535=ORIENTED_EDGE('',*,*,#7538,.T.);
#7536=ORIENTED_EDGE('',*,*,#7539,.T.);
#7537=EDGE_CURVE('',#424,#90,#7540,.F.);
#7538=EDGE_CURVE('',#90,#88,#7541,.T.);
#7539=EDGE_CURVE('',#88,#424,#7542,.T.);
#7540=LINE('',#423,#7543);
#7541=LINE('',#89,#7544);
#7542=LINE('',#87,#7545);
#7543=VECTOR('',#7546,1.0);
#7544=VECTOR('',#7547,1.0);
#7545=VECTOR('',#7548,1.0);
#7546=DIRECTION('',(-0.05064424300280911,0.998496431976429,-0.02097703460961482));
#7547=DIRECTION('',(0.9238827425000258,0,0.382675682674809));
#7548=DIRECTION('',(0,-1,0));
#7549=FACE_SURFACE('',(#7554),#7550,.T.);
#7550=PLANE('',#7551);
#7551=AXIS2_PLACEMENT_3D('',#423,#7552,#7553);
#7552=DIRECTION('',(0.13053061256044057,0,-0.9914442794149332));
#7553=DIRECTION('',(0,1,0));
#7554=FACE_BOUND('',#7555,.T.);
#7555=EDGE_LOOP('',(#7556,#7557,#7558));
#7556=ORIENTED_EDGE('',*,*,#7559,.T.);
#7557=ORIENTED_EDGE('',*,*,#7560,.T.);
#7558=ORIENTED_EDGE('',*,*,#7561,.T.);
#7559=EDGE_CURVE('',#424,#88,#7562,.F.);
#7560=EDGE_CURVE('',#88,#426,#7563,.T.);
#7561=EDGE_CURVE('',#426,#424,#7564,.T.);
#7562=LINE('',#423,#7565);
#7563=LINE('',#87,#7566);
#7564=LINE('',#425,#7567);
#7565=VECTOR('',#7568,1.0);
#7566=VECTOR('',#7569,1.0);
#7567=VECTOR('',#7570,1.0);
#7568=DIRECTION('',(0,1,0));
#7569=DIRECTION('',(0.054350117041777564,-0.9984963007049666,0.007155575171991869));
#7570=DIRECTION('',(-0.9914442794149332,0,-0.13053061256044057));
#7571=FACE_SURFACE('',(#7576),#7572,.T.);
#7572=PLANE('',#7573);
#7573=AXIS2_PLACEMENT_3D('',#425,#7574,#7575);
#7574=DIRECTION('',(0.13053061256044057,0,-0.9914442794149332));
#7575=DIRECTION('',(-0.054350117041777564,0.9984963007049666,-0.007155575171991869));
#7576=FACE_BOUND('',#7577,.T.);
#7577=EDGE_LOOP('',(#7578,#7579,#7580));
#7578=ORIENTED_EDGE('',*,*,#7581,.T.);
#7579=ORIENTED_EDGE('',*,*,#7582,.T.);
#7580=ORIENTED_EDGE('',*,*,#7583,.T.);
#7581=EDGE_CURVE('',#426,#88,#7584,.F.);
#7582=EDGE_CURVE('',#88,#86,#7585,.T.);
#7583=EDGE_CURVE('',#86,#426,#7586,.T.);
#7584=LINE('',#425,#7587);
#7585=LINE('',#87,#7588);
#7586=LINE('',#85,#7589);
#7587=VECTOR('',#7590,1.0);
#7588=VECTOR('',#7591,1.0);
#7589=VECTOR('',#7592,1.0);
#7590=DIRECTION('',(-0.054350117041777564,0.9984963007049666,-0.007155575171991869));
#7591=DIRECTION('',(0.9914442794149332,0,0.13053061256044057));
#7592=DIRECTION('',(0,-1,0));
#7593=FACE_SURFACE('',(#7598),#7594,.T.);
#7594=PLANE('',#7595);
#7595=AXIS2_PLACEMENT_3D('',#425,#7596,#7597);
#7596=DIRECTION('',(-0.13053457851305142,0,-0.9914437572613084));
#7597=DIRECTION('',(0,1,0));
#7598=FACE_BOUND('',#7599,.T.);
#7599=EDGE_LOOP('',(#7600,#7601,#7602));
#7600=ORIENTED_EDGE('',*,*,#7603,.T.);
#7601=ORIENTED_EDGE('',*,*,#7604,.T.);
#7602=ORIENTED_EDGE('',*,*,#7605,.T.);
#7603=EDGE_CURVE('',#426,#86,#7606,.F.);
#7604=EDGE_CURVE('',#86,#428,#7607,.T.);
#7605=EDGE_CURVE('',#428,#426,#7608,.T.);
#7606=LINE('',#425,#7609);
#7607=LINE('',#85,#7610);
#7608=LINE('',#427,#7611);
#7609=VECTOR('',#7612,1.0);
#7610=VECTOR('',#7613,1.0);
#7611=VECTOR('',#7614,1.0);
#7612=DIRECTION('',(0,1,0));
#7613=DIRECTION('',(0.05434844209424251,-0.9984963918695635,-0.0071555758253093885));
#7614=DIRECTION('',(-0.9914437572613084,0,0.13053457851305142));
#7615=FACE_SURFACE('',(#7620),#7616,.T.);
#7616=PLANE('',#7617);
#7617=AXIS2_PLACEMENT_3D('',#427,#7618,#7619);
#7618=DIRECTION('',(-0.13053457851305142,0,-0.9914437572613084));
#7619=DIRECTION('',(-0.05434844209424251,0.9984963918695635,0.0071555758253093885));
#7620=FACE_BOUND('',#7621,.T.);
#7621=EDGE_LOOP('',(#7622,#7623,#7624));
#7622=ORIENTED_EDGE('',*,*,#7625,.T.);
#7623=ORIENTED_EDGE('',*,*,#7626,.T.);
#7624=ORIENTED_EDGE('',*,*,#7627,.T.);
#7625=EDGE_CURVE('',#428,#86,#7628,.F.);
#7626=EDGE_CURVE('',#86,#84,#7629,.T.);
#7627=EDGE_CURVE('',#84,#428,#7630,.T.);
#7628=LINE('',#427,#7631);
#7629=LINE('',#85,#7632);
#7630=LINE('',#83,#7633);
#7631=VECTOR('',#7634,1.0);
#7632=VECTOR('',#7635,1.0);
#7633=VECTOR('',#7636,1.0);
#7634=DIRECTION('',(-0.05434844209424251,0.9984963918695635,0.0071555758253093885));
#7635=DIRECTION('',(0.9914437572613084,0,-0.13053457851305142));
#7636=DIRECTION('',(0,-1,0));
#7637=FACE_SURFACE('',(#7642),#7638,.T.);
#7638=PLANE('',#7639);
#7639=AXIS2_PLACEMENT_3D('',#427,#7640,#7641);
#7640=DIRECTION('',(-0.3826648481658771,0,-0.9238872301196646));
#7641=DIRECTION('',(0,1,0));
#7642=FACE_BOUND('',#7643,.T.);
#7643=EDGE_LOOP('',(#7644,#7645,#7646));
#7644=ORIENTED_EDGE('',*,*,#7647,.T.);
#7645=ORIENTED_EDGE('',*,*,#7648,.T.);
#7646=ORIENTED_EDGE('',*,*,#7649,.T.);
#7647=EDGE_CURVE('',#428,#84,#7650,.F.);
#7648=EDGE_CURVE('',#84,#430,#7651,.T.);
#7649=EDGE_CURVE('',#430,#428,#7652,.T.);
#7650=LINE('',#427,#7653);
#7651=LINE('',#83,#7654);
#7652=LINE('',#429,#7655);
#7653=VECTOR('',#7656,1.0);
#7654=VECTOR('',#7657,1.0);
#7655=VECTOR('',#7658,1.0);
#7656=DIRECTION('',(0,1,0));
#7657=DIRECTION('',(0.05064591860376713,-0.9984963470251874,-0.020977032824906254));
#7658=DIRECTION('',(-0.9238872301196647,0,0.38266484816587715));
#7659=FACE_SURFACE('',(#7664),#7660,.T.);
#7660=PLANE('',#7661);
#7661=AXIS2_PLACEMENT_3D('',#429,#7662,#7663);
#7662=DIRECTION('',(-0.3826648481658771,0,-0.9238872301196646));
#7663=DIRECTION('',(-0.05064591860376713,0.9984963470251874,0.020977032824906254));
#7664=FACE_BOUND('',#7665,.T.);
#7665=EDGE_LOOP('',(#7666,#7667,#7668));
#7666=ORIENTED_EDGE('',*,*,#7669,.T.);
#7667=ORIENTED_EDGE('',*,*,#7670,.T.);
#7668=ORIENTED_EDGE('',*,*,#7671,.T.);
#7669=EDGE_CURVE('',#430,#84,#7672,.F.);
#7670=EDGE_CURVE('',#84,#82,#7673,.T.);
#7671=EDGE_CURVE('',#82,#430,#7674,.T.);
#7672=LINE('',#429,#7675);
#7673=LINE('',#83,#7676);
#7674=LINE('',#81,#7677);
#7675=VECTOR('',#7678,1.0);
#7676=VECTOR('',#7679,1.0);
#7677=VECTOR('',#7680,1.0);
#7678=DIRECTION('',(-0.05064591860376713,0.9984963470251874,0.020977032824906254));
#7679=DIRECTION('',(0.9238872301196647,0,-0.38266484816587715));
#7680=DIRECTION('',(0,-1,0));
#7681=FACE_SURFACE('',(#7686),#7682,.T.);
#7682=PLANE('',#7683);
#7683=AXIS2_PLACEMENT_3D('',#429,#7684,#7685);
#7684=DIRECTION('',(-0.608769895364981,0,-0.7933468437558128));
#7685=DIRECTION('',(0,1,0));
#7686=FACE_BOUND('',#7687,.T.);
#7687=EDGE_LOOP('',(#7688,#7689,#7690));
#7688=ORIENTED_EDGE('',*,*,#7691,.T.);
#7689=ORIENTED_EDGE('',*,*,#7692,.T.);
#7690=ORIENTED_EDGE('',*,*,#7693,.T.);
#7691=EDGE_CURVE('',#430,#82,#7694,.F.);
#7692=EDGE_CURVE('',#82,#432,#7695,.T.);
#7693=EDGE_CURVE('',#432,#430,#7696,.T.);
#7694=LINE('',#429,#7697);
#7695=LINE('',#81,#7698);
#7696=LINE('',#431,#7699);
#7697=VECTOR('',#7700,1.0);
#7698=VECTOR('',#7701,1.0);
#7699=VECTOR('',#7702,1.0);
#7700=DIRECTION('',(0,1,0));
#7701=DIRECTION('',(0.04348950439093544,-0.9984963756320347,-0.033371407784529517));
#7702=DIRECTION('',(-0.7933468437558128,0,0.6087698953649809));
#7703=FACE_SURFACE('',(#7708),#7704,.T.);
#7704=PLANE('',#7705);
#7705=AXIS2_PLACEMENT_3D('',#431,#7706,#7707);
#7706=DIRECTION('',(-0.608769895364981,0,-0.7933468437558128));
#7707=DIRECTION('',(-0.04348950439093544,0.9984963756320347,0.033371407784529517));
#7708=FACE_BOUND('',#7709,.T.);
#7709=EDGE_LOOP('',(#7710,#7711,#7712));
#7710=ORIENTED_EDGE('',*,*,#7713,.T.);
#7711=ORIENTED_EDGE('',*,*,#7714,.T.);
#7712=ORIENTED_EDGE('',*,*,#7715,.T.);
#7713=EDGE_CURVE('',#432,#82,#7716,.F.);
#7714=EDGE_CURVE('',#82,#80,#7717,.T.);
#7715=EDGE_CURVE('',#80,#432,#7718,.T.);
#7716=LINE('',#431,#7719);
#7717=LINE('',#81,#7720);
#7718=LINE('',#79,#7721);
#7719=VECTOR('',#7722,1.0);
#7720=VECTOR('',#7723,1.0);
#7721=VECTOR('',#7724,1.0);
#7722=DIRECTION('',(-0.04348950439093544,0.9984963756320347,0.033371407784529517));
#7723=DIRECTION('',(0.7933468437558128,0,-0.6087698953649809));
#7724=DIRECTION('',(0,-1,0));
#7725=FACE_SURFACE('',(#7730),#7726,.T.);
#7726=PLANE('',#7727);
#7727=AXIS2_PLACEMENT_3D('',#431,#7728,#7729);
#7728=DIRECTION('',(-0.793352522247804,0,-0.6087624951021932));
#7729=DIRECTION('',(0,1,0));
#7730=FACE_BOUND('',#7731,.T.);
#7731=EDGE_LOOP('',(#7732,#7733,#7734));
#7732=ORIENTED_EDGE('',*,*,#7735,.T.);
#7733=ORIENTED_EDGE('',*,*,#7736,.T.);
#7734=ORIENTED_EDGE('',*,*,#7737,.T.);
#7735=EDGE_CURVE('',#432,#80,#7738,.F.);
#7736=EDGE_CURVE('',#80,#434,#7739,.T.);
#7737=EDGE_CURVE('',#434,#432,#7740,.T.);
#7738=LINE('',#431,#7741);
#7739=LINE('',#79,#7742);
#7740=LINE('',#433,#7743);
#7741=VECTOR('',#7744,1.0);
#7742=VECTOR('',#7745,1.0);
#7743=VECTOR('',#7746,1.0);
#7744=DIRECTION('',(0,1,0));
#7745=DIRECTION('',(0.03337140656548923,-0.9984963391573888,-0.04349034275714273));
#7746=DIRECTION('',(-0.6087624951021932,0,0.7933525222478038));
#7747=FACE_SURFACE('',(#7752),#7748,.T.);
#7748=PLANE('',#7749);
#7749=AXIS2_PLACEMENT_3D('',#433,#7750,#7751);
#7750=DIRECTION('',(-0.793352522247804,0,-0.6087624951021932));
#7751=DIRECTION('',(-0.03337140656548923,0.9984963391573888,0.04349034275714273));
#7752=FACE_BOUND('',#7753,.T.);
#7753=EDGE_LOOP('',(#7754,#7755,#7756));
#7754=ORIENTED_EDGE('',*,*,#7757,.T.);
#7755=ORIENTED_EDGE('',*,*,#7758,.T.);
#7756=ORIENTED_EDGE('',*,*,#7759,.T.);
#7757=EDGE_CURVE('',#434,#80,#7760,.F.);
#7758=EDGE_CURVE('',#80,#78,#7761,.T.);
#7759=EDGE_CURVE('',#78,#434,#7762,.T.);
#7760=LINE('',#433,#7763);
#7761=LINE('',#79,#7764);
#7762=LINE('',#77,#7765);
#7763=VECTOR('',#7766,1.0);
#7764=VECTOR('',#7767,1.0);
#7765=VECTOR('',#7768,1.0);
#7766=DIRECTION('',(-0.03337140656548923,0.9984963391573888,0.04349034275714273));
#7767=DIRECTION('',(0.6087624951021932,0,-0.7933525222478038));
#7768=DIRECTION('',(0,-1,0));
#7769=FACE_SURFACE('',(#7774),#7770,.T.);
#7770=PLANE('',#7771);
#7771=AXIS2_PLACEMENT_3D('',#433,#7772,#7773);
#7772=DIRECTION('',(-0.9238849863575112,0,-0.3826702653501859));
#7773=DIRECTION('',(0,1,0));
#7774=FACE_BOUND('',#7775,.T.);
#7775=EDGE_LOOP('',(#7776,#7777,#7778));
#7776=ORIENTED_EDGE('',*,*,#7779,.T.);
#7777=ORIENTED_EDGE('',*,*,#7780,.T.);
#7778=ORIENTED_EDGE('',*,*,#7781,.T.);
#7779=EDGE_CURVE('',#434,#78,#7782,.F.);
#7780=EDGE_CURVE('',#78,#436,#7783,.T.);
#7781=EDGE_CURVE('',#436,#434,#7784,.T.);
#7782=LINE('',#433,#7785);
#7783=LINE('',#77,#7786);
#7784=LINE('',#435,#7787);
#7785=VECTOR('',#7788,1.0);
#7786=VECTOR('',#7789,1.0);
#7787=VECTOR('',#7790,1.0);
#7788=DIRECTION('',(0,1,0));
#7789=DIRECTION('',(0.020977033717264896,-0.9984963895011577,-0.05064508080334158));
#7790=DIRECTION('',(-0.38267026535018583,0,0.923884986357511));
#7791=FACE_SURFACE('',(#7796),#7792,.T.);
#7792=PLANE('',#7793);
#7793=AXIS2_PLACEMENT_3D('',#435,#7794,#7795);
#7794=DIRECTION('',(-0.9238849863575112,0,-0.3826702653501859));
#7795=DIRECTION('',(-0.020977033717264896,0.9984963895011577,0.05064508080334158));
#7796=FACE_BOUND('',#7797,.T.);
#7797=EDGE_LOOP('',(#7798,#7799,#7800));
#7798=ORIENTED_EDGE('',*,*,#7801,.T.);
#7799=ORIENTED_EDGE('',*,*,#7802,.T.);
#7800=ORIENTED_EDGE('',*,*,#7803,.T.);
#7801=EDGE_CURVE('',#436,#78,#7804,.F.);
#7802=EDGE_CURVE('',#78,#76,#7805,.T.);
#7803=EDGE_CURVE('',#76,#436,#7806,.T.);
#7804=LINE('',#435,#7807);
#7805=LINE('',#77,#7808);
#7806=LINE('',#75,#7809);
#7807=VECTOR('',#7810,1.0);
#7808=VECTOR('',#7811,1.0);
#7809=VECTOR('',#7812,1.0);
#7810=DIRECTION('',(-0.020977033717264896,0.9984963895011577,0.05064508080334158));
#7811=DIRECTION('',(0.38267026535018583,0,-0.923884986357511));
#7812=DIRECTION('',(0,-1,0));
#7813=FACE_SURFACE('',(#7818),#7814,.T.);
#7814=PLANE('',#7815);
#7815=AXIS2_PLACEMENT_3D('',#483,#7816,#7817);
#7816=DIRECTION('',(-0.9914499010542666,0,-0.13048790633420723));
#7817=DIRECTION('',(0,1,0));
#7818=FACE_BOUND('',#7819,.T.);
#7819=EDGE_LOOP('',(#7820,#7821,#7822));
#7820=ORIENTED_EDGE('',*,*,#7823,.T.);
#7821=ORIENTED_EDGE('',*,*,#7824,.T.);
#7822=ORIENTED_EDGE('',*,*,#7825,.T.);
#7823=EDGE_CURVE('',#484,#124,#7826,.F.);
#7824=EDGE_CURVE('',#124,#438,#7827,.T.);
#7825=EDGE_CURVE('',#438,#484,#7828,.T.);
#7826=LINE('',#483,#7829);
#7827=LINE('',#123,#7830);
#7828=LINE('',#437,#7831);
#7829=VECTOR('',#7832,1.0);
#7830=VECTOR('',#7833,1.0);
#7831=VECTOR('',#7834,1.0);
#7832=DIRECTION('',(0,1,0));
#7833=DIRECTION('',(0.007153055844647616,-0.9984963756839669,-0.05434907117942155));
#7834=DIRECTION('',(-0.13048790633420723,0,0.9914499010542666));
#7835=FACE_SURFACE('',(#7840),#7836,.T.);
#7836=PLANE('',#7837);
#7837=AXIS2_PLACEMENT_3D('',#437,#7838,#7839);
#7838=DIRECTION('',(-0.9914499010542666,0,-0.13048790633420723));
#7839=DIRECTION('',(-0.007153055844647616,0.9984963756839669,0.05434907117942155));
#7840=FACE_BOUND('',#7841,.T.);
#7841=EDGE_LOOP('',(#7842,#7843,#7844));
#7842=ORIENTED_EDGE('',*,*,#7845,.T.);
#7843=ORIENTED_EDGE('',*,*,#7846,.T.);
#7844=ORIENTED_EDGE('',*,*,#7847,.T.);
#7845=EDGE_CURVE('',#438,#124,#7848,.F.);
#7846=EDGE_CURVE('',#124,#122,#7849,.T.);
#7847=EDGE_CURVE('',#122,#438,#7850,.T.);
#7848=LINE('',#437,#7851);
#7849=LINE('',#123,#7852);
#7850=LINE('',#121,#7853);
#7851=VECTOR('',#7854,1.0);
#7852=VECTOR('',#7855,1.0);
#7853=VECTOR('',#7856,1.0);
#7854=DIRECTION('',(-0.007153055844647616,0.9984963756839669,0.05434907117942155));
#7855=DIRECTION('',(0.13048790633420723,0,-0.9914499010542666));
#7856=DIRECTION('',(0,-1,0));
#7857=FACE_SURFACE('',(#7862),#7858,.T.);
#7858=PLANE('',#7859);
#7859=AXIS2_PLACEMENT_3D('',#437,#7860,#7861);
#7860=DIRECTION('',(-0.9914499010542664,0,0.13048790633420812));
#7861=DIRECTION('',(0,1,0));
#7862=FACE_BOUND('',#7863,.T.);
#7863=EDGE_LOOP('',(#7864,#7865,#7866));
#7864=ORIENTED_EDGE('',*,*,#7867,.T.);
#7865=ORIENTED_EDGE('',*,*,#7868,.T.);
#7866=ORIENTED_EDGE('',*,*,#7869,.T.);
#7867=EDGE_CURVE('',#438,#122,#7870,.F.);
#7868=EDGE_CURVE('',#122,#440,#7871,.T.);
#7869=EDGE_CURVE('',#440,#438,#7872,.T.);
#7870=LINE('',#437,#7873);
#7871=LINE('',#121,#7874);
#7872=LINE('',#439,#7875);
#7873=VECTOR('',#7876,1.0);
#7874=VECTOR('',#7877,1.0);
#7875=VECTOR('',#7878,1.0);
#7876=DIRECTION('',(0,1,0));
#7877=DIRECTION('',(-0.007153055844647616,-0.9984963756839669,-0.05434907117942118));
#7878=DIRECTION('',(0.13048790633420812,0,0.9914499010542664));
#7879=FACE_SURFACE('',(#7884),#7880,.T.);
#7880=PLANE('',#7881);
#7881=AXIS2_PLACEMENT_3D('',#439,#7882,#7883);
#7882=DIRECTION('',(-0.9914499010542664,0,0.13048790633420812));
#7883=DIRECTION('',(0.007153055844647616,0.9984963756839669,0.05434907117942118));
#7884=FACE_BOUND('',#7885,.T.);
#7885=EDGE_LOOP('',(#7886,#7887,#7888));
#7886=ORIENTED_EDGE('',*,*,#7889,.T.);
#7887=ORIENTED_EDGE('',*,*,#7890,.T.);
#7888=ORIENTED_EDGE('',*,*,#7891,.T.);
#7889=EDGE_CURVE('',#440,#122,#7892,.F.);
#7890=EDGE_CURVE('',#122,#168,#7893,.T.);
#7891=EDGE_CURVE('',#168,#440,#7894,.T.);
#7892=LINE('',#439,#7895);
#7893=LINE('',#121,#7896);
#7894=LINE('',#167,#7897);
#7895=VECTOR('',#7898,1.0);
#7896=VECTOR('',#7899,1.0);
#7897=VECTOR('',#7900,1.0);
#7898=DIRECTION('',(0.007153055844647616,0.9984963756839669,0.05434907117942118));
#7899=DIRECTION('',(-0.13048790633420812,0,-0.9914499010542664));
#7900=DIRECTION('',(0,-1,0));
#7901=FACE_SURFACE('',(#7906),#7902,.T.);
#7902=PLANE('',#7903);
#7903=AXIS2_PLACEMENT_3D('',#439,#7904,#7905);
#7904=DIRECTION('',(-0.9238530418015025,0,0.3827473803360529));
#7905=DIRECTION('',(0,1,0));
#7906=FACE_BOUND('',#7907,.T.);
#7907=EDGE_LOOP('',(#7908,#7909,#7910));
#7908=ORIENTED_EDGE('',*,*,#7911,.T.);
#7909=ORIENTED_EDGE('',*,*,#7912,.T.);
#7910=ORIENTED_EDGE('',*,*,#7913,.T.);
#7911=EDGE_CURVE('',#440,#168,#7914,.F.);
#7912=EDGE_CURVE('',#168,#442,#7915,.T.);
#7913=EDGE_CURVE('',#442,#440,#7916,.T.);
#7914=LINE('',#439,#7917);
#7915=LINE('',#167,#7918);
#7916=LINE('',#441,#7919);
#7917=VECTOR('',#7920,1.0);
#7918=VECTOR('',#7921,1.0);
#7919=VECTOR('',#7922,1.0);
#7920=DIRECTION('',(0,1,0));
#7921=DIRECTION('',(-0.020982071005080243,-0.998496273309956,-0.05064528489866867));
#7922=DIRECTION('',(0.38274738033605293,0,0.9238530418015026));
#7923=FACE_SURFACE('',(#7928),#7924,.T.);
#7924=PLANE('',#7925);
#7925=AXIS2_PLACEMENT_3D('',#441,#7926,#7927);
#7926=DIRECTION('',(-0.9238530418015025,0,0.3827473803360529));
#7927=DIRECTION('',(0.020982071005080243,0.998496273309956,0.05064528489866867));
#7928=FACE_BOUND('',#7929,.T.);
#7929=EDGE_LOOP('',(#7930,#7931,#7932));
#7930=ORIENTED_EDGE('',*,*,#7933,.T.);
#7931=ORIENTED_EDGE('',*,*,#7934,.T.);
#7932=ORIENTED_EDGE('',*,*,#7935,.T.);
#7933=EDGE_CURVE('',#442,#168,#7936,.F.);
#7934=EDGE_CURVE('',#168,#166,#7937,.T.);
#7935=EDGE_CURVE('',#166,#442,#7938,.T.);
#7936=LINE('',#441,#7939);
#7937=LINE('',#167,#7940);
#7938=LINE('',#165,#7941);
#7939=VECTOR('',#7942,1.0);
#7940=VECTOR('',#7943,1.0);
#7941=VECTOR('',#7944,1.0);
#7942=DIRECTION('',(0.020982071005080243,0.998496273309956,0.05064528489866867));
#7943=DIRECTION('',(-0.38274738033605293,0,-0.9238530418015026));
#7944=DIRECTION('',(0,-1,0));
#7945=FACE_SURFACE('',(#7950),#7946,.T.);
#7946=PLANE('',#7947);
#7947=AXIS2_PLACEMENT_3D('',#441,#7948,#7949);
#7948=DIRECTION('',(-0.793365903148037,0,0.6087450564251832));
#7949=DIRECTION('',(0,1,0));
#7950=FACE_BOUND('',#7951,.T.);
#7951=EDGE_LOOP('',(#7952,#7953,#7954));
#7952=ORIENTED_EDGE('',*,*,#7955,.T.);
#7953=ORIENTED_EDGE('',*,*,#7956,.T.);
#7954=ORIENTED_EDGE('',*,*,#7957,.T.);
#7955=EDGE_CURVE('',#442,#166,#7958,.F.);
#7956=EDGE_CURVE('',#166,#444,#7959,.T.);
#7957=EDGE_CURVE('',#444,#442,#7960,.T.);
#7958=LINE('',#441,#7961);
#7959=LINE('',#165,#7962);
#7960=LINE('',#443,#7963);
#7961=VECTOR('',#7964,1.0);
#7962=VECTOR('',#7965,1.0);
#7963=VECTOR('',#7966,1.0);
#7964=DIRECTION('',(0,1,0));
#7965=DIRECTION('',(-0.03336972883120503,-0.998496404251367,-0.043490135603635675));
#7966=DIRECTION('',(0.6087450564251833,0,0.793365903148037));
#7967=FACE_SURFACE('',(#7972),#7968,.T.);
#7968=PLANE('',#7969);
#7969=AXIS2_PLACEMENT_3D('',#443,#7970,#7971);
#7970=DIRECTION('',(-0.793365903148037,0,0.6087450564251832));
#7971=DIRECTION('',(0.03336972883120503,0.998496404251367,0.043490135603635675));
#7972=FACE_BOUND('',#7973,.T.);
#7973=EDGE_LOOP('',(#7974,#7975,#7976));
#7974=ORIENTED_EDGE('',*,*,#7977,.T.);
#7975=ORIENTED_EDGE('',*,*,#7978,.T.);
#7976=ORIENTED_EDGE('',*,*,#7979,.T.);
#7977=EDGE_CURVE('',#444,#166,#7980,.F.);
#7978=EDGE_CURVE('',#166,#164,#7981,.T.);
#7979=EDGE_CURVE('',#164,#444,#7982,.T.);
#7980=LINE('',#443,#7983);
#7981=LINE('',#165,#7984);
#7982=LINE('',#163,#7985);
#7983=VECTOR('',#7986,1.0);
#7984=VECTOR('',#7987,1.0);
#7985=VECTOR('',#7988,1.0);
#7986=DIRECTION('',(0.03336972883120503,0.998496404251367,0.043490135603635675));
#7987=DIRECTION('',(-0.6087450564251833,0,-0.793365903148037));
#7988=DIRECTION('',(0,-1,0));
#7989=FACE_SURFACE('',(#7994),#7990,.T.);
#7990=PLANE('',#7991);
#7991=AXIS2_PLACEMENT_3D('',#443,#7992,#7993);
#7992=DIRECTION('',(-0.608767484336612,0,0.7933486938380079));
#7993=DIRECTION('',(0,1,0));
#7994=FACE_BOUND('',#7995,.T.);
#7995=EDGE_LOOP('',(#7996,#7997,#7998));
#7996=ORIENTED_EDGE('',*,*,#7999,.T.);
#7997=ORIENTED_EDGE('',*,*,#8000,.T.);
#7998=ORIENTED_EDGE('',*,*,#8001,.T.);
#7999=EDGE_CURVE('',#444,#164,#8002,.F.);
#8000=EDGE_CURVE('',#164,#446,#8003,.T.);
#8001=EDGE_CURVE('',#446,#444,#8004,.T.);
#8002=LINE('',#443,#8005);
#8003=LINE('',#163,#8006);
#8004=LINE('',#445,#8007);
#8005=VECTOR('',#8008,1.0);
#8006=VECTOR('',#8009,1.0);
#8007=VECTOR('',#8010,1.0);
#8008=DIRECTION('',(0,1,0));
#8009=DIRECTION('',(-0.0434895046956894,-0.9984963826290955,-0.033371198029659814));
#8010=DIRECTION('',(0.7933486938380077,0,0.6087674843366119));
#8011=FACE_SURFACE('',(#8016),#8012,.T.);
#8012=PLANE('',#8013);
#8013=AXIS2_PLACEMENT_3D('',#445,#8014,#8015);
#8014=DIRECTION('',(-0.608767484336612,0,0.7933486938380079));
#8015=DIRECTION('',(0.0434895046956894,0.9984963826290955,0.033371198029659814));
#8016=FACE_BOUND('',#8017,.T.);
#8017=EDGE_LOOP('',(#8018,#8019,#8020));
#8018=ORIENTED_EDGE('',*,*,#8021,.T.);
#8019=ORIENTED_EDGE('',*,*,#8022,.T.);
#8020=ORIENTED_EDGE('',*,*,#8023,.T.);
#8021=EDGE_CURVE('',#446,#164,#8024,.F.);
#8022=EDGE_CURVE('',#164,#162,#8025,.T.);
#8023=EDGE_CURVE('',#162,#446,#8026,.T.);
#8024=LINE('',#445,#8027);
#8025=LINE('',#163,#8028);
#8026=LINE('',#161,#8029);
#8027=VECTOR('',#8030,1.0);
#8028=VECTOR('',#8031,1.0);
#8029=VECTOR('',#8032,1.0);
#8030=DIRECTION('',(0.0434895046956894,0.9984963826290955,0.033371198029659814));
#8031=DIRECTION('',(-0.7933486938380077,0,-0.6087674843366119));
#8032=DIRECTION('',(0,-1,0));
#8033=FACE_SURFACE('',(#8038),#8034,.T.);
#8034=PLANE('',#8035);
#8035=AXIS2_PLACEMENT_3D('',#445,#8036,#8037);
#8036=DIRECTION('',(-0.38267792686565055,0,0.9238818129446037));
#8037=DIRECTION('',(0,1,0));
#8038=FACE_BOUND('',#8039,.T.);
#8039=EDGE_LOOP('',(#8040,#8041,#8042));
#8040=ORIENTED_EDGE('',*,*,#8043,.T.);
#8041=ORIENTED_EDGE('',*,*,#8044,.T.);
#8042=ORIENTED_EDGE('',*,*,#8045,.T.);
#8043=EDGE_CURVE('',#446,#162,#8046,.F.);
#8044=EDGE_CURVE('',#162,#448,#8047,.T.);
#8045=EDGE_CURVE('',#448,#446,#8048,.T.);
#8046=LINE('',#445,#8049);
#8047=LINE('',#161,#8050);
#8048=LINE('',#447,#8051);
#8049=VECTOR('',#8052,1.0);
#8050=VECTOR('',#8053,1.0);
#8051=VECTOR('',#8054,1.0);
#8052=DIRECTION('',(0,1,0));
#8053=DIRECTION('',(-0.05064591771138329,-0.9984963294315686,-0.020977872410139747));
#8054=DIRECTION('',(0.9238818129446038,0,0.3826779268656506));
#8055=FACE_SURFACE('',(#8060),#8056,.T.);
#8056=PLANE('',#8057);
#8057=AXIS2_PLACEMENT_3D('',#447,#8058,#8059);
#8058=DIRECTION('',(-0.38267792686565055,0,0.9238818129446037));
#8059=DIRECTION('',(0.05064591771138329,0.9984963294315686,0.020977872410139747));
#8060=FACE_BOUND('',#8061,.T.);
#8061=EDGE_LOOP('',(#8062,#8063,#8064));
#8062=ORIENTED_EDGE('',*,*,#8065,.T.);
#8063=ORIENTED_EDGE('',*,*,#8066,.T.);
#8064=ORIENTED_EDGE('',*,*,#8067,.T.);
#8065=EDGE_CURVE('',#448,#162,#8068,.F.);
#8066=EDGE_CURVE('',#162,#160,#8069,.T.);
#8067=EDGE_CURVE('',#160,#448,#8070,.T.);
#8068=LINE('',#447,#8071);
#8069=LINE('',#161,#8072);
#8070=LINE('',#159,#8073);
#8071=VECTOR('',#8074,1.0);
#8072=VECTOR('',#8075,1.0);
#8073=VECTOR('',#8076,1.0);
#8074=DIRECTION('',(0.05064591771138329,0.9984963294315686,0.020977872410139747));
#8075=DIRECTION('',(-0.9238818129446038,0,-0.3826779268656506));
#8076=DIRECTION('',(0,-1,0));
#8077=FACE_SURFACE('',(#8082),#8078,.T.);
#8078=PLANE('',#8079);
#8079=AXIS2_PLACEMENT_3D('',#447,#8080,#8081);
#8080=DIRECTION('',(-0.13052704766693715,0,0.991444748751716));
#8081=DIRECTION('',(0,1,0));
#8082=FACE_BOUND('',#8083,.T.);
#8083=EDGE_LOOP('',(#8084,#8085,#8086));
#8084=ORIENTED_EDGE('',*,*,#8087,.T.);
#8085=ORIENTED_EDGE('',*,*,#8088,.T.);
#8086=ORIENTED_EDGE('',*,*,#8089,.T.);
#8087=EDGE_CURVE('',#448,#160,#8090,.F.);
#8088=EDGE_CURVE('',#160,#450,#8091,.T.);
#8089=EDGE_CURVE('',#450,#448,#8092,.T.);
#8090=LINE('',#447,#8093);
#8091=LINE('',#159,#8094);
#8092=LINE('',#449,#8095);
#8093=VECTOR('',#8096,1.0);
#8094=VECTOR('',#8097,1.0);
#8095=VECTOR('',#8098,1.0);
#8096=DIRECTION('',(0,1,0));
#8097=DIRECTION('',(-0.05434844225756163,-0.9984963948701376,-0.007155155869359531));
#8098=DIRECTION('',(0.9914447487517158,0,0.1305270476669371));
#8099=FACE_SURFACE('',(#8104),#8100,.T.);
#8100=PLANE('',#8101);
#8101=AXIS2_PLACEMENT_3D('',#449,#8102,#8103);
#8102=DIRECTION('',(-0.13052704766693715,0,0.991444748751716));
#8103=DIRECTION('',(0.05434844225756163,0.9984963948701376,0.007155155869359531));
#8104=FACE_BOUND('',#8105,.T.);
#8105=EDGE_LOOP('',(#8106,#8107,#8108));
#8106=ORIENTED_EDGE('',*,*,#8109,.T.);
#8107=ORIENTED_EDGE('',*,*,#8110,.T.);
#8108=ORIENTED_EDGE('',*,*,#8111,.T.);
#8109=EDGE_CURVE('',#450,#160,#8112,.F.);
#8110=EDGE_CURVE('',#160,#158,#8113,.T.);
#8111=EDGE_CURVE('',#158,#450,#8114,.T.);
#8112=LINE('',#449,#8115);
#8113=LINE('',#159,#8116);
#8114=LINE('',#157,#8117);
#8115=VECTOR('',#8118,1.0);
#8116=VECTOR('',#8119,1.0);
#8117=VECTOR('',#8120,1.0);
#8118=DIRECTION('',(0.05434844225756163,0.9984963948701376,0.007155155869359531));
#8119=DIRECTION('',(-0.9914447487517158,0,-0.1305270476669371));
#8120=DIRECTION('',(0,-1,0));
#8121=FACE_SURFACE('',(#8126),#8122,.T.);
#8122=PLANE('',#8123);
#8123=AXIS2_PLACEMENT_3D('',#449,#8124,#8125);
#8124=DIRECTION('',(0.13052704766692302,-0,0.9914447487517177));
#8125=DIRECTION('',(0,1,0));
#8126=FACE_BOUND('',#8127,.T.);
#8127=EDGE_LOOP('',(#8128,#8129,#8130));
#8128=ORIENTED_EDGE('',*,*,#8131,.T.);
#8129=ORIENTED_EDGE('',*,*,#8132,.T.);
#8130=ORIENTED_EDGE('',*,*,#8133,.T.);
#8131=EDGE_CURVE('',#450,#158,#8134,.F.);
#8132=EDGE_CURVE('',#158,#452,#8135,.T.);
#8133=EDGE_CURVE('',#452,#450,#8136,.T.);
#8134=LINE('',#449,#8137);
#8135=LINE('',#157,#8138);
#8136=LINE('',#451,#8139);
#8137=VECTOR('',#8140,1.0);
#8138=VECTOR('',#8141,1.0);
#8139=VECTOR('',#8142,1.0);
#8140=DIRECTION('',(0,1,0));
#8141=DIRECTION('',(-0.054348442257567575,-0.9984963948701373,0.007155155869359529));
#8142=DIRECTION('',(0.9914447487517178,0,-0.13052704766692302));
#8143=FACE_SURFACE('',(#8148),#8144,.T.);
#8144=PLANE('',#8145);
#8145=AXIS2_PLACEMENT_3D('',#451,#8146,#8147);
#8146=DIRECTION('',(0.13052704766692302,-0,0.9914447487517177));
#8147=DIRECTION('',(0.054348442257567575,0.9984963948701373,-0.007155155869359529));
#8148=FACE_BOUND('',#8149,.T.);
#8149=EDGE_LOOP('',(#8150,#8151,#8152));
#8150=ORIENTED_EDGE('',*,*,#8153,.T.);
#8151=ORIENTED_EDGE('',*,*,#8154,.T.);
#8152=ORIENTED_EDGE('',*,*,#8155,.T.);
#8153=EDGE_CURVE('',#452,#158,#8156,.F.);
#8154=EDGE_CURVE('',#158,#156,#8157,.T.);
#8155=EDGE_CURVE('',#156,#452,#8158,.T.);
#8156=LINE('',#451,#8159);
#8157=LINE('',#157,#8160);
#8158=LINE('',#155,#8161);
#8159=VECTOR('',#8162,1.0);
#8160=VECTOR('',#8163,1.0);
#8161=VECTOR('',#8164,1.0);
#8162=DIRECTION('',(0.054348442257567575,0.9984963948701373,-0.007155155869359529));
#8163=DIRECTION('',(-0.9914447487517178,0,0.13052704766692302));
#8164=DIRECTION('',(0,-1,0));
#8165=FACE_SURFACE('',(#8170),#8166,.T.);
#8166=PLANE('',#8167);
#8167=AXIS2_PLACEMENT_3D('',#451,#8168,#8169);
#8168=DIRECTION('',(0.3826779268656891,-0,0.9238818129445878));
#8169=DIRECTION('',(0,1,0));
#8170=FACE_BOUND('',#8171,.T.);
#8171=EDGE_LOOP('',(#8172,#8173,#8174));
#8172=ORIENTED_EDGE('',*,*,#8175,.T.);
#8173=ORIENTED_EDGE('',*,*,#8176,.T.);
#8174=ORIENTED_EDGE('',*,*,#8177,.T.);
#8175=EDGE_CURVE('',#452,#156,#8178,.F.);
#8176=EDGE_CURVE('',#156,#454,#8179,.T.);
#8177=EDGE_CURVE('',#454,#452,#8180,.T.);
#8178=LINE('',#451,#8181);
#8179=LINE('',#155,#8182);
#8180=LINE('',#453,#8183);
#8181=VECTOR('',#8184,1.0);
#8182=VECTOR('',#8185,1.0);
#8183=VECTOR('',#8186,1.0);
#8184=DIRECTION('',(0,1,0));
#8185=DIRECTION('',(-0.050645917711377345,-0.998496329431569,0.020977872410139754));
#8186=DIRECTION('',(0.9238818129445878,0,-0.3826779268656891));
#8187=FACE_SURFACE('',(#8192),#8188,.T.);
#8188=PLANE('',#8189);
#8189=AXIS2_PLACEMENT_3D('',#453,#8190,#8191);
#8190=DIRECTION('',(0.3826779268656891,-0,0.9238818129445878));
#8191=DIRECTION('',(0.050645917711377345,0.998496329431569,-0.020977872410139754));
#8192=FACE_BOUND('',#8193,.T.);
#8193=EDGE_LOOP('',(#8194,#8195,#8196));
#8194=ORIENTED_EDGE('',*,*,#8197,.T.);
#8195=ORIENTED_EDGE('',*,*,#8198,.T.);
#8196=ORIENTED_EDGE('',*,*,#8199,.T.);
#8197=EDGE_CURVE('',#454,#156,#8200,.F.);
#8198=EDGE_CURVE('',#156,#154,#8201,.T.);
#8199=EDGE_CURVE('',#154,#454,#8202,.T.);
#8200=LINE('',#453,#8203);
#8201=LINE('',#155,#8204);
#8202=LINE('',#153,#8205);
#8203=VECTOR('',#8206,1.0);
#8204=VECTOR('',#8207,1.0);
#8205=VECTOR('',#8208,1.0);
#8206=DIRECTION('',(0.050645917711377345,0.998496329431569,-0.020977872410139754));
#8207=DIRECTION('',(-0.9238818129445878,0,0.3826779268656891));
#8208=DIRECTION('',(0,-1,0));
#8209=FACE_SURFACE('',(#8214),#8210,.T.);
#8210=PLANE('',#8211);
#8211=AXIS2_PLACEMENT_3D('',#453,#8212,#8213);
#8212=DIRECTION('',(0.6087674843365594,-0,0.7933486938380482));
#8213=DIRECTION('',(0,1,0));
#8214=FACE_BOUND('',#8215,.T.);
#8215=EDGE_LOOP('',(#8216,#8217,#8218));
#8216=ORIENTED_EDGE('',*,*,#8219,.T.);
#8217=ORIENTED_EDGE('',*,*,#8220,.T.);
#8218=ORIENTED_EDGE('',*,*,#8221,.T.);
#8219=EDGE_CURVE('',#454,#154,#8222,.F.);
#8220=EDGE_CURVE('',#154,#456,#8223,.T.);
#8221=EDGE_CURVE('',#456,#454,#8224,.T.);
#8222=LINE('',#453,#8225);
#8223=LINE('',#153,#8226);
#8224=LINE('',#455,#8227);
#8225=VECTOR('',#8228,1.0);
#8226=VECTOR('',#8229,1.0);
#8227=VECTOR('',#8230,1.0);
#8228=DIRECTION('',(0,1,0));
#8229=DIRECTION('',(-0.043489504695695354,-0.9984963826290951,0.0333711980296598));
#8230=DIRECTION('',(0.7933486938380481,0,-0.6087674843365594));
#8231=FACE_SURFACE('',(#8236),#8232,.T.);
#8232=PLANE('',#8233);
#8233=AXIS2_PLACEMENT_3D('',#455,#8234,#8235);
#8234=DIRECTION('',(0.6087674843365594,-0,0.7933486938380482));
#8235=DIRECTION('',(0.043489504695695354,0.9984963826290951,-0.0333711980296598));
#8236=FACE_BOUND('',#8237,.T.);
#8237=EDGE_LOOP('',(#8238,#8239,#8240));
#8238=ORIENTED_EDGE('',*,*,#8241,.T.);
#8239=ORIENTED_EDGE('',*,*,#8242,.T.);
#8240=ORIENTED_EDGE('',*,*,#8243,.T.);
#8241=EDGE_CURVE('',#456,#154,#8244,.F.);
#8242=EDGE_CURVE('',#154,#152,#8245,.T.);
#8243=EDGE_CURVE('',#152,#456,#8246,.T.);
#8244=LINE('',#455,#8247);
#8245=LINE('',#153,#8248);
#8246=LINE('',#151,#8249);
#8247=VECTOR('',#8250,1.0);
#8248=VECTOR('',#8251,1.0);
#8249=VECTOR('',#8252,1.0);
#8250=DIRECTION('',(0.043489504695695354,0.9984963826290951,-0.0333711980296598));
#8251=DIRECTION('',(-0.7933486938380481,0,0.6087674843365594));
#8252=DIRECTION('',(0,-1,0));
#8253=FACE_SURFACE('',(#8258),#8254,.T.);
#8254=PLANE('',#8255);
#8255=AXIS2_PLACEMENT_3D('',#455,#8256,#8257);
#8256=DIRECTION('',(0.793336302223714,-0,0.6087836328072592));
#8257=DIRECTION('',(0,1,0));
#8258=FACE_BOUND('',#8259,.T.);
#8259=EDGE_LOOP('',(#8260,#8261,#8262));
#8260=ORIENTED_EDGE('',*,*,#8263,.T.);
#8261=ORIENTED_EDGE('',*,*,#8264,.T.);
#8262=ORIENTED_EDGE('',*,*,#8265,.T.);
#8263=EDGE_CURVE('',#456,#152,#8266,.F.);
#8264=EDGE_CURVE('',#152,#458,#8267,.T.);
#8265=EDGE_CURVE('',#458,#456,#8268,.T.);
#8266=LINE('',#455,#8269);
#8267=LINE('',#151,#8270);
#8268=LINE('',#457,#8271);
#8269=VECTOR('',#8272,1.0);
#8270=VECTOR('',#8273,1.0);
#8271=VECTOR('',#8274,1.0);
#8272=DIRECTION('',(0,1,0));
#8273=DIRECTION('',(-0.03337308490901128,-0.9984962922980567,0.043490130727439194));
#8274=DIRECTION('',(0.6087836328072592,0,-0.793336302223714));
#8275=FACE_SURFACE('',(#8280),#8276,.T.);
#8276=PLANE('',#8277);
#8277=AXIS2_PLACEMENT_3D('',#457,#8278,#8279);
#8278=DIRECTION('',(0.793336302223714,-0,0.6087836328072592));
#8279=DIRECTION('',(0.03337308490901128,0.9984962922980567,-0.043490130727439194));
#8280=FACE_BOUND('',#8281,.T.);
#8281=EDGE_LOOP('',(#8282,#8283,#8284));
#8282=ORIENTED_EDGE('',*,*,#8285,.T.);
#8283=ORIENTED_EDGE('',*,*,#8286,.T.);
#8284=ORIENTED_EDGE('',*,*,#8287,.T.);
#8285=EDGE_CURVE('',#458,#152,#8288,.F.);
#8286=EDGE_CURVE('',#152,#150,#8289,.T.);
#8287=EDGE_CURVE('',#150,#458,#8290,.T.);
#8288=LINE('',#457,#8291);
#8289=LINE('',#151,#8292);
#8290=LINE('',#149,#8293);
#8291=VECTOR('',#8294,1.0);
#8292=VECTOR('',#8295,1.0);
#8293=VECTOR('',#8296,1.0);
#8294=DIRECTION('',(0.03337308490901128,0.9984962922980567,-0.043490130727439194));
#8295=DIRECTION('',(-0.6087836328072592,0,0.793336302223714));
#8296=DIRECTION('',(0,-1,0));
#8297=FACE_SURFACE('',(#8302),#8298,.T.);
#8298=PLANE('',#8299);
#8299=AXIS2_PLACEMENT_3D('',#457,#8300,#8301);
#8300=DIRECTION('',(0.9238963815025724,-0,0.38264275276875864));
#8301=DIRECTION('',(0,1,0));
#8302=FACE_BOUND('',#8303,.T.);
#8303=EDGE_LOOP('',(#8304,#8305,#8306));
#8304=ORIENTED_EDGE('',*,*,#8307,.T.);
#8305=ORIENTED_EDGE('',*,*,#8308,.T.);
#8306=ORIENTED_EDGE('',*,*,#8309,.T.);
#8307=EDGE_CURVE('',#458,#150,#8310,.F.);
#8308=EDGE_CURVE('',#150,#460,#8311,.T.);
#8309=EDGE_CURVE('',#460,#458,#8312,.T.);
#8310=LINE('',#457,#8313);
#8311=LINE('',#149,#8314);
#8312=LINE('',#459,#8315);
#8313=VECTOR('',#8316,1.0);
#8314=VECTOR('',#8317,1.0);
#8315=VECTOR('',#8318,1.0);
#8316=DIRECTION('',(0,1,0));
#8317=DIRECTION('',(-0.020975354323523324,-0.9984964140673604,0.05064529203810328));
#8318=DIRECTION('',(0.38264275276875864,0,-0.9238963815025723));
#8319=FACE_SURFACE('',(#8324),#8320,.T.);
#8320=PLANE('',#8321);
#8321=AXIS2_PLACEMENT_3D('',#459,#8322,#8323);
#8322=DIRECTION('',(0.9238963815025724,-0,0.38264275276875864));
#8323=DIRECTION('',(0.020975354323523324,0.9984964140673604,-0.05064529203810328));
#8324=FACE_BOUND('',#8325,.T.);
#8325=EDGE_LOOP('',(#8326,#8327,#8328));
#8326=ORIENTED_EDGE('',*,*,#8329,.T.);
#8327=ORIENTED_EDGE('',*,*,#8330,.T.);
#8328=ORIENTED_EDGE('',*,*,#8331,.T.);
#8329=EDGE_CURVE('',#460,#150,#8332,.F.);
#8330=EDGE_CURVE('',#150,#148,#8333,.T.);
#8331=EDGE_CURVE('',#148,#460,#8334,.T.);
#8332=LINE('',#459,#8335);
#8333=LINE('',#149,#8336);
#8334=LINE('',#147,#8337);
#8335=VECTOR('',#8338,1.0);
#8336=VECTOR('',#8339,1.0);
#8337=VECTOR('',#8340,1.0);
#8338=DIRECTION('',(0.020975354323523324,0.9984964140673604,-0.05064529203810328));
#8339=DIRECTION('',(-0.38264275276875864,0,0.9238963815025723));
#8340=DIRECTION('',(0,-1,0));
#8341=FACE_SURFACE('',(#8346),#8342,.T.);
#8342=PLANE('',#8343);
#8343=AXIS2_PLACEMENT_3D('',#459,#8344,#8345);
#8344=DIRECTION('',(0.9914419699728217,-0,0.1305481527115968));
#8345=DIRECTION('',(0,1,0));
#8346=FACE_BOUND('',#8347,.T.);
#8347=EDGE_LOOP('',(#8348,#8349,#8350));
#8348=ORIENTED_EDGE('',*,*,#8351,.T.);
#8349=ORIENTED_EDGE('',*,*,#8352,.T.);
#8350=ORIENTED_EDGE('',*,*,#8353,.T.);
#8351=EDGE_CURVE('',#460,#148,#8354,.F.);
#8352=EDGE_CURVE('',#148,#462,#8355,.T.);
#8353=EDGE_CURVE('',#462,#460,#8356,.T.);
#8354=LINE('',#459,#8357);
#8355=LINE('',#147,#8358);
#8356=LINE('',#461,#8359);
#8357=VECTOR('',#8360,1.0);
#8358=VECTOR('',#8361,1.0);
#8359=VECTOR('',#8362,1.0);
#8360=DIRECTION('',(0,1,0));
#8361=DIRECTION('',(-0.007156415492175405,-0.9984963516814918,0.0543490698729445));
#8362=DIRECTION('',(0.13054815271159678,0,-0.9914419699728216));
#8363=FACE_SURFACE('',(#8368),#8364,.T.);
#8364=PLANE('',#8365);
#8365=AXIS2_PLACEMENT_3D('',#461,#8366,#8367);
#8366=DIRECTION('',(0.9914419699728217,-0,0.1305481527115968));
#8367=DIRECTION('',(0.007156415492175405,0.9984963516814918,-0.0543490698729445));
#8368=FACE_BOUND('',#8369,.T.);
#8369=EDGE_LOOP('',(#8370,#8371,#8372));
#8370=ORIENTED_EDGE('',*,*,#8373,.T.);
#8371=ORIENTED_EDGE('',*,*,#8374,.T.);
#8372=ORIENTED_EDGE('',*,*,#8375,.T.);
#8373=EDGE_CURVE('',#462,#148,#8376,.F.);
#8374=EDGE_CURVE('',#148,#146,#8377,.T.);
#8375=EDGE_CURVE('',#146,#462,#8378,.T.);
#8376=LINE('',#461,#8379);
#8377=LINE('',#147,#8380);
#8378=LINE('',#145,#8381);
#8379=VECTOR('',#8382,1.0);
#8380=VECTOR('',#8383,1.0);
#8381=VECTOR('',#8384,1.0);
#8382=DIRECTION('',(0.007156415492175405,0.9984963516814918,-0.0543490698729445));
#8383=DIRECTION('',(-0.13054815271159678,0,0.9914419699728216));
#8384=DIRECTION('',(0,-1,0));
#8385=FACE_SURFACE('',(#8390),#8386,.T.);
#8386=PLANE('',#8387);
#8387=AXIS2_PLACEMENT_3D('',#461,#8388,#8389);
#8388=DIRECTION('',(0.9914419699728217,0,-0.13054815271159592));
#8389=DIRECTION('',(0,1,0));
#8390=FACE_BOUND('',#8391,.T.);
#8391=EDGE_LOOP('',(#8392,#8393,#8394));
#8392=ORIENTED_EDGE('',*,*,#8395,.T.);
#8393=ORIENTED_EDGE('',*,*,#8396,.T.);
#8394=ORIENTED_EDGE('',*,*,#8397,.T.);
#8395=EDGE_CURVE('',#462,#146,#8398,.F.);
#8396=EDGE_CURVE('',#146,#464,#8399,.T.);
#8397=EDGE_CURVE('',#464,#462,#8400,.T.);
#8398=LINE('',#461,#8401);
#8399=LINE('',#145,#8402);
#8400=LINE('',#463,#8403);
#8401=VECTOR('',#8404,1.0);
#8402=VECTOR('',#8405,1.0);
#8403=VECTOR('',#8406,1.0);
#8404=DIRECTION('',(0,1,0));
#8405=DIRECTION('',(0.007156415492175405,-0.9984963516814918,0.054349069872944876));
#8406=DIRECTION('',(-0.13054815271159592,0,-0.9914419699728219));
#8407=FACE_SURFACE('',(#8412),#8408,.T.);
#8408=PLANE('',#8409);
#8409=AXIS2_PLACEMENT_3D('',#463,#8410,#8411);
#8410=DIRECTION('',(0.9914419699728217,0,-0.13054815271159592));
#8411=DIRECTION('',(-0.007156415492175405,0.9984963516814918,-0.054349069872944876));
#8412=FACE_BOUND('',#8413,.T.);
#8413=EDGE_LOOP('',(#8414,#8415,#8416));
#8414=ORIENTED_EDGE('',*,*,#8417,.T.);
#8415=ORIENTED_EDGE('',*,*,#8418,.T.);
#8416=ORIENTED_EDGE('',*,*,#8419,.T.);
#8417=EDGE_CURVE('',#464,#146,#8420,.F.);
#8418=EDGE_CURVE('',#146,#144,#8421,.T.);
#8419=EDGE_CURVE('',#144,#464,#8422,.T.);
#8420=LINE('',#463,#8423);
#8421=LINE('',#145,#8424);
#8422=LINE('',#143,#8425);
#8423=VECTOR('',#8426,1.0);
#8424=VECTOR('',#8427,1.0);
#8425=VECTOR('',#8428,1.0);
#8426=DIRECTION('',(-0.007156415492175405,0.9984963516814918,-0.054349069872944876));
#8427=DIRECTION('',(0.13054815271159592,0,0.9914419699728219));
#8428=DIRECTION('',(0,-1,0));
#8429=FACE_SURFACE('',(#8434),#8430,.T.);
#8430=PLANE('',#8431);
#8431=AXIS2_PLACEMENT_3D('',#463,#8432,#8433);
#8432=DIRECTION('',(0.9238963815025714,0,-0.3826427527687611));
#8433=DIRECTION('',(0,1,0));
#8434=FACE_BOUND('',#8435,.T.);
#8435=EDGE_LOOP('',(#8436,#8437,#8438));
#8436=ORIENTED_EDGE('',*,*,#8439,.T.);
#8437=ORIENTED_EDGE('',*,*,#8440,.T.);
#8438=ORIENTED_EDGE('',*,*,#8441,.T.);
#8439=EDGE_CURVE('',#464,#144,#8442,.F.);
#8440=EDGE_CURVE('',#144,#466,#8443,.T.);
#8441=EDGE_CURVE('',#466,#464,#8444,.T.);
#8442=LINE('',#463,#8445);
#8443=LINE('',#143,#8446);
#8444=LINE('',#465,#8447);
#8445=VECTOR('',#8448,1.0);
#8446=VECTOR('',#8449,1.0);
#8447=VECTOR('',#8450,1.0);
#8448=DIRECTION('',(0,1,0));
#8449=DIRECTION('',(0.020975354323523328,-0.9984964140673607,0.05064529203810292));
#8450=DIRECTION('',(-0.3826427527687611,0,-0.9238963815025714));
#8451=FACE_SURFACE('',(#8456),#8452,.T.);
#8452=PLANE('',#8453);
#8453=AXIS2_PLACEMENT_3D('',#465,#8454,#8455);
#8454=DIRECTION('',(0.9238963815025714,0,-0.3826427527687611));
#8455=DIRECTION('',(-0.020975354323523328,0.9984964140673607,-0.05064529203810292));
#8456=FACE_BOUND('',#8457,.T.);
#8457=EDGE_LOOP('',(#8458,#8459,#8460));
#8458=ORIENTED_EDGE('',*,*,#8461,.T.);
#8459=ORIENTED_EDGE('',*,*,#8462,.T.);
#8460=ORIENTED_EDGE('',*,*,#8463,.T.);
#8461=EDGE_CURVE('',#466,#144,#8464,.F.);
#8462=EDGE_CURVE('',#144,#142,#8465,.T.);
#8463=EDGE_CURVE('',#142,#466,#8466,.T.);
#8464=LINE('',#465,#8467);
#8465=LINE('',#143,#8468);
#8466=LINE('',#141,#8469);
#8467=VECTOR('',#8470,1.0);
#8468=VECTOR('',#8471,1.0);
#8469=VECTOR('',#8472,1.0);
#8470=DIRECTION('',(-0.020975354323523328,0.9984964140673607,-0.05064529203810292));
#8471=DIRECTION('',(0.3826427527687611,0,0.9238963815025714));
#8472=DIRECTION('',(0,-1,0));
#8473=FACE_SURFACE('',(#8478),#8474,.T.);
#8474=PLANE('',#8475);
#8475=AXIS2_PLACEMENT_3D('',#465,#8476,#8477);
#8476=DIRECTION('',(0.7933348825437131,0,-0.6087854828585789));
#8477=DIRECTION('',(0,1,0));
#8478=FACE_BOUND('',#8479,.T.);
#8479=EDGE_LOOP('',(#8480,#8481,#8482));
#8480=ORIENTED_EDGE('',*,*,#8483,.T.);
#8481=ORIENTED_EDGE('',*,*,#8484,.T.);
#8482=ORIENTED_EDGE('',*,*,#8485,.T.);
#8483=EDGE_CURVE('',#466,#142,#8486,.F.);
#8484=EDGE_CURVE('',#142,#468,#8487,.T.);
#8485=EDGE_CURVE('',#468,#466,#8488,.T.);
#8486=LINE('',#465,#8489);
#8487=LINE('',#141,#8490);
#8488=LINE('',#467,#8491);
#8489=VECTOR('',#8492,1.0);
#8490=VECTOR('',#8493,1.0);
#8491=VECTOR('',#8494,1.0);
#8492=DIRECTION('',(0,1,0));
#8493=DIRECTION('',(0.033373085213788116,-0.9984963014167385,0.043489921135902505));
#8494=DIRECTION('',(-0.6087854828585789,0,-0.7933348825437131));
#8495=FACE_SURFACE('',(#8500),#8496,.T.);
#8496=PLANE('',#8497);
#8497=AXIS2_PLACEMENT_3D('',#467,#8498,#8499);
#8498=DIRECTION('',(0.7933348825437131,0,-0.6087854828585789));
#8499=DIRECTION('',(-0.033373085213788116,0.9984963014167385,-0.043489921135902505));
#8500=FACE_BOUND('',#8501,.T.);
#8501=EDGE_LOOP('',(#8502,#8503,#8504));
#8502=ORIENTED_EDGE('',*,*,#8505,.T.);
#8503=ORIENTED_EDGE('',*,*,#8506,.T.);
#8504=ORIENTED_EDGE('',*,*,#8507,.T.);
#8505=EDGE_CURVE('',#468,#142,#8508,.F.);
#8506=EDGE_CURVE('',#142,#140,#8509,.T.);
#8507=EDGE_CURVE('',#140,#468,#8510,.T.);
#8508=LINE('',#467,#8511);
#8509=LINE('',#141,#8512);
#8510=LINE('',#139,#8513);
#8511=VECTOR('',#8514,1.0);
#8512=VECTOR('',#8515,1.0);
#8513=VECTOR('',#8516,1.0);
#8514=DIRECTION('',(-0.033373085213788116,0.9984963014167385,-0.043489921135902505));
#8515=DIRECTION('',(0.6087854828585789,0,0.7933348825437131));
#8516=DIRECTION('',(0,-1,0));
#8517=FACE_SURFACE('',(#8522),#8518,.T.);
#8518=PLANE('',#8519);
#8519=AXIS2_PLACEMENT_3D('',#467,#8520,#8521);
#8520=DIRECTION('',(0.6087698953649676,0,-0.7933468437558231));
#8521=DIRECTION('',(0,1,0));
#8522=FACE_BOUND('',#8523,.T.);
#8523=EDGE_LOOP('',(#8524,#8525,#8526));
#8524=ORIENTED_EDGE('',*,*,#8527,.T.);
#8525=ORIENTED_EDGE('',*,*,#8528,.T.);
#8526=ORIENTED_EDGE('',*,*,#8529,.T.);
#8527=EDGE_CURVE('',#468,#140,#8530,.F.);
#8528=EDGE_CURVE('',#140,#470,#8531,.T.);
#8529=EDGE_CURVE('',#470,#468,#8532,.T.);
#8530=LINE('',#467,#8533);
#8531=LINE('',#139,#8534);
#8532=LINE('',#469,#8535);
#8533=VECTOR('',#8536,1.0);
#8534=VECTOR('',#8537,1.0);
#8535=VECTOR('',#8538,1.0);
#8536=DIRECTION('',(0,1,0));
#8537=DIRECTION('',(0.043489504390938426,-0.9984963756320347,0.033371407784530634));
#8538=DIRECTION('',(-0.7933468437558232,0,-0.6087698953649676));
#8539=FACE_SURFACE('',(#8544),#8540,.T.);
#8540=PLANE('',#8541);
#8541=AXIS2_PLACEMENT_3D('',#469,#8542,#8543);
#8542=DIRECTION('',(0.6087698953649676,0,-0.7933468437558231));
#8543=DIRECTION('',(-0.043489504390938426,0.9984963756320347,-0.033371407784530634));
#8544=FACE_BOUND('',#8545,.T.);
#8545=EDGE_LOOP('',(#8546,#8547,#8548));
#8546=ORIENTED_EDGE('',*,*,#8549,.T.);
#8547=ORIENTED_EDGE('',*,*,#8550,.T.);
#8548=ORIENTED_EDGE('',*,*,#8551,.T.);
#8549=EDGE_CURVE('',#470,#140,#8552,.F.);
#8550=EDGE_CURVE('',#140,#138,#8553,.T.);
#8551=EDGE_CURVE('',#138,#470,#8554,.T.);
#8552=LINE('',#469,#8555);
#8553=LINE('',#139,#8556);
#8554=LINE('',#137,#8557);
#8555=VECTOR('',#8558,1.0);
#8556=VECTOR('',#8559,1.0);
#8557=VECTOR('',#8560,1.0);
#8558=DIRECTION('',(-0.043489504390938426,0.9984963756320347,-0.033371407784530634));
#8559=DIRECTION('',(0.7933468437558232,0,0.6087698953649676));
#8560=DIRECTION('',(0,-1,0));
#8561=FACE_SURFACE('',(#8566),#8562,.T.);
#8562=PLANE('',#8563);
#8563=AXIS2_PLACEMENT_3D('',#469,#8564,#8565);
#8564=DIRECTION('',(0.38267792686568614,0,-0.9238818129445889));
#8565=DIRECTION('',(0,1,0));
#8566=FACE_BOUND('',#8567,.T.);
#8567=EDGE_LOOP('',(#8568,#8569,#8570));
#8568=ORIENTED_EDGE('',*,*,#8571,.T.);
#8569=ORIENTED_EDGE('',*,*,#8572,.T.);
#8570=ORIENTED_EDGE('',*,*,#8573,.T.);
#8571=EDGE_CURVE('',#470,#138,#8574,.F.);
#8572=EDGE_CURVE('',#138,#472,#8575,.T.);
#8573=EDGE_CURVE('',#472,#470,#8576,.T.);
#8574=LINE('',#469,#8577);
#8575=LINE('',#137,#8578);
#8576=LINE('',#471,#8579);
#8577=VECTOR('',#8580,1.0);
#8578=VECTOR('',#8581,1.0);
#8579=VECTOR('',#8582,1.0);
#8580=DIRECTION('',(0,1,0));
#8581=DIRECTION('',(0.050645917711377345,-0.998496329431569,0.020977872410139566));
#8582=DIRECTION('',(-0.923881812944589,0,-0.3826779268656862));
#8583=FACE_SURFACE('',(#8588),#8584,.T.);
#8584=PLANE('',#8585);
#8585=AXIS2_PLACEMENT_3D('',#471,#8586,#8587);
#8586=DIRECTION('',(0.38267792686568614,0,-0.9238818129445889));
#8587=DIRECTION('',(-0.050645917711377345,0.998496329431569,-0.020977872410139566));
#8588=FACE_BOUND('',#8589,.T.);
#8589=EDGE_LOOP('',(#8590,#8591,#8592));
#8590=ORIENTED_EDGE('',*,*,#8593,.T.);
#8591=ORIENTED_EDGE('',*,*,#8594,.T.);
#8592=ORIENTED_EDGE('',*,*,#8595,.T.);
#8593=EDGE_CURVE('',#472,#138,#8596,.F.);
#8594=EDGE_CURVE('',#138,#136,#8597,.T.);
#8595=EDGE_CURVE('',#136,#472,#8598,.T.);
#8596=LINE('',#471,#8599);
#8597=LINE('',#137,#8600);
#8598=LINE('',#135,#8601);
#8599=VECTOR('',#8602,1.0);
#8600=VECTOR('',#8603,1.0);
#8601=VECTOR('',#8604,1.0);
#8602=DIRECTION('',(-0.050645917711377345,0.998496329431569,-0.020977872410139566));
#8603=DIRECTION('',(0.923881812944589,0,0.3826779268656862));
#8604=DIRECTION('',(0,-1,0));
#8605=FACE_SURFACE('',(#8610),#8606,.T.);
#8606=PLANE('',#8607);
#8607=AXIS2_PLACEMENT_3D('',#471,#8608,#8609);
#8608=DIRECTION('',(0.13052704766691967,0,-0.9914447487517182));
#8609=DIRECTION('',(0,1,0));
#8610=FACE_BOUND('',#8611,.T.);
#8611=EDGE_LOOP('',(#8612,#8613,#8614));
#8612=ORIENTED_EDGE('',*,*,#8615,.T.);
#8613=ORIENTED_EDGE('',*,*,#8616,.T.);
#8614=ORIENTED_EDGE('',*,*,#8617,.T.);
#8615=EDGE_CURVE('',#472,#136,#8618,.F.);
#8616=EDGE_CURVE('',#136,#474,#8619,.T.);
#8617=EDGE_CURVE('',#474,#472,#8620,.T.);
#8618=LINE('',#471,#8621);
#8619=LINE('',#135,#8622);
#8620=LINE('',#473,#8623);
#8621=VECTOR('',#8624,1.0);
#8622=VECTOR('',#8625,1.0);
#8623=VECTOR('',#8626,1.0);
#8624=DIRECTION('',(0,1,0));
#8625=DIRECTION('',(0.054348442257567575,-0.9984963948701373,0.007155155869359342));
#8626=DIRECTION('',(-0.9914447487517183,0,-0.1305270476669197));
#8627=FACE_SURFACE('',(#8632),#8628,.T.);
#8628=PLANE('',#8629);
#8629=AXIS2_PLACEMENT_3D('',#473,#8630,#8631);
#8630=DIRECTION('',(0.13052704766691967,0,-0.9914447487517182));
#8631=DIRECTION('',(-0.054348442257567575,0.9984963948701373,-0.007155155869359342));
#8632=FACE_BOUND('',#8633,.T.);
#8633=EDGE_LOOP('',(#8634,#8635,#8636));
#8634=ORIENTED_EDGE('',*,*,#8637,.T.);
#8635=ORIENTED_EDGE('',*,*,#8638,.T.);
#8636=ORIENTED_EDGE('',*,*,#8639,.T.);
#8637=EDGE_CURVE('',#474,#136,#8640,.F.);
#8638=EDGE_CURVE('',#136,#134,#8641,.T.);
#8639=EDGE_CURVE('',#134,#474,#8642,.T.);
#8640=LINE('',#473,#8643);
#8641=LINE('',#135,#8644);
#8642=LINE('',#133,#8645);
#8643=VECTOR('',#8646,1.0);
#8644=VECTOR('',#8647,1.0);
#8645=VECTOR('',#8648,1.0);
#8646=DIRECTION('',(-0.054348442257567575,0.9984963948701373,-0.007155155869359342));
#8647=DIRECTION('',(0.9914447487517183,0,0.1305270476669197));
#8648=DIRECTION('',(0,-1,0));
#8649=FACE_SURFACE('',(#8654),#8650,.T.);
#8650=PLANE('',#8651);
#8651=AXIS2_PLACEMENT_3D('',#473,#8652,#8653);
#8652=DIRECTION('',(-0.13052704766693377,0,-0.9914447487517163));
#8653=DIRECTION('',(0,1,0));
#8654=FACE_BOUND('',#8655,.T.);
#8655=EDGE_LOOP('',(#8656,#8657,#8658));
#8656=ORIENTED_EDGE('',*,*,#8659,.T.);
#8657=ORIENTED_EDGE('',*,*,#8660,.T.);
#8658=ORIENTED_EDGE('',*,*,#8661,.T.);
#8659=EDGE_CURVE('',#474,#134,#8662,.F.);
#8660=EDGE_CURVE('',#134,#476,#8663,.T.);
#8661=EDGE_CURVE('',#476,#474,#8664,.T.);
#8662=LINE('',#473,#8665);
#8663=LINE('',#133,#8666);
#8664=LINE('',#475,#8667);
#8665=VECTOR('',#8668,1.0);
#8666=VECTOR('',#8669,1.0);
#8667=VECTOR('',#8670,1.0);
#8668=DIRECTION('',(0,1,0));
#8669=DIRECTION('',(0.05434844225756163,-0.9984963948701376,-0.007155155869359345));
#8670=DIRECTION('',(-0.9914447487517163,0,0.13052704766693377));
#8671=FACE_SURFACE('',(#8676),#8672,.T.);
#8672=PLANE('',#8673);
#8673=AXIS2_PLACEMENT_3D('',#475,#8674,#8675);
#8674=DIRECTION('',(-0.13052704766693377,0,-0.9914447487517163));
#8675=DIRECTION('',(-0.05434844225756163,0.9984963948701376,0.007155155869359345));
#8676=FACE_BOUND('',#8677,.T.);
#8677=EDGE_LOOP('',(#8678,#8679,#8680));
#8678=ORIENTED_EDGE('',*,*,#8681,.T.);
#8679=ORIENTED_EDGE('',*,*,#8682,.T.);
#8680=ORIENTED_EDGE('',*,*,#8683,.T.);
#8681=EDGE_CURVE('',#476,#134,#8684,.F.);
#8682=EDGE_CURVE('',#134,#132,#8685,.T.);
#8683=EDGE_CURVE('',#132,#476,#8686,.T.);
#8684=LINE('',#475,#8687);
#8685=LINE('',#133,#8688);
#8686=LINE('',#131,#8689);
#8687=VECTOR('',#8690,1.0);
#8688=VECTOR('',#8691,1.0);
#8689=VECTOR('',#8692,1.0);
#8690=DIRECTION('',(-0.05434844225756163,0.9984963948701376,0.007155155869359345));
#8691=DIRECTION('',(0.9914447487517163,0,-0.13052704766693377));
#8692=DIRECTION('',(0,-1,0));
#8693=FACE_SURFACE('',(#8698),#8694,.T.);
#8694=PLANE('',#8695);
#8695=AXIS2_PLACEMENT_3D('',#475,#8696,#8697);
#8696=DIRECTION('',(-0.38267792686564767,0,-0.923881812944605));
#8697=DIRECTION('',(0,1,0));
#8698=FACE_BOUND('',#8699,.T.);
#8699=EDGE_LOOP('',(#8700,#8701,#8702));
#8700=ORIENTED_EDGE('',*,*,#8703,.T.);
#8701=ORIENTED_EDGE('',*,*,#8704,.T.);
#8702=ORIENTED_EDGE('',*,*,#8705,.T.);
#8703=EDGE_CURVE('',#476,#132,#8706,.F.);
#8704=EDGE_CURVE('',#132,#478,#8707,.T.);
#8705=EDGE_CURVE('',#478,#476,#8708,.T.);
#8706=LINE('',#475,#8709);
#8707=LINE('',#131,#8710);
#8708=LINE('',#477,#8711);
#8709=VECTOR('',#8712,1.0);
#8710=VECTOR('',#8713,1.0);
#8711=VECTOR('',#8714,1.0);
#8712=DIRECTION('',(0,1,0));
#8713=DIRECTION('',(0.05064591771138329,-0.9984963294315686,-0.02097787241013956));
#8714=DIRECTION('',(-0.923881812944605,0,0.38267792686564767));
#8715=FACE_SURFACE('',(#8720),#8716,.T.);
#8716=PLANE('',#8717);
#8717=AXIS2_PLACEMENT_3D('',#477,#8718,#8719);
#8718=DIRECTION('',(-0.38267792686564767,0,-0.923881812944605));
#8719=DIRECTION('',(-0.05064591771138329,0.9984963294315686,0.02097787241013956));
#8720=FACE_BOUND('',#8721,.T.);
#8721=EDGE_LOOP('',(#8722,#8723,#8724));
#8722=ORIENTED_EDGE('',*,*,#8725,.T.);
#8723=ORIENTED_EDGE('',*,*,#8726,.T.);
#8724=ORIENTED_EDGE('',*,*,#8727,.T.);
#8725=EDGE_CURVE('',#478,#132,#8728,.F.);
#8726=EDGE_CURVE('',#132,#130,#8729,.T.);
#8727=EDGE_CURVE('',#130,#478,#8730,.T.);
#8728=LINE('',#477,#8731);
#8729=LINE('',#131,#8732);
#8730=LINE('',#129,#8733);
#8731=VECTOR('',#8734,1.0);
#8732=VECTOR('',#8735,1.0);
#8733=VECTOR('',#8736,1.0);
#8734=DIRECTION('',(-0.05064591771138329,0.9984963294315686,0.02097787241013956));
#8735=DIRECTION('',(0.923881812944605,0,-0.38267792686564767));
#8736=DIRECTION('',(0,-1,0));
#8737=FACE_SURFACE('',(#8742),#8738,.T.);
#8738=PLANE('',#8739);
#8739=AXIS2_PLACEMENT_3D('',#477,#8740,#8741);
#8740=DIRECTION('',(-0.6087698953650201,0,-0.7933468437557828));
#8741=DIRECTION('',(0,1,0));
#8742=FACE_BOUND('',#8743,.T.);
#8743=EDGE_LOOP('',(#8744,#8745,#8746));
#8744=ORIENTED_EDGE('',*,*,#8747,.T.);
#8745=ORIENTED_EDGE('',*,*,#8748,.T.);
#8746=ORIENTED_EDGE('',*,*,#8749,.T.);
#8747=EDGE_CURVE('',#478,#130,#8750,.F.);
#8748=EDGE_CURVE('',#130,#480,#8751,.T.);
#8749=EDGE_CURVE('',#480,#478,#8752,.T.);
#8750=LINE('',#477,#8753);
#8751=LINE('',#129,#8754);
#8752=LINE('',#479,#8755);
#8753=VECTOR('',#8756,1.0);
#8754=VECTOR('',#8757,1.0);
#8755=VECTOR('',#8758,1.0);
#8756=DIRECTION('',(0,1,0));
#8757=DIRECTION('',(0.043489504390932465,-0.9984963756320349,-0.03337140778453064));
#8758=DIRECTION('',(-0.7933468437557828,0,0.6087698953650201));
#8759=FACE_SURFACE('',(#8764),#8760,.T.);
#8760=PLANE('',#8761);
#8761=AXIS2_PLACEMENT_3D('',#479,#8762,#8763);
#8762=DIRECTION('',(-0.6087698953650201,0,-0.7933468437557828));
#8763=DIRECTION('',(-0.043489504390932465,0.9984963756320349,0.03337140778453064));
#8764=FACE_BOUND('',#8765,.T.);
#8765=EDGE_LOOP('',(#8766,#8767,#8768));
#8766=ORIENTED_EDGE('',*,*,#8769,.T.);
#8767=ORIENTED_EDGE('',*,*,#8770,.T.);
#8768=ORIENTED_EDGE('',*,*,#8771,.T.);
#8769=EDGE_CURVE('',#480,#130,#8772,.F.);
#8770=EDGE_CURVE('',#130,#128,#8773,.T.);
#8771=EDGE_CURVE('',#128,#480,#8774,.T.);
#8772=LINE('',#479,#8775);
#8773=LINE('',#129,#8776);
#8774=LINE('',#127,#8777);
#8775=VECTOR('',#8778,1.0);
#8776=VECTOR('',#8779,1.0);
#8777=VECTOR('',#8780,1.0);
#8778=DIRECTION('',(-0.043489504390932465,0.9984963756320349,0.03337140778453064));
#8779=DIRECTION('',(0.7933468437557828,0,-0.6087698953650201));
#8780=DIRECTION('',(0,-1,0));
#8781=FACE_SURFACE('',(#8786),#8782,.T.);
#8782=PLANE('',#8783);
#8783=AXIS2_PLACEMENT_3D('',#479,#8784,#8785);
#8784=DIRECTION('',(-0.7933644835949853,0,-0.6087469064973244));
#8785=DIRECTION('',(0,1,0));
#8786=FACE_BOUND('',#8787,.T.);
#8787=EDGE_LOOP('',(#8788,#8789,#8790));
#8788=ORIENTED_EDGE('',*,*,#8791,.T.);
#8789=ORIENTED_EDGE('',*,*,#8792,.T.);
#8790=ORIENTED_EDGE('',*,*,#8793,.T.);
#8791=EDGE_CURVE('',#480,#128,#8794,.F.);
#8792=EDGE_CURVE('',#128,#482,#8795,.T.);
#8793=EDGE_CURVE('',#482,#480,#8796,.T.);
#8794=LINE('',#479,#8797);
#8795=LINE('',#127,#8798);
#8796=LINE('',#481,#8799);
#8797=VECTOR('',#8800,1.0);
#8798=VECTOR('',#8801,1.0);
#8799=VECTOR('',#8802,1.0);
#8800=DIRECTION('',(0,1,0));
#8801=DIRECTION('',(0.03336972913595128,-0.9984964133700518,-0.04348992601207557));
#8802=DIRECTION('',(-0.6087469064973243,0,0.7933644835949852));
#8803=FACE_SURFACE('',(#8808),#8804,.T.);
#8804=PLANE('',#8805);
#8805=AXIS2_PLACEMENT_3D('',#481,#8806,#8807);
#8806=DIRECTION('',(-0.7933644835949853,0,-0.6087469064973244));
#8807=DIRECTION('',(-0.03336972913595128,0.9984964133700518,0.04348992601207557));
#8808=FACE_BOUND('',#8809,.T.);
#8809=EDGE_LOOP('',(#8810,#8811,#8812));
#8810=ORIENTED_EDGE('',*,*,#8813,.T.);
#8811=ORIENTED_EDGE('',*,*,#8814,.T.);
#8812=ORIENTED_EDGE('',*,*,#8815,.T.);
#8813=EDGE_CURVE('',#482,#128,#8816,.F.);
#8814=EDGE_CURVE('',#128,#126,#8817,.T.);
#8815=EDGE_CURVE('',#126,#482,#8818,.T.);
#8816=LINE('',#481,#8819);
#8817=LINE('',#127,#8820);
#8818=LINE('',#125,#8821);
#8819=VECTOR('',#8822,1.0);
#8820=VECTOR('',#8823,1.0);
#8821=VECTOR('',#8824,1.0);
#8822=DIRECTION('',(-0.03336972913595128,0.9984964133700518,0.04348992601207557));
#8823=DIRECTION('',(0.6087469064973243,0,-0.7933644835949852));
#8824=DIRECTION('',(0,-1,0));
#8825=FACE_SURFACE('',(#8830),#8826,.T.);
#8826=PLANE('',#8827);
#8827=AXIS2_PLACEMENT_3D('',#481,#8828,#8829);
#8828=DIRECTION('',(-0.9238530418015016,0,-0.3827473803360553));
#8829=DIRECTION('',(0,1,0));
#8830=FACE_BOUND('',#8831,.T.);
#8831=EDGE_LOOP('',(#8832,#8833,#8834));
#8832=ORIENTED_EDGE('',*,*,#8835,.T.);
#8833=ORIENTED_EDGE('',*,*,#8836,.T.);
#8834=ORIENTED_EDGE('',*,*,#8837,.T.);
#8835=EDGE_CURVE('',#482,#126,#8838,.F.);
#8836=EDGE_CURVE('',#126,#484,#8839,.T.);
#8837=EDGE_CURVE('',#484,#482,#8840,.T.);
#8838=LINE('',#481,#8841);
#8839=LINE('',#125,#8842);
#8840=LINE('',#483,#8843);
#8841=VECTOR('',#8844,1.0);
#8842=VECTOR('',#8845,1.0);
#8843=VECTOR('',#8846,1.0);
#8844=DIRECTION('',(0,1,0));
#8845=DIRECTION('',(0.020982071005080247,-0.9984962733099562,-0.050645284898668305));
#8846=DIRECTION('',(-0.38274738033605527,0,0.9238530418015015));
#8847=FACE_SURFACE('',(#8852),#8848,.T.);
#8848=PLANE('',#8849);
#8849=AXIS2_PLACEMENT_3D('',#483,#8850,#8851);
#8850=DIRECTION('',(-0.9238530418015016,0,-0.3827473803360553));
#8851=DIRECTION('',(-0.020982071005080247,0.9984962733099562,0.050645284898668305));
#8852=FACE_BOUND('',#8853,.T.);
#8853=EDGE_LOOP('',(#8854,#8855,#8856));
#8854=ORIENTED_EDGE('',*,*,#8857,.T.);
#8855=ORIENTED_EDGE('',*,*,#8858,.T.);
#8856=ORIENTED_EDGE('',*,*,#8859,.T.);
#8857=EDGE_CURVE('',#484,#126,#8860,.F.);
#8858=EDGE_CURVE('',#126,#124,#8861,.T.);
#8859=EDGE_CURVE('',#124,#484,#8862,.T.);
#8860=LINE('',#483,#8863);
#8861=LINE('',#125,#8864);
#8862=LINE('',#123,#8865);
#8863=VECTOR('',#8866,1.0);
#8864=VECTOR('',#8867,1.0);
#8865=VECTOR('',#8868,1.0);
#8866=DIRECTION('',(-0.020982071005080247,0.9984962733099562,0.050645284898668305));
#8867=DIRECTION('',(0.38274738033605527,0,-0.9238530418015015));
#8868=DIRECTION('',(0,-1,0));
#8869=FACE_SURFACE('',(#8874),#8870,.T.);
#8870=PLANE('',#8871);
#8871=AXIS2_PLACEMENT_3D('',#383,#8872,#8873);
#8872=DIRECTION('',(-1,0,0));
#8873=DIRECTION('',(0,1,0));
#8874=FACE_BOUND('',#8875,.T.);
#8875=EDGE_LOOP('',(#8876,#8877,#8878));
#8876=ORIENTED_EDGE('',*,*,#8879,.T.);
#8877=ORIENTED_EDGE('',*,*,#8880,.T.);
#8878=ORIENTED_EDGE('',*,*,#8881,.T.);
#8879=EDGE_CURVE('',#384,#486,#8882,.F.);
#8880=EDGE_CURVE('',#486,#386,#8883,.T.);
#8881=EDGE_CURVE('',#386,#384,#8884,.T.);
#8882=LINE('',#383,#8885);
#8883=LINE('',#485,#8886);
#8884=LINE('',#385,#8887);
#8885=VECTOR('',#8888,1.0);
#8886=VECTOR('',#8889,1.0);
#8887=VECTOR('',#8890,1.0);
#8888=DIRECTION('',(0,1,0));
#8889=DIRECTION('',(0,-0.06517142342077878,-0.9978740830231586));
#8890=DIRECTION('',(0,0,1));
#8891=FACE_SURFACE('',(#8896),#8892,.T.);
#8892=PLANE('',#8893);
#8893=AXIS2_PLACEMENT_3D('',#385,#8894,#8895);
#8894=DIRECTION('',(-1,0,0));
#8895=DIRECTION('',(0,0.06517142342077878,0.9978740830231586));
#8896=FACE_BOUND('',#8897,.T.);
#8897=EDGE_LOOP('',(#8898,#8899,#8900));
#8898=ORIENTED_EDGE('',*,*,#8901,.T.);
#8899=ORIENTED_EDGE('',*,*,#8902,.T.);
#8900=ORIENTED_EDGE('',*,*,#8903,.T.);
#8901=EDGE_CURVE('',#386,#486,#8904,.F.);
#8902=EDGE_CURVE('',#486,#488,#8905,.T.);
#8903=EDGE_CURVE('',#488,#386,#8906,.T.);
#8904=LINE('',#385,#8907);
#8905=LINE('',#485,#8908);
#8906=LINE('',#487,#8909);
#8907=VECTOR('',#8910,1.0);
#8908=VECTOR('',#8911,1.0);
#8909=VECTOR('',#8912,1.0);
#8910=DIRECTION('',(0,0.06517142342077878,0.9978740830231586));
#8911=DIRECTION('',(0,0,-1));
#8912=DIRECTION('',(0,-1,0));
#8913=FACE_SURFACE('',(#8918),#8914,.T.);
#8914=PLANE('',#8915);
#8915=AXIS2_PLACEMENT_3D('',#381,#8916,#8917);
#8916=DIRECTION('',(0,0,-1));
#8917=DIRECTION('',(0,1,0));
#8918=FACE_BOUND('',#8919,.T.);
#8919=EDGE_LOOP('',(#8920,#8921,#8922));
#8920=ORIENTED_EDGE('',*,*,#8923,.T.);
#8921=ORIENTED_EDGE('',*,*,#8924,.T.);
#8922=ORIENTED_EDGE('',*,*,#8925,.T.);
#8923=EDGE_CURVE('',#382,#490,#8926,.F.);
#8924=EDGE_CURVE('',#490,#384,#8927,.T.);
#8925=EDGE_CURVE('',#384,#382,#8928,.T.);
#8926=LINE('',#381,#8929);
#8927=LINE('',#489,#8930);
#8928=LINE('',#383,#8931);
#8929=VECTOR('',#8932,1.0);
#8930=VECTOR('',#8933,1.0);
#8931=VECTOR('',#8934,1.0);
#8932=DIRECTION('',(0,1,0));
#8933=DIRECTION('',(0.9995449881236824,-0.030163168216011213,0));
#8934=DIRECTION('',(-1,0,0));
#8935=FACE_SURFACE('',(#8940),#8936,.T.);
#8936=PLANE('',#8937);
#8937=AXIS2_PLACEMENT_3D('',#383,#8938,#8939);
#8938=DIRECTION('',(0,0,-1));
#8939=DIRECTION('',(-0.9995449881236824,0.030163168216011213,0));
#8940=FACE_BOUND('',#8941,.T.);
#8941=EDGE_LOOP('',(#8942,#8943,#8944));
#8942=ORIENTED_EDGE('',*,*,#8945,.T.);
#8943=ORIENTED_EDGE('',*,*,#8946,.T.);
#8944=ORIENTED_EDGE('',*,*,#8947,.T.);
#8945=EDGE_CURVE('',#384,#490,#8948,.F.);
#8946=EDGE_CURVE('',#490,#486,#8949,.T.);
#8947=EDGE_CURVE('',#486,#384,#8950,.T.);
#8948=LINE('',#383,#8951);
#8949=LINE('',#489,#8952);
#8950=LINE('',#485,#8953);
#8951=VECTOR('',#8954,1.0);
#8952=VECTOR('',#8955,1.0);
#8953=VECTOR('',#8956,1.0);
#8954=DIRECTION('',(-0.9995449881236824,0.030163168216011213,0));
#8955=DIRECTION('',(1,0,0));
#8956=DIRECTION('',(0,-1,0));
#8957=FACE_SURFACE('',(#8962),#8958,.T.);
#8958=PLANE('',#8959);
#8959=AXIS2_PLACEMENT_3D('',#379,#8960,#8961);
#8960=DIRECTION('',(1,0,0));
#8961=DIRECTION('',(0,1,0));
#8962=FACE_BOUND('',#8963,.T.);
#8963=EDGE_LOOP('',(#8964,#8965,#8966));
#8964=ORIENTED_EDGE('',*,*,#8967,.T.);
#8965=ORIENTED_EDGE('',*,*,#8968,.T.);
#8966=ORIENTED_EDGE('',*,*,#8969,.T.);
#8967=EDGE_CURVE('',#380,#492,#8970,.F.);
#8968=EDGE_CURVE('',#492,#382,#8971,.T.);
#8969=EDGE_CURVE('',#382,#380,#8972,.T.);
#8970=LINE('',#379,#8973);
#8971=LINE('',#491,#8974);
#8972=LINE('',#381,#8975);
#8973=VECTOR('',#8976,1.0);
#8974=VECTOR('',#8977,1.0);
#8975=VECTOR('',#8978,1.0);
#8976=DIRECTION('',(0,1,0));
#8977=DIRECTION('',(0,-0.039442026302175616,0.9992218605300719));
#8978=DIRECTION('',(0,0,-1));
#8979=FACE_SURFACE('',(#8984),#8980,.T.);
#8980=PLANE('',#8981);
#8981=AXIS2_PLACEMENT_3D('',#381,#8982,#8983);
#8982=DIRECTION('',(1,-0,0));
#8983=DIRECTION('',(0,0.039442026302175616,-0.9992218605300719));
#8984=FACE_BOUND('',#8985,.T.);
#8985=EDGE_LOOP('',(#8986,#8987,#8988));
#8986=ORIENTED_EDGE('',*,*,#8989,.T.);
#8987=ORIENTED_EDGE('',*,*,#8990,.T.);
#8988=ORIENTED_EDGE('',*,*,#8991,.T.);
#8989=EDGE_CURVE('',#382,#492,#8992,.F.);
#8990=EDGE_CURVE('',#492,#490,#8993,.T.);
#8991=EDGE_CURVE('',#490,#382,#8994,.T.);
#8992=LINE('',#381,#8995);
#8993=LINE('',#491,#8996);
#8994=LINE('',#489,#8997);
#8995=VECTOR('',#8998,1.0);
#8996=VECTOR('',#8999,1.0);
#8997=VECTOR('',#9000,1.0);
#8998=DIRECTION('',(0,0.039442026302175616,-0.9992218605300719));
#8999=DIRECTION('',(0,0,1));
#9000=DIRECTION('',(0,-1,0));
#9001=FACE_SURFACE('',(#9006),#9002,.T.);
#9002=PLANE('',#9003);
#9003=AXIS2_PLACEMENT_3D('',#491,#9004,#9005);
#9004=DIRECTION('',(-0,0,1));
#9005=DIRECTION('',(0,-1,0));
#9006=FACE_BOUND('',#9007,.T.);
#9007=EDGE_LOOP('',(#9008,#9009,#9010));
#9008=ORIENTED_EDGE('',*,*,#9011,.T.);
#9009=ORIENTED_EDGE('',*,*,#9012,.T.);
#9010=ORIENTED_EDGE('',*,*,#9013,.T.);
#9011=EDGE_CURVE('',#492,#380,#9014,.F.);
#9012=EDGE_CURVE('',#380,#494,#9015,.T.);
#9013=EDGE_CURVE('',#494,#492,#9016,.T.);
#9014=LINE('',#491,#9017);
#9015=LINE('',#379,#9018);
#9016=LINE('',#493,#9019);
#9017=VECTOR('',#9020,1.0);
#9018=VECTOR('',#9021,1.0);
#9019=VECTOR('',#9022,1.0);
#9020=DIRECTION('',(0,-1,0));
#9021=DIRECTION('',(0.9887233977773978,0.14975327271053984,0));
#9022=DIRECTION('',(-1,0,0));
#9023=FACE_SURFACE('',(#9028),#9024,.T.);
#9024=PLANE('',#9025);
#9025=AXIS2_PLACEMENT_3D('',#493,#9026,#9027);
#9026=DIRECTION('',(0,0,1));
#9027=DIRECTION('',(-0.9887233977773978,-0.14975327271053984,0));
#9028=FACE_BOUND('',#9029,.T.);
#9029=EDGE_LOOP('',(#9030,#9031,#9032));
#9030=ORIENTED_EDGE('',*,*,#9033,.T.);
#9031=ORIENTED_EDGE('',*,*,#9034,.T.);
#9032=ORIENTED_EDGE('',*,*,#9035,.T.);
#9033=EDGE_CURVE('',#494,#380,#9036,.F.);
#9034=EDGE_CURVE('',#380,#378,#9037,.T.);
#9035=EDGE_CURVE('',#378,#494,#9038,.T.);
#9036=LINE('',#493,#9039);
#9037=LINE('',#379,#9040);
#9038=LINE('',#377,#9041);
#9039=VECTOR('',#9042,1.0);
#9040=VECTOR('',#9043,1.0);
#9041=VECTOR('',#9044,1.0);
#9042=DIRECTION('',(-0.9887233977773978,-0.14975327271053984,0));
#9043=DIRECTION('',(1,0,0));
#9044=DIRECTION('',(-0.012621861990211468,0.999920341127182,0));
#9045=FACE_SURFACE('',(#9050),#9046,.T.);
#9046=PLANE('',#9047);
#9047=AXIS2_PLACEMENT_3D('',#493,#9048,#9049);
#9048=DIRECTION('',(-0,0,1));
#9049=DIRECTION('',(0.012621861990211468,-0.999920341127182,0));
#9050=FACE_BOUND('',#9051,.T.);
#9051=EDGE_LOOP('',(#9052,#9053,#9054));
#9052=ORIENTED_EDGE('',*,*,#9055,.T.);
#9053=ORIENTED_EDGE('',*,*,#9056,.T.);
#9054=ORIENTED_EDGE('',*,*,#9057,.T.);
#9055=EDGE_CURVE('',#494,#378,#9058,.F.);
#9056=EDGE_CURVE('',#378,#320,#9059,.T.);
#9057=EDGE_CURVE('',#320,#494,#9060,.T.);
#9058=LINE('',#493,#9061);
#9059=LINE('',#377,#9062);
#9060=LINE('',#319,#9063);
#9061=VECTOR('',#9064,1.0);
#9062=VECTOR('',#9065,1.0);
#9063=VECTOR('',#9066,1.0);
#9064=DIRECTION('',(0.012621861990211468,-0.999920341127182,0));
#9065=DIRECTION('',(0,1,0));
#9066=DIRECTION('',(-0.017385372029814695,-0.9998488629984958,0));
#9067=FACE_SURFACE('',(#9072),#9068,.T.);
#9068=PLANE('',#9069);
#9069=AXIS2_PLACEMENT_3D('',#319,#9070,#9071);
#9070=DIRECTION('',(0,0,1));
#9071=DIRECTION('',(-1,0,0));
#9072=FACE_BOUND('',#9073,.T.);
#9073=EDGE_LOOP('',(#9074,#9075,#9076));
#9074=ORIENTED_EDGE('',*,*,#9077,.T.);
#9075=ORIENTED_EDGE('',*,*,#9078,.T.);
#9076=ORIENTED_EDGE('',*,*,#9079,.T.);
#9077=EDGE_CURVE('',#320,#318,#9080,.F.);
#9078=EDGE_CURVE('',#318,#494,#9081,.T.);
#9079=EDGE_CURVE('',#494,#320,#9082,.T.);
#9080=LINE('',#319,#9083);
#9081=LINE('',#317,#9084);
#9082=LINE('',#493,#9085);
#9083=VECTOR('',#9086,1.0);
#9084=VECTOR('',#9087,1.0);
#9085=VECTOR('',#9088,1.0);
#9086=DIRECTION('',(-1,0,0));
#9087=DIRECTION('',(0,-1,0));
#9088=DIRECTION('',(0.017385372029814695,0.9998488629984958,0));
#9089=FACE_SURFACE('',(#9094),#9090,.T.);
#9090=PLANE('',#9091);
#9091=AXIS2_PLACEMENT_3D('',#375,#9092,#9093);
#9092=DIRECTION('',(1,0,0));
#9093=DIRECTION('',(0,1,0));
#9094=FACE_BOUND('',#9095,.T.);
#9095=EDGE_LOOP('',(#9096,#9097,#9098));
#9096=ORIENTED_EDGE('',*,*,#9099,.T.);
#9097=ORIENTED_EDGE('',*,*,#9100,.T.);
#9098=ORIENTED_EDGE('',*,*,#9101,.T.);
#9099=EDGE_CURVE('',#376,#322,#9102,.F.);
#9100=EDGE_CURVE('',#322,#378,#9103,.T.);
#9101=EDGE_CURVE('',#378,#376,#9104,.T.);
#9102=LINE('',#375,#9105);
#9103=LINE('',#321,#9106);
#9104=LINE('',#377,#9107);
#9105=VECTOR('',#9108,1.0);
#9106=VECTOR('',#9109,1.0);
#9107=VECTOR('',#9110,1.0);
#9108=DIRECTION('',(0,1,0));
#9109=DIRECTION('',(0,-0.6891302538515638,0.7246374909059558));
#9110=DIRECTION('',(0,0,-1));
#9111=FACE_SURFACE('',(#9116),#9112,.T.);
#9112=PLANE('',#9113);
#9113=AXIS2_PLACEMENT_3D('',#377,#9114,#9115);
#9114=DIRECTION('',(1,-0,0));
#9115=DIRECTION('',(0,0.6891302538515638,-0.7246374909059558));
#9116=FACE_BOUND('',#9117,.T.);
#9117=EDGE_LOOP('',(#9118,#9119,#9120));
#9118=ORIENTED_EDGE('',*,*,#9121,.T.);
#9119=ORIENTED_EDGE('',*,*,#9122,.T.);
#9120=ORIENTED_EDGE('',*,*,#9123,.T.);
#9121=EDGE_CURVE('',#378,#322,#9124,.F.);
#9122=EDGE_CURVE('',#322,#320,#9125,.T.);
#9123=EDGE_CURVE('',#320,#378,#9126,.T.);
#9124=LINE('',#377,#9127);
#9125=LINE('',#321,#9128);
#9126=LINE('',#319,#9129);
#9127=VECTOR('',#9130,1.0);
#9128=VECTOR('',#9131,1.0);
#9129=VECTOR('',#9132,1.0);
#9130=DIRECTION('',(0,0.6891302538515638,-0.7246374909059558));
#9131=DIRECTION('',(0,0,1));
#9132=DIRECTION('',(0,-1,0));
#9133=FACE_SURFACE('',(#9138),#9134,.T.);
#9134=PLANE('',#9135);
#9135=AXIS2_PLACEMENT_3D('',#323,#9136,#9137);
#9136=DIRECTION('',(0,0,-1));
#9137=DIRECTION('',(1,0,0));
#9138=FACE_BOUND('',#9139,.T.);
#9139=EDGE_LOOP('',(#9140,#9141,#9142));
#9140=ORIENTED_EDGE('',*,*,#9143,.T.);
#9141=ORIENTED_EDGE('',*,*,#9144,.T.);
#9142=ORIENTED_EDGE('',*,*,#9145,.T.);
#9143=EDGE_CURVE('',#324,#322,#9146,.F.);
#9144=EDGE_CURVE('',#322,#374,#9147,.T.);
#9145=EDGE_CURVE('',#374,#324,#9148,.T.);
#9146=LINE('',#323,#9149);
#9147=LINE('',#321,#9150);
#9148=LINE('',#373,#9151);
#9149=VECTOR('',#9152,1.0);
#9150=VECTOR('',#9153,1.0);
#9151=VECTOR('',#9154,1.0);
#9152=DIRECTION('',(1,0,0));
#9153=DIRECTION('',(-0.9778685225584026,-0.20922034458782152,0));
#9154=DIRECTION('',(0,1,0));
#9155=FACE_SURFACE('',(#9160),#9156,.T.);
#9156=PLANE('',#9157);
#9157=AXIS2_PLACEMENT_3D('',#373,#9158,#9159);
#9158=DIRECTION('',(0,0,-1));
#9159=DIRECTION('',(0.9778685225584026,0.20922034458782152,0));
#9160=FACE_BOUND('',#9161,.T.);
#9161=EDGE_LOOP('',(#9162,#9163,#9164));
#9162=ORIENTED_EDGE('',*,*,#9165,.T.);
#9163=ORIENTED_EDGE('',*,*,#9166,.T.);
#9164=ORIENTED_EDGE('',*,*,#9167,.T.);
#9165=EDGE_CURVE('',#374,#322,#9168,.F.);
#9166=EDGE_CURVE('',#322,#376,#9169,.T.);
#9167=EDGE_CURVE('',#376,#374,#9170,.T.);
#9168=LINE('',#373,#9171);
#9169=LINE('',#321,#9172);
#9170=LINE('',#375,#9173);
#9171=VECTOR('',#9174,1.0);
#9172=VECTOR('',#9175,1.0);
#9173=VECTOR('',#9176,1.0);
#9174=DIRECTION('',(0.9778685225584026,0.20922034458782152,0));
#9175=DIRECTION('',(0,-1,0));
#9176=DIRECTION('',(-1,0,0));
#9177=FACE_SURFACE('',(#9182),#9178,.T.);
#9178=PLANE('',#9179);
#9179=AXIS2_PLACEMENT_3D('',#171,#9180,#9181);
#9180=DIRECTION('',(0,0,-1));
#9181=DIRECTION('',(1,0,0));
#9182=FACE_BOUND('',#9183,.T.);
#9183=EDGE_LOOP('',(#9184,#9185,#9186));
#9184=ORIENTED_EDGE('',*,*,#9187,.T.);
#9185=ORIENTED_EDGE('',*,*,#9188,.T.);
#9186=ORIENTED_EDGE('',*,*,#9189,.T.);
#9187=EDGE_CURVE('',#172,#170,#9190,.F.);
#9188=EDGE_CURVE('',#170,#498,#9191,.T.);
#9189=EDGE_CURVE('',#498,#172,#9192,.T.);
#9190=LINE('',#171,#9193);
#9191=LINE('',#169,#9194);
#9192=LINE('',#497,#9195);
#9193=VECTOR('',#9196,1.0);
#9194=VECTOR('',#9197,1.0);
#9195=VECTOR('',#9198,1.0);
#9196=DIRECTION('',(1,0,0));
#9197=DIRECTION('',(-0.9938003342194862,-0.11117956514233017,0));
#9198=DIRECTION('',(0,1,0));
#9199=FACE_SURFACE('',(#9204),#9200,.T.);
#9200=PLANE('',#9201);
#9201=AXIS2_PLACEMENT_3D('',#497,#9202,#9203);
#9202=DIRECTION('',(0,0,-1));
#9203=DIRECTION('',(0.9938003342194862,0.11117956514233017,0));
#9204=FACE_BOUND('',#9205,.T.);
#9205=EDGE_LOOP('',(#9206,#9207,#9208));
#9206=ORIENTED_EDGE('',*,*,#9209,.T.);
#9207=ORIENTED_EDGE('',*,*,#9210,.T.);
#9208=ORIENTED_EDGE('',*,*,#9211,.T.);
#9209=EDGE_CURVE('',#498,#170,#9212,.F.);
#9210=EDGE_CURVE('',#170,#496,#9213,.T.);
#9211=EDGE_CURVE('',#496,#498,#9214,.T.);
#9212=LINE('',#497,#9215);
#9213=LINE('',#169,#9216);
#9214=LINE('',#495,#9217);
#9215=VECTOR('',#9218,1.0);
#9216=VECTOR('',#9219,1.0);
#9217=VECTOR('',#9220,1.0);
#9218=DIRECTION('',(0.9938003342194862,0.11117956514233017,0));
#9219=DIRECTION('',(0,-1,0));
#9220=DIRECTION('',(-1,0,0));
#9221=FACE_SURFACE('',(#9226),#9222,.T.);
#9222=PLANE('',#9223);
#9223=AXIS2_PLACEMENT_3D('',#169,#9224,#9225);
#9224=DIRECTION('',(-1,-0,-0));
#9225=DIRECTION('',(0,0,-1));
#9226=FACE_BOUND('',#9227,.T.);
#9227=EDGE_LOOP('',(#9228,#9229,#9230));
#9228=ORIENTED_EDGE('',*,*,#9231,.T.);
#9229=ORIENTED_EDGE('',*,*,#9232,.T.);
#9230=ORIENTED_EDGE('',*,*,#9233,.T.);
#9231=EDGE_CURVE('',#170,#176,#9234,.F.);
#9232=EDGE_CURVE('',#176,#496,#9235,.T.);
#9233=EDGE_CURVE('',#496,#170,#9236,.T.);
#9234=LINE('',#169,#9237);
#9235=LINE('',#175,#9238);
#9236=LINE('',#495,#9239);
#9237=VECTOR('',#9240,1.0);
#9238=VECTOR('',#9241,1.0);
#9239=VECTOR('',#9242,1.0);
#9240=DIRECTION('',(0,0,-1));
#9241=DIRECTION('',(0,-0.1476349978456283,0.9890419138798523));
#9242=DIRECTION('',(0,1,0));
#9243=FACE_SURFACE('',(#9248),#9244,.T.);
#9244=PLANE('',#9245);
#9245=AXIS2_PLACEMENT_3D('',#495,#9246,#9247);
#9246=DIRECTION('',(-1,0,0));
#9247=DIRECTION('',(0,0.1476349978456283,-0.9890419138798523));
#9248=FACE_BOUND('',#9249,.T.);
#9249=EDGE_LOOP('',(#9250,#9251,#9252));
#9250=ORIENTED_EDGE('',*,*,#9253,.T.);
#9251=ORIENTED_EDGE('',*,*,#9254,.T.);
#9252=ORIENTED_EDGE('',*,*,#9255,.T.);
#9253=EDGE_CURVE('',#496,#176,#9256,.F.);
#9254=EDGE_CURVE('',#176,#500,#9257,.T.);
#9255=EDGE_CURVE('',#500,#496,#9258,.T.);
#9256=LINE('',#495,#9259);
#9257=LINE('',#175,#9260);
#9258=LINE('',#499,#9261);
#9259=VECTOR('',#9262,1.0);
#9260=VECTOR('',#9263,1.0);
#9261=VECTOR('',#9264,1.0);
#9262=DIRECTION('',(0,0.1476349978456283,-0.9890419138798523));
#9263=DIRECTION('',(0,-1,0));
#9264=DIRECTION('',(0,0,1));
#9265=FACE_SURFACE('',(#9270),#9266,.T.);
#9266=PLANE('',#9267);
#9267=AXIS2_PLACEMENT_3D('',#175,#9268,#9269);
#9268=DIRECTION('',(0,0,1));
#9269=DIRECTION('',(-1,0,0));
#9270=FACE_BOUND('',#9271,.T.);
#9271=EDGE_LOOP('',(#9272,#9273,#9274));
#9272=ORIENTED_EDGE('',*,*,#9275,.T.);
#9273=ORIENTED_EDGE('',*,*,#9276,.T.);
#9274=ORIENTED_EDGE('',*,*,#9277,.T.);
#9275=EDGE_CURVE('',#176,#174,#9278,.F.);
#9276=EDGE_CURVE('',#174,#500,#9279,.T.);
#9277=EDGE_CURVE('',#500,#176,#9280,.T.);
#9278=LINE('',#175,#9281);
#9279=LINE('',#173,#9282);
#9280=LINE('',#499,#9283);
#9281=VECTOR('',#9284,1.0);
#9282=VECTOR('',#9285,1.0);
#9283=VECTOR('',#9286,1.0);
#9284=DIRECTION('',(-1,0,0));
#9285=DIRECTION('',(0.9938003342194862,-0.11117956514233017,0));
#9286=DIRECTION('',(0,1,0));
#9287=FACE_SURFACE('',(#9292),#9288,.T.);
#9288=PLANE('',#9289);
#9289=AXIS2_PLACEMENT_3D('',#499,#9290,#9291);
#9290=DIRECTION('',(0,0,1));
#9291=DIRECTION('',(-0.9938003342194862,0.11117956514233017,0));
#9292=FACE_BOUND('',#9293,.T.);
#9293=EDGE_LOOP('',(#9294,#9295,#9296));
#9294=ORIENTED_EDGE('',*,*,#9297,.T.);
#9295=ORIENTED_EDGE('',*,*,#9298,.T.);
#9296=ORIENTED_EDGE('',*,*,#9299,.T.);
#9297=EDGE_CURVE('',#500,#174,#9300,.F.);
#9298=EDGE_CURVE('',#174,#502,#9301,.T.);
#9299=EDGE_CURVE('',#502,#500,#9302,.T.);
#9300=LINE('',#499,#9303);
#9301=LINE('',#173,#9304);
#9302=LINE('',#501,#9305);
#9303=VECTOR('',#9306,1.0);
#9304=VECTOR('',#9307,1.0);
#9305=VECTOR('',#9308,1.0);
#9306=DIRECTION('',(-0.9938003342194862,0.11117956514233017,0));
#9307=DIRECTION('',(0,-1,0));
#9308=DIRECTION('',(1,0,0));
#9309=FACE_SURFACE('',(#9314),#9310,.T.);
#9310=PLANE('',#9311);
#9311=AXIS2_PLACEMENT_3D('',#173,#9312,#9313);
#9312=DIRECTION('',(1,0,-0));
#9313=DIRECTION('',(0,0,1));
#9314=FACE_BOUND('',#9315,.T.);
#9315=EDGE_LOOP('',(#9316,#9317,#9318));
#9316=ORIENTED_EDGE('',*,*,#9319,.T.);
#9317=ORIENTED_EDGE('',*,*,#9320,.T.);
#9318=ORIENTED_EDGE('',*,*,#9321,.T.);
#9319=EDGE_CURVE('',#174,#172,#9322,.F.);
#9320=EDGE_CURVE('',#172,#502,#9323,.T.);
#9321=EDGE_CURVE('',#502,#174,#9324,.T.);
#9322=LINE('',#173,#9325);
#9323=LINE('',#171,#9326);
#9324=LINE('',#501,#9327);
#9325=VECTOR('',#9328,1.0);
#9326=VECTOR('',#9329,1.0);
#9327=VECTOR('',#9330,1.0);
#9328=DIRECTION('',(0,0,1));
#9329=DIRECTION('',(0,-0.1476349978456283,-0.9890419138798523));
#9330=DIRECTION('',(0,1,0));
#9331=FACE_SURFACE('',(#9336),#9332,.T.);
#9332=PLANE('',#9333);
#9333=AXIS2_PLACEMENT_3D('',#501,#9334,#9335);
#9334=DIRECTION('',(1,0,0));
#9335=DIRECTION('',(0,0.1476349978456283,0.9890419138798523));
#9336=FACE_BOUND('',#9337,.T.);
#9337=EDGE_LOOP('',(#9338,#9339,#9340));
#9338=ORIENTED_EDGE('',*,*,#9341,.T.);
#9339=ORIENTED_EDGE('',*,*,#9342,.T.);
#9340=ORIENTED_EDGE('',*,*,#9343,.T.);
#9341=EDGE_CURVE('',#502,#172,#9344,.F.);
#9342=EDGE_CURVE('',#172,#498,#9345,.T.);
#9343=EDGE_CURVE('',#498,#502,#9346,.T.);
#9344=LINE('',#501,#9347);
#9345=LINE('',#171,#9348);
#9346=LINE('',#497,#9349);
#9347=VECTOR('',#9350,1.0);
#9348=VECTOR('',#9351,1.0);
#9349=VECTOR('',#9352,1.0);
#9350=DIRECTION('',(0,0.1476349978456283,0.9890419138798523));
#9351=DIRECTION('',(0,-1,0));
#9352=DIRECTION('',(0,0,-1));
#9353=FACE_SURFACE('',(#9358),#9354,.T.);
#9354=PLANE('',#9355);
#9355=AXIS2_PLACEMENT_3D('',#501,#9356,#9357);
#9356=DIRECTION('',(0,-1,0));
#9357=DIRECTION('',(0,0,1));
#9358=FACE_BOUND('',#9359,.T.);
#9359=EDGE_LOOP('',(#9360,#9361,#9362));
#9360=ORIENTED_EDGE('',*,*,#9363,.T.);
#9361=ORIENTED_EDGE('',*,*,#9364,.T.);
#9362=ORIENTED_EDGE('',*,*,#9365,.T.);
#9363=EDGE_CURVE('',#502,#498,#9366,.F.);
#9364=EDGE_CURVE('',#498,#490,#9367,.T.);
#9365=EDGE_CURVE('',#490,#502,#9368,.T.);
#9366=LINE('',#501,#9369);
#9367=LINE('',#497,#9370);
#9368=LINE('',#489,#9371);
#9369=VECTOR('',#9372,1.0);
#9370=VECTOR('',#9373,1.0);
#9371=VECTOR('',#9374,1.0);
#9372=DIRECTION('',(0,0,1));
#9373=DIRECTION('',(-0.24702650554084626,0,0.969008723160054));
#9374=DIRECTION('',(0.05080746622551475,0,-0.9987084666586858));
#9375=FACE_SURFACE('',(#9380),#9376,.T.);
#9376=PLANE('',#9377);
#9377=AXIS2_PLACEMENT_3D('',#489,#9378,#9379);
#9378=DIRECTION('',(0,-1,0));
#9379=DIRECTION('',(0.24702650554084626,0,-0.969008723160054));
#9380=FACE_BOUND('',#9381,.T.);
#9381=EDGE_LOOP('',(#9382,#9383,#9384));
#9382=ORIENTED_EDGE('',*,*,#9385,.T.);
#9383=ORIENTED_EDGE('',*,*,#9386,.T.);
#9384=ORIENTED_EDGE('',*,*,#9387,.T.);
#9385=EDGE_CURVE('',#490,#498,#9388,.F.);
#9386=EDGE_CURVE('',#498,#496,#9389,.T.);
#9387=EDGE_CURVE('',#496,#490,#9390,.T.);
#9388=LINE('',#489,#9391);
#9389=LINE('',#497,#9392);
#9390=LINE('',#495,#9393);
#9391=VECTOR('',#9394,1.0);
#9392=VECTOR('',#9395,1.0);
#9393=VECTOR('',#9396,1.0);
#9394=DIRECTION('',(0.24702650554084626,0,-0.969008723160054));
#9395=DIRECTION('',(1,0,0));
#9396=DIRECTION('',(-0.9844643823322456,0,0.1755843954319125));
#9397=FACE_SURFACE('',(#9402),#9398,.T.);
#9398=PLANE('',#9399);
#9399=AXIS2_PLACEMENT_3D('',#489,#9400,#9401);
#9400=DIRECTION('',(0,-1,0));
#9401=DIRECTION('',(0.9844643823322456,0,-0.1755843954319125));
#9402=FACE_BOUND('',#9403,.T.);
#9403=EDGE_LOOP('',(#9404,#9405,#9406));
#9404=ORIENTED_EDGE('',*,*,#9407,.T.);
#9405=ORIENTED_EDGE('',*,*,#9408,.T.);
#9406=ORIENTED_EDGE('',*,*,#9409,.T.);
#9407=EDGE_CURVE('',#490,#496,#9410,.F.);
#9408=EDGE_CURVE('',#496,#618,#9411,.T.);
#9409=EDGE_CURVE('',#618,#490,#9412,.T.);
#9410=LINE('',#489,#9413);
#9411=LINE('',#495,#9414);
#9412=LINE('',#617,#9415);
#9413=VECTOR('',#9416,1.0);
#9414=VECTOR('',#9417,1.0);
#9415=VECTOR('',#9418,1.0);
#9416=DIRECTION('',(0.9844643823322456,0,-0.1755843954319125));
#9417=DIRECTION('',(0.9852231275716224,0,0.1712757685663407));
#9418=DIRECTION('',(-0.9951002098935731,0,0.09887149371667588));
#9419=FACE_SURFACE('',(#9424),#9420,.T.);
#9420=PLANE('',#9421);
#9421=AXIS2_PLACEMENT_3D('',#617,#9422,#9423);
#9422=DIRECTION('',(0,-1,0));
#9423=DIRECTION('',(-0.9852231275716224,0,-0.1712757685663407));
#9424=FACE_BOUND('',#9425,.T.);
#9425=EDGE_LOOP('',(#9426,#9427,#9428));
#9426=ORIENTED_EDGE('',*,*,#9429,.T.);
#9427=ORIENTED_EDGE('',*,*,#9430,.T.);
#9428=ORIENTED_EDGE('',*,*,#9431,.T.);
#9429=EDGE_CURVE('',#618,#496,#9432,.F.);
#9430=EDGE_CURVE('',#496,#500,#9433,.T.);
#9431=EDGE_CURVE('',#500,#618,#9434,.T.);
#9432=LINE('',#617,#9435);
#9433=LINE('',#495,#9436);
#9434=LINE('',#499,#9437);
#9435=VECTOR('',#9438,1.0);
#9436=VECTOR('',#9439,1.0);
#9437=VECTOR('',#9440,1.0);
#9438=DIRECTION('',(-0.9852231275716224,0,-0.1712757685663407));
#9439=DIRECTION('',(0,0,-1));
#9440=DIRECTION('',(0.35329718206532174,0,0.9355111443188173));
#9441=FACE_SURFACE('',(#9446),#9442,.T.);
#9442=PLANE('',#9443);
#9443=AXIS2_PLACEMENT_3D('',#617,#9444,#9445);
#9444=DIRECTION('',(0,-1,-0));
#9445=DIRECTION('',(-0.35329718206532174,0,-0.9355111443188173));
#9446=FACE_BOUND('',#9447,.T.);
#9447=EDGE_LOOP('',(#9448,#9449,#9450));
#9448=ORIENTED_EDGE('',*,*,#9451,.T.);
#9449=ORIENTED_EDGE('',*,*,#9452,.T.);
#9450=ORIENTED_EDGE('',*,*,#9453,.T.);
#9451=EDGE_CURVE('',#618,#500,#9454,.F.);
#9452=EDGE_CURVE('',#500,#624,#9455,.T.);
#9453=EDGE_CURVE('',#624,#618,#9456,.T.);
#9454=LINE('',#617,#9457);
#9455=LINE('',#499,#9458);
#9456=LINE('',#623,#9459);
#9457=VECTOR('',#9460,1.0);
#9458=VECTOR('',#9461,1.0);
#9459=VECTOR('',#9462,1.0);
#9460=DIRECTION('',(-0.35329718206532174,0,-0.9355111443188173));
#9461=DIRECTION('',(0.35427632896826394,0,-0.9351407823064773));
#9462=DIRECTION('',(0,0,1));
#9463=FACE_SURFACE('',(#9468),#9464,.T.);
#9464=PLANE('',#9465);
#9465=AXIS2_PLACEMENT_3D('',#623,#9466,#9467);
#9466=DIRECTION('',(0,-1,0));
#9467=DIRECTION('',(-0.35427632896826394,0,0.9351407823064773));
#9468=FACE_BOUND('',#9469,.T.);
#9469=EDGE_LOOP('',(#9470,#9471,#9472));
#9470=ORIENTED_EDGE('',*,*,#9473,.T.);
#9471=ORIENTED_EDGE('',*,*,#9474,.T.);
#9472=ORIENTED_EDGE('',*,*,#9475,.T.);
#9473=EDGE_CURVE('',#624,#500,#9476,.F.);
#9474=EDGE_CURVE('',#500,#628,#9477,.T.);
#9475=EDGE_CURVE('',#628,#624,#9478,.T.);
#9476=LINE('',#623,#9479);
#9477=LINE('',#499,#9480);
#9478=LINE('',#627,#9481);
#9479=VECTOR('',#9482,1.0);
#9480=VECTOR('',#9483,1.0);
#9481=VECTOR('',#9484,1.0);
#9482=DIRECTION('',(-0.35427632896826394,0,0.9351407823064773));
#9483=DIRECTION('',(-0.5922072077924726,0,-0.8057857178174872));
#9484=DIRECTION('',(0.565838696190112,0,-0.8245159609697524));
#9485=FACE_SURFACE('',(#9490),#9486,.T.);
#9486=PLANE('',#9487);
#9487=AXIS2_PLACEMENT_3D('',#623,#9488,#9489);
#9488=DIRECTION('',(-0,-1,0));
#9489=DIRECTION('',(-0.565838696190112,0,0.8245159609697524));
#9490=FACE_BOUND('',#9491,.T.);
#9491=EDGE_LOOP('',(#9492,#9493,#9494));
#9492=ORIENTED_EDGE('',*,*,#9495,.T.);
#9493=ORIENTED_EDGE('',*,*,#9496,.T.);
#9494=ORIENTED_EDGE('',*,*,#9497,.T.);
#9495=EDGE_CURVE('',#624,#628,#9498,.F.);
#9496=EDGE_CURVE('',#628,#630,#9499,.T.);
#9497=EDGE_CURVE('',#630,#624,#9500,.T.);
#9498=LINE('',#623,#9501);
#9499=LINE('',#627,#9502);
#9500=LINE('',#629,#9503);
#9501=VECTOR('',#9504,1.0);
#9502=VECTOR('',#9505,1.0);
#9503=VECTOR('',#9506,1.0);
#9504=DIRECTION('',(-0.565838696190112,0,0.8245159609697524));
#9505=DIRECTION('',(0,0,-1));
#9506=DIRECTION('',(0.9430121704331851,0,0.33275824019082295));
#9507=FACE_SURFACE('',(#9512),#9508,.T.);
#9508=PLANE('',#9509);
#9509=AXIS2_PLACEMENT_3D('',#499,#9510,#9511);
#9510=DIRECTION('',(-0,-1,0));
#9511=DIRECTION('',(-1,0,0));
#9512=FACE_BOUND('',#9513,.T.);
#9513=EDGE_LOOP('',(#9514,#9515,#9516));
#9514=ORIENTED_EDGE('',*,*,#9517,.T.);
#9515=ORIENTED_EDGE('',*,*,#9518,.T.);
#9516=ORIENTED_EDGE('',*,*,#9519,.T.);
#9517=EDGE_CURVE('',#500,#502,#9520,.F.);
#9518=EDGE_CURVE('',#502,#628,#9521,.T.);
#9519=EDGE_CURVE('',#628,#500,#9522,.T.);
#9520=LINE('',#499,#9523);
#9521=LINE('',#501,#9524);
#9522=LINE('',#627,#9525);
#9523=VECTOR('',#9526,1.0);
#9524=VECTOR('',#9527,1.0);
#9525=VECTOR('',#9528,1.0);
#9526=DIRECTION('',(-1,0,0));
#9527=DIRECTION('',(0.980928913953398,0,-0.19436683299937546));
#9528=DIRECTION('',(0.5922072077924726,0,0.8057857178174872));
#9529=FACE_SURFACE('',(#9534),#9530,.T.);
#9530=PLANE('',#9531);
#9531=AXIS2_PLACEMENT_3D('',#627,#9532,#9533);
#9532=DIRECTION('',(0,-1,0));
#9533=DIRECTION('',(-0.980928913953398,0,0.19436683299937546));
#9534=FACE_BOUND('',#9535,.T.);
#9535=EDGE_LOOP('',(#9536,#9537,#9538));
#9536=ORIENTED_EDGE('',*,*,#9539,.T.);
#9537=ORIENTED_EDGE('',*,*,#9540,.T.);
#9538=ORIENTED_EDGE('',*,*,#9541,.T.);
#9539=EDGE_CURVE('',#628,#502,#9542,.F.);
#9540=EDGE_CURVE('',#502,#626,#9543,.T.);
#9541=EDGE_CURVE('',#626,#628,#9544,.T.);
#9542=LINE('',#627,#9545);
#9543=LINE('',#501,#9546);
#9544=LINE('',#625,#9547);
#9545=VECTOR('',#9548,1.0);
#9546=VECTOR('',#9549,1.0);
#9547=VECTOR('',#9550,1.0);
#9548=DIRECTION('',(-0.980928913953398,0,0.19436683299937546));
#9549=DIRECTION('',(0.48123574686832665,0,-0.8765912137000256));
#9550=DIRECTION('',(1,0,0));
#9551=FACE_SURFACE('',(#9556),#9552,.T.);
#9552=PLANE('',#9553);
#9553=AXIS2_PLACEMENT_3D('',#625,#9554,#9555);
#9554=DIRECTION('',(-0,-1,-0));
#9555=DIRECTION('',(-0.48123574686832665,0,0.8765912137000256));
#9556=FACE_BOUND('',#9557,.T.);
#9557=EDGE_LOOP('',(#9558,#9559,#9560));
#9558=ORIENTED_EDGE('',*,*,#9561,.T.);
#9559=ORIENTED_EDGE('',*,*,#9562,.T.);
#9560=ORIENTED_EDGE('',*,*,#9563,.T.);
#9561=EDGE_CURVE('',#626,#502,#9564,.F.);
#9562=EDGE_CURVE('',#502,#632,#9565,.T.);
#9563=EDGE_CURVE('',#632,#626,#9566,.T.);
#9564=LINE('',#625,#9567);
#9565=LINE('',#501,#9568);
#9566=LINE('',#631,#9569);
#9567=VECTOR('',#9570,1.0);
#9568=VECTOR('',#9571,1.0);
#9569=VECTOR('',#9572,1.0);
#9570=DIRECTION('',(-0.48123574686832665,0,0.8765912137000256));
#9571=DIRECTION('',(0.09931491921710472,0,-0.9950560521000311));
#9572=DIRECTION('',(0,0,1));
#9573=FACE_SURFACE('',(#9578),#9574,.T.);
#9574=PLANE('',#9575);
#9575=AXIS2_PLACEMENT_3D('',#631,#9576,#9577);
#9576=DIRECTION('',(-0,-1,-0));
#9577=DIRECTION('',(-0.09931491921710472,0,0.9950560521000311));
#9578=FACE_BOUND('',#9579,.T.);
#9579=EDGE_LOOP('',(#9580,#9581,#9582));
#9580=ORIENTED_EDGE('',*,*,#9583,.T.);
#9581=ORIENTED_EDGE('',*,*,#9584,.T.);
#9582=ORIENTED_EDGE('',*,*,#9585,.T.);
#9583=EDGE_CURVE('',#632,#502,#9586,.F.);
#9584=EDGE_CURVE('',#502,#634,#9587,.T.);
#9585=EDGE_CURVE('',#634,#632,#9588,.T.);
#9586=LINE('',#631,#9589);
#9587=LINE('',#501,#9590);
#9588=LINE('',#633,#9591);
#9589=VECTOR('',#9592,1.0);
#9590=VECTOR('',#9593,1.0);
#9591=VECTOR('',#9594,1.0);
#9592=DIRECTION('',(-0.09931491921710472,0,0.9950560521000311));
#9593=DIRECTION('',(0.07619089788577509,0,-0.9970932489388138));
#9594=DIRECTION('',(0,0,1));
#9595=FACE_SURFACE('',(#9600),#9596,.T.);
#9596=PLANE('',#9597);
#9597=AXIS2_PLACEMENT_3D('',#631,#9598,#9599);
#9598=DIRECTION('',(0,-1,0));
#9599=DIRECTION('',(0,0,-1));
#9600=FACE_BOUND('',#9601,.T.);
#9601=EDGE_LOOP('',(#9602,#9603,#9604));
#9602=ORIENTED_EDGE('',*,*,#9605,.T.);
#9603=ORIENTED_EDGE('',*,*,#9606,.T.);
#9604=ORIENTED_EDGE('',*,*,#9607,.T.);
#9605=EDGE_CURVE('',#632,#634,#9608,.F.);
#9606=EDGE_CURVE('',#634,#630,#9609,.T.);
#9607=EDGE_CURVE('',#630,#632,#9610,.T.);
#9608=LINE('',#631,#9611);
#9609=LINE('',#633,#9612);
#9610=LINE('',#629,#9613);
#9611=VECTOR('',#9614,1.0);
#9612=VECTOR('',#9615,1.0);
#9613=VECTOR('',#9616,1.0);
#9614=DIRECTION('',(0,0,-1));
#9615=DIRECTION('',(0.9365086005675097,0,0.35064460791959184));
#9616=DIRECTION('',(-1,0,0));
#9617=FACE_SURFACE('',(#9622),#9618,.T.);
#9618=PLANE('',#9619);
#9619=AXIS2_PLACEMENT_3D('',#629,#9620,#9621);
#9620=DIRECTION('',(0,-1,-0));
#9621=DIRECTION('',(-0.9365086005675097,0,-0.35064460791959184));
#9622=FACE_BOUND('',#9623,.T.);
#9623=EDGE_LOOP('',(#9624,#9625,#9626));
#9624=ORIENTED_EDGE('',*,*,#9627,.T.);
#9625=ORIENTED_EDGE('',*,*,#9628,.T.);
#9626=ORIENTED_EDGE('',*,*,#9629,.T.);
#9627=EDGE_CURVE('',#630,#634,#9630,.F.);
#9628=EDGE_CURVE('',#634,#636,#9631,.T.);
#9629=EDGE_CURVE('',#636,#630,#9632,.T.);
#9630=LINE('',#629,#9633);
#9631=LINE('',#633,#9634);
#9632=LINE('',#635,#9635);
#9633=VECTOR('',#9636,1.0);
#9634=VECTOR('',#9637,1.0);
#9635=VECTOR('',#9638,1.0);
#9636=DIRECTION('',(-0.9365086005675097,0,-0.35064460791959184));
#9637=DIRECTION('',(1,0,0));
#9638=DIRECTION('',(0,0,1));
#9639=FACE_SURFACE('',(#9644),#9640,.T.);
#9640=PLANE('',#9641);
#9641=AXIS2_PLACEMENT_3D('',#629,#9642,#9643);
#9642=DIRECTION('',(0,-1,0));
#9643=DIRECTION('',(0,0,-1));
#9644=FACE_BOUND('',#9645,.T.);
#9645=EDGE_LOOP('',(#9646,#9647,#9648));
#9646=ORIENTED_EDGE('',*,*,#9649,.T.);
#9647=ORIENTED_EDGE('',*,*,#9650,.T.);
#9648=ORIENTED_EDGE('',*,*,#9651,.T.);
#9649=EDGE_CURVE('',#630,#636,#9652,.F.);
#9650=EDGE_CURVE('',#636,#624,#9653,.T.);
#9651=EDGE_CURVE('',#624,#630,#9654,.T.);
#9652=LINE('',#629,#9655);
#9653=LINE('',#635,#9656);
#9654=LINE('',#623,#9657);
#9655=VECTOR('',#9658,1.0);
#9656=VECTOR('',#9659,1.0);
#9657=VECTOR('',#9660,1.0);
#9658=DIRECTION('',(0,0,-1));
#9659=DIRECTION('',(0.6965177104329091,0,0.7175396010348823));
#9660=DIRECTION('',(-0.9430121704331851,0,-0.33275824019082295));
#9661=FACE_SURFACE('',(#9666),#9662,.T.);
#9662=PLANE('',#9663);
#9663=AXIS2_PLACEMENT_3D('',#623,#9664,#9665);
#9664=DIRECTION('',(0,-1,0));
#9665=DIRECTION('',(-0.6965177104329091,0,-0.7175396010348823));
#9666=FACE_BOUND('',#9667,.T.);
#9667=EDGE_LOOP('',(#9668,#9669,#9670));
#9668=ORIENTED_EDGE('',*,*,#9671,.T.);
#9669=ORIENTED_EDGE('',*,*,#9672,.T.);
#9670=ORIENTED_EDGE('',*,*,#9673,.T.);
#9671=EDGE_CURVE('',#624,#636,#9674,.F.);
#9672=EDGE_CURVE('',#636,#504,#9675,.T.);
#9673=EDGE_CURVE('',#504,#624,#9676,.T.);
#9674=LINE('',#623,#9677);
#9675=LINE('',#635,#9678);
#9676=LINE('',#503,#9679);
#9677=VECTOR('',#9680,1.0);
#9678=VECTOR('',#9681,1.0);
#9679=VECTOR('',#9682,1.0);
#9680=DIRECTION('',(-0.6965177104329091,0,-0.7175396010348823));
#9681=DIRECTION('',(0.4728120007332293,0,-0.8811633287663762));
#9682=DIRECTION('',(0.47110841846706986,0,0.8820753131391084));
#9683=FACE_SURFACE('',(#9688),#9684,.T.);
#9684=PLANE('',#9685);
#9685=AXIS2_PLACEMENT_3D('',#623,#9686,#9687);
#9686=DIRECTION('',(0,-1,-0));
#9687=DIRECTION('',(-0.47110841846706986,0,-0.8820753131391084));
#9688=FACE_BOUND('',#9689,.T.);
#9689=EDGE_LOOP('',(#9690,#9691,#9692));
#9690=ORIENTED_EDGE('',*,*,#9693,.T.);
#9691=ORIENTED_EDGE('',*,*,#9694,.T.);
#9692=ORIENTED_EDGE('',*,*,#9695,.T.);
#9693=EDGE_CURVE('',#624,#504,#9696,.F.);
#9694=EDGE_CURVE('',#504,#622,#9697,.T.);
#9695=EDGE_CURVE('',#622,#624,#9698,.T.);
#9696=LINE('',#623,#9699);
#9697=LINE('',#503,#9700);
#9698=LINE('',#621,#9701);
#9699=VECTOR('',#9702,1.0);
#9700=VECTOR('',#9703,1.0);
#9701=VECTOR('',#9704,1.0);
#9702=DIRECTION('',(-0.47110841846706986,0,-0.8820753131391084));
#9703=DIRECTION('',(0.9507749890093496,0,0.3098821070572985));
#9704=DIRECTION('',(-1,0,0));
#9705=FACE_SURFACE('',(#9710),#9706,.T.);
#9706=PLANE('',#9707);
#9707=AXIS2_PLACEMENT_3D('',#621,#9708,#9709);
#9708=DIRECTION('',(0,-1,-0));
#9709=DIRECTION('',(-0.9507749890093496,0,-0.3098821070572985));
#9710=FACE_BOUND('',#9711,.T.);
#9711=EDGE_LOOP('',(#9712,#9713,#9714));
#9712=ORIENTED_EDGE('',*,*,#9715,.T.);
#9713=ORIENTED_EDGE('',*,*,#9716,.T.);
#9714=ORIENTED_EDGE('',*,*,#9717,.T.);
#9715=EDGE_CURVE('',#622,#504,#9718,.F.);
#9716=EDGE_CURVE('',#504,#488,#9719,.T.);
#9717=EDGE_CURVE('',#488,#622,#9720,.T.);
#9718=LINE('',#621,#9721);
#9719=LINE('',#503,#9722);
#9720=LINE('',#487,#9723);
#9721=VECTOR('',#9724,1.0);
#9722=VECTOR('',#9725,1.0);
#9723=VECTOR('',#9726,1.0);
#9724=DIRECTION('',(-0.9507749890093496,0,-0.3098821070572985));
#9725=DIRECTION('',(1,0,0));
#9726=DIRECTION('',(-0.9612848044099273,0,0.27555675424595866));
#9727=FACE_SURFACE('',(#9732),#9728,.T.);
#9728=PLANE('',#9729);
#9729=AXIS2_PLACEMENT_3D('',#621,#9730,#9731);
#9730=DIRECTION('',(0,-1,0));
#9731=DIRECTION('',(0.9612848044099273,0,-0.27555675424595866));
#9732=FACE_BOUND('',#9733,.T.);
#9733=EDGE_LOOP('',(#9734,#9735,#9736));
#9734=ORIENTED_EDGE('',*,*,#9737,.T.);
#9735=ORIENTED_EDGE('',*,*,#9738,.T.);
#9736=ORIENTED_EDGE('',*,*,#9739,.T.);
#9737=EDGE_CURVE('',#622,#488,#9740,.F.);
#9738=EDGE_CURVE('',#488,#580,#9741,.T.);
#9739=EDGE_CURVE('',#580,#622,#9742,.T.);
#9740=LINE('',#621,#9743);
#9741=LINE('',#487,#9744);
#9742=LINE('',#579,#9745);
#9743=VECTOR('',#9746,1.0);
#9744=VECTOR('',#9747,1.0);
#9745=VECTOR('',#9748,1.0);
#9746=DIRECTION('',(0.9612848044099273,0,-0.27555675424595866));
#9747=DIRECTION('',(-0.5079460539612398,0,0.8613888821346635));
#9748=DIRECTION('',(-0.9999981618501643,0,0.0019173670207786962));
#9749=FACE_SURFACE('',(#9754),#9750,.T.);
#9750=PLANE('',#9751);
#9751=AXIS2_PLACEMENT_3D('',#579,#9752,#9753);
#9752=DIRECTION('',(0,-1,0));
#9753=DIRECTION('',(0.5079460539612398,0,-0.8613888821346635));
#9754=FACE_BOUND('',#9755,.T.);
#9755=EDGE_LOOP('',(#9756,#9757,#9758));
#9756=ORIENTED_EDGE('',*,*,#9759,.T.);
#9757=ORIENTED_EDGE('',*,*,#9760,.T.);
#9758=ORIENTED_EDGE('',*,*,#9761,.T.);
#9759=EDGE_CURVE('',#580,#488,#9762,.F.);
#9760=EDGE_CURVE('',#488,#578,#9763,.T.);
#9761=EDGE_CURVE('',#578,#580,#9764,.T.);
#9762=LINE('',#579,#9765);
#9763=LINE('',#487,#9766);
#9764=LINE('',#577,#9767);
#9765=VECTOR('',#9768,1.0);
#9766=VECTOR('',#9769,1.0);
#9767=VECTOR('',#9770,1.0);
#9768=DIRECTION('',(0.5079460539612398,0,-0.8613888821346635));
#9769=DIRECTION('',(-0.48029554576125827,0,0.8771067145575245));
#9770=DIRECTION('',(-0.8835131217709267,0,0.4684064086438099));
#9771=FACE_SURFACE('',(#9776),#9772,.T.);
#9772=PLANE('',#9773);
#9773=AXIS2_PLACEMENT_3D('',#577,#9774,#9775);
#9774=DIRECTION('',(0,-1,0));
#9775=DIRECTION('',(0.48029554576125827,0,-0.8771067145575245));
#9776=FACE_BOUND('',#9777,.T.);
#9777=EDGE_LOOP('',(#9778,#9779,#9780));
#9778=ORIENTED_EDGE('',*,*,#9781,.T.);
#9779=ORIENTED_EDGE('',*,*,#9782,.T.);
#9780=ORIENTED_EDGE('',*,*,#9783,.T.);
#9781=EDGE_CURVE('',#578,#488,#9784,.F.);
#9782=EDGE_CURVE('',#488,#576,#9785,.T.);
#9783=EDGE_CURVE('',#576,#578,#9786,.T.);
#9784=LINE('',#577,#9787);
#9785=LINE('',#487,#9788);
#9786=LINE('',#575,#9789);
#9787=VECTOR('',#9790,1.0);
#9788=VECTOR('',#9791,1.0);
#9789=VECTOR('',#9792,1.0);
#9790=DIRECTION('',(0.48029554576125827,0,-0.8771067145575245));
#9791=DIRECTION('',(-0.4399378363181466,0,0.8980282290527997));
#9792=DIRECTION('',(-0.963548854812264,0,0.26753243614555355));
#9793=FACE_SURFACE('',(#9798),#9794,.T.);
#9794=PLANE('',#9795);
#9795=AXIS2_PLACEMENT_3D('',#575,#9796,#9797);
#9796=DIRECTION('',(0,-1,0));
#9797=DIRECTION('',(0.4399378363181466,0,-0.8980282290527997));
#9798=FACE_BOUND('',#9799,.T.);
#9799=EDGE_LOOP('',(#9800,#9801,#9802));
#9800=ORIENTED_EDGE('',*,*,#9803,.T.);
#9801=ORIENTED_EDGE('',*,*,#9804,.T.);
#9802=ORIENTED_EDGE('',*,*,#9805,.T.);
#9803=EDGE_CURVE('',#576,#488,#9806,.F.);
#9804=EDGE_CURVE('',#488,#574,#9807,.T.);
#9805=EDGE_CURVE('',#574,#576,#9808,.T.);
#9806=LINE('',#575,#9809);
#9807=LINE('',#487,#9810);
#9808=LINE('',#573,#9811);
#9809=VECTOR('',#9812,1.0);
#9810=VECTOR('',#9813,1.0);
#9811=VECTOR('',#9814,1.0);
#9812=DIRECTION('',(0.4399378363181466,0,-0.8980282290527997));
#9813=DIRECTION('',(-0.3880055129139569,0,0.9216570522425233));
#9814=DIRECTION('',(-0.9985333316436686,0,0.05414042479141933));
#9815=FACE_SURFACE('',(#9820),#9816,.T.);
#9816=PLANE('',#9817);
#9817=AXIS2_PLACEMENT_3D('',#573,#9818,#9819);
#9818=DIRECTION('',(0,-1,0));
#9819=DIRECTION('',(0.3880055129139569,0,-0.9216570522425233));
#9820=FACE_BOUND('',#9821,.T.);
#9821=EDGE_LOOP('',(#9822,#9823,#9824));
#9822=ORIENTED_EDGE('',*,*,#9825,.T.);
#9823=ORIENTED_EDGE('',*,*,#9826,.T.);
#9824=ORIENTED_EDGE('',*,*,#9827,.T.);
#9825=EDGE_CURVE('',#574,#488,#9828,.F.);
#9826=EDGE_CURVE('',#488,#572,#9829,.T.);
#9827=EDGE_CURVE('',#572,#574,#9830,.T.);
#9828=LINE('',#573,#9831);
#9829=LINE('',#487,#9832);
#9830=LINE('',#571,#9833);
#9831=VECTOR('',#9834,1.0);
#9832=VECTOR('',#9835,1.0);
#9833=VECTOR('',#9836,1.0);
#9834=DIRECTION('',(0.3880055129139569,0,-0.9216570522425233));
#9835=DIRECTION('',(-0.3278670401073682,0,0.9447238771256039));
#9836=DIRECTION('',(-0.9868263359754732,0,-0.16178313455123416));
#9837=FACE_SURFACE('',(#9842),#9838,.T.);
#9838=PLANE('',#9839);
#9839=AXIS2_PLACEMENT_3D('',#571,#9840,#9841);
#9840=DIRECTION('',(0,-1,0));
#9841=DIRECTION('',(0.3278670401073682,0,-0.9447238771256039));
#9842=FACE_BOUND('',#9843,.T.);
#9843=EDGE_LOOP('',(#9844,#9845,#9846));
#9844=ORIENTED_EDGE('',*,*,#9847,.T.);
#9845=ORIENTED_EDGE('',*,*,#9848,.T.);
#9846=ORIENTED_EDGE('',*,*,#9849,.T.);
#9847=EDGE_CURVE('',#572,#488,#9850,.F.);
#9848=EDGE_CURVE('',#488,#570,#9851,.T.);
#9849=EDGE_CURVE('',#570,#572,#9852,.T.);
#9850=LINE('',#571,#9853);
#9851=LINE('',#487,#9854);
#9852=LINE('',#569,#9855);
#9853=VECTOR('',#9856,1.0);
#9854=VECTOR('',#9857,1.0);
#9855=VECTOR('',#9858,1.0);
#9856=DIRECTION('',(0.3278670401073682,0,-0.9447238771256039));
#9857=DIRECTION('',(-0.26498894177983995,0,0.9642514509890046));
#9858=DIRECTION('',(-0.9289782215994071,0,-0.37013438612752925));
#9859=FACE_SURFACE('',(#9864),#9860,.T.);
#9860=PLANE('',#9861);
#9861=AXIS2_PLACEMENT_3D('',#569,#9862,#9863);
#9862=DIRECTION('',(0,-1,0));
#9863=DIRECTION('',(0.26498894177983995,0,-0.9642514509890046));
#9864=FACE_BOUND('',#9865,.T.);
#9865=EDGE_LOOP('',(#9866,#9867,#9868));
#9866=ORIENTED_EDGE('',*,*,#9869,.T.);
#9867=ORIENTED_EDGE('',*,*,#9870,.T.);
#9868=ORIENTED_EDGE('',*,*,#9871,.T.);
#9869=EDGE_CURVE('',#570,#488,#9872,.F.);
#9870=EDGE_CURVE('',#488,#568,#9873,.T.);
#9871=EDGE_CURVE('',#568,#570,#9874,.T.);
#9872=LINE('',#569,#9875);
#9873=LINE('',#487,#9876);
#9874=LINE('',#567,#9877);
#9875=VECTOR('',#9878,1.0);
#9876=VECTOR('',#9879,1.0);
#9877=VECTOR('',#9880,1.0);
#9878=DIRECTION('',(0.26498894177983995,0,-0.9642514509890046));
#9879=DIRECTION('',(-0.20571685172966309,0,0.9786115556820468));
#9880=DIRECTION('',(-0.8276833242310415,0,-0.5611954336858531));
#9881=FACE_SURFACE('',(#9886),#9882,.T.);
#9882=PLANE('',#9883);
#9883=AXIS2_PLACEMENT_3D('',#567,#9884,#9885);
#9884=DIRECTION('',(0,-1,0));
#9885=DIRECTION('',(0.20571685172966309,0,-0.9786115556820468));
#9886=FACE_BOUND('',#9887,.T.);
#9887=EDGE_LOOP('',(#9888,#9889,#9890));
#9888=ORIENTED_EDGE('',*,*,#9891,.T.);
#9889=ORIENTED_EDGE('',*,*,#9892,.T.);
#9890=ORIENTED_EDGE('',*,*,#9893,.T.);
#9891=EDGE_CURVE('',#568,#488,#9894,.F.);
#9892=EDGE_CURVE('',#488,#566,#9895,.T.);
#9893=EDGE_CURVE('',#566,#568,#9896,.T.);
#9894=LINE('',#567,#9897);
#9895=LINE('',#487,#9898);
#9896=LINE('',#565,#9899);
#9897=VECTOR('',#9900,1.0);
#9898=VECTOR('',#9901,1.0);
#9899=VECTOR('',#9902,1.0);
#9900=DIRECTION('',(0.20571685172966309,0,-0.9786115556820468));
#9901=DIRECTION('',(-0.1555312800484008,0,0.9878309677907987));
#9902=DIRECTION('',(-0.6877039532580914,0,-0.7259912345704959));
#9903=FACE_SURFACE('',(#9908),#9904,.T.);
#9904=PLANE('',#9905);
#9905=AXIS2_PLACEMENT_3D('',#565,#9906,#9907);
#9906=DIRECTION('',(0,-1,0));
#9907=DIRECTION('',(0.1555312800484008,0,-0.9878309677907987));
#9908=FACE_BOUND('',#9909,.T.);
#9909=EDGE_LOOP('',(#9910,#9911,#9912));
#9910=ORIENTED_EDGE('',*,*,#9913,.T.);
#9911=ORIENTED_EDGE('',*,*,#9914,.T.);
#9912=ORIENTED_EDGE('',*,*,#9915,.T.);
#9913=EDGE_CURVE('',#566,#488,#9916,.F.);
#9914=EDGE_CURVE('',#488,#564,#9917,.T.);
#9915=EDGE_CURVE('',#564,#566,#9918,.T.);
#9916=LINE('',#565,#9919);
#9917=LINE('',#487,#9920);
#9918=LINE('',#563,#9921);
#9919=VECTOR('',#9922,1.0);
#9920=VECTOR('',#9923,1.0);
#9921=VECTOR('',#9924,1.0);
#9922=DIRECTION('',(0.1555312800484008,0,-0.9878309677907987));
#9923=DIRECTION('',(-0.11786183153630914,0,0.9930300039107111));
#9924=DIRECTION('',(-0.5155472675340078,0,-0.8568611409897278));
#9925=FACE_SURFACE('',(#9930),#9926,.T.);
#9926=PLANE('',#9927);
#9927=AXIS2_PLACEMENT_3D('',#563,#9928,#9929);
#9928=DIRECTION('',(0,-1,0));
#9929=DIRECTION('',(0.11786183153630914,0,-0.9930300039107111));
#9930=FACE_BOUND('',#9931,.T.);
#9931=EDGE_LOOP('',(#9932,#9933,#9934));
#9932=ORIENTED_EDGE('',*,*,#9935,.T.);
#9933=ORIENTED_EDGE('',*,*,#9936,.T.);
#9934=ORIENTED_EDGE('',*,*,#9937,.T.);
#9935=EDGE_CURVE('',#564,#488,#9938,.F.);
#9936=EDGE_CURVE('',#488,#562,#9939,.T.);
#9937=EDGE_CURVE('',#562,#564,#9940,.T.);
#9938=LINE('',#563,#9941);
#9939=LINE('',#487,#9942);
#9940=LINE('',#561,#9943);
#9941=VECTOR('',#9944,1.0);
#9942=VECTOR('',#9945,1.0);
#9943=VECTOR('',#9946,1.0);
#9944=DIRECTION('',(0.11786183153630914,0,-0.9930300039107111));
#9945=DIRECTION('',(-0.09391903075064416,0,0.9955798389194408));
#9946=DIRECTION('',(-0.3193062523892255,0,-0.9476515800573267));
#9947=FACE_SURFACE('',(#9952),#9948,.T.);
#9948=PLANE('',#9949);
#9949=AXIS2_PLACEMENT_3D('',#561,#9950,#9951);
#9950=DIRECTION('',(0,-1,0));
#9951=DIRECTION('',(0.09391903075064416,0,-0.9955798389194408));
#9952=FACE_BOUND('',#9953,.T.);
#9953=EDGE_LOOP('',(#9954,#9955,#9956));
#9954=ORIENTED_EDGE('',*,*,#9957,.T.);
#9955=ORIENTED_EDGE('',*,*,#9958,.T.);
#9956=ORIENTED_EDGE('',*,*,#9959,.T.);
#9957=EDGE_CURVE('',#562,#488,#9960,.F.);
#9958=EDGE_CURVE('',#488,#560,#9961,.T.);
#9959=EDGE_CURVE('',#560,#562,#9962,.T.);
#9960=LINE('',#561,#9963);
#9961=LINE('',#487,#9964);
#9962=LINE('',#559,#9965);
#9963=VECTOR('',#9966,1.0);
#9964=VECTOR('',#9967,1.0);
#9965=VECTOR('',#9968,1.0);
#9966=DIRECTION('',(0.09391903075064416,0,-0.9955798389194408));
#9967=DIRECTION('',(-0.08326369389629719,0,0.9965275496837724));
#9968=DIRECTION('',(-0.10810519300321617,0,-0.9941394606622038));
#9969=FACE_SURFACE('',(#9974),#9970,.T.);
#9970=PLANE('',#9971);
#9971=AXIS2_PLACEMENT_3D('',#559,#9972,#9973);
#9972=DIRECTION('',(0,-1,0));
#9973=DIRECTION('',(0.08326369389629719,0,-0.9965275496837724));
#9974=FACE_BOUND('',#9975,.T.);
#9975=EDGE_LOOP('',(#9976,#9977,#9978));
#9976=ORIENTED_EDGE('',*,*,#9979,.T.);
#9977=ORIENTED_EDGE('',*,*,#9980,.T.);
#9978=ORIENTED_EDGE('',*,*,#9981,.T.);
#9979=EDGE_CURVE('',#560,#488,#9982,.F.);
#9980=EDGE_CURVE('',#488,#486,#9983,.T.);
#9981=EDGE_CURVE('',#486,#560,#9984,.T.);
#9982=LINE('',#559,#9985);
#9983=LINE('',#487,#9986);
#9984=LINE('',#485,#9987);
#9985=VECTOR('',#9988,1.0);
#9986=VECTOR('',#9989,1.0);
#9987=VECTOR('',#9990,1.0);
#9988=DIRECTION('',(0.08326369389629719,0,-0.9965275496837724));
#9989=DIRECTION('',(0,0,1));
#9990=DIRECTION('',(-0.041189986589282,0,-0.9991513323840262));
#9991=FACE_SURFACE('',(#9996),#9992,.T.);
#9992=PLANE('',#9993);
#9993=AXIS2_PLACEMENT_3D('',#559,#9994,#9995);
#9994=DIRECTION('',(0,-1,0));
#9995=DIRECTION('',(0.041189986589282,0,0.9991513323840262));
#9996=FACE_BOUND('',#9997,.T.);
#9997=EDGE_LOOP('',(#9998,#9999,#10000));
#9998=ORIENTED_EDGE('',*,*,#10001,.T.);
#9999=ORIENTED_EDGE('',*,*,#10002,.T.);
#10000=ORIENTED_EDGE('',*,*,#10003,.T.);
#10001=EDGE_CURVE('',#560,#486,#10004,.F.);
#10002=EDGE_CURVE('',#486,#616,#10005,.T.);
#10003=EDGE_CURVE('',#616,#560,#10006,.T.);
#10004=LINE('',#559,#10007);
#10005=LINE('',#485,#10008);
#10006=LINE('',#615,#10009);
#10007=VECTOR('',#10010,1.0);
#10008=VECTOR('',#10011,1.0);
#10009=VECTOR('',#10012,1.0);
#10010=DIRECTION('',(0.041189986589282,0,0.9991513323840262));
#10011=DIRECTION('',(-0.045212937211401696,0,-0.9989773722706226));
#10012=DIRECTION('',(0.10810490422285883,0,-0.9941394920648543));
#10013=FACE_SURFACE('',(#10018),#10014,.T.);
#10014=PLANE('',#10015);
#10015=AXIS2_PLACEMENT_3D('',#615,#10016,#10017);
#10016=DIRECTION('',(0,-1,0));
#10017=DIRECTION('',(0.045212937211401696,0,0.9989773722706226));
#10018=FACE_BOUND('',#10019,.T.);
#10019=EDGE_LOOP('',(#10020,#10021,#10022));
#10020=ORIENTED_EDGE('',*,*,#10023,.T.);
#10021=ORIENTED_EDGE('',*,*,#10024,.T.);
#10022=ORIENTED_EDGE('',*,*,#10025,.T.);
#10023=EDGE_CURVE('',#616,#486,#10026,.F.);
#10024=EDGE_CURVE('',#486,#506,#10027,.T.);
#10025=EDGE_CURVE('',#506,#616,#10028,.T.);
#10026=LINE('',#615,#10029);
#10027=LINE('',#485,#10030);
#10028=LINE('',#505,#10031);
#10029=VECTOR('',#10032,1.0);
#10030=VECTOR('',#10033,1.0);
#10031=VECTOR('',#10034,1.0);
#10032=DIRECTION('',(0.045212937211401696,0,0.9989773722706226));
#10033=DIRECTION('',(-0.08852684107933023,0,-0.9960737916482468));
#10034=DIRECTION('',(0.11914124000225207,0,-0.9928773161527691));
#10035=FACE_SURFACE('',(#10040),#10036,.T.);
#10036=PLANE('',#10037);
#10037=AXIS2_PLACEMENT_3D('',#615,#10038,#10039);
#10038=DIRECTION('',(0,-1,0));
#10039=DIRECTION('',(-0.11914124000225207,0,0.9928773161527691));
#10040=FACE_BOUND('',#10041,.T.);
#10041=EDGE_LOOP('',(#10042,#10043,#10044));
#10042=ORIENTED_EDGE('',*,*,#10045,.T.);
#10043=ORIENTED_EDGE('',*,*,#10046,.T.);
#10044=ORIENTED_EDGE('',*,*,#10047,.T.);
#10045=EDGE_CURVE('',#616,#506,#10048,.F.);
#10046=EDGE_CURVE('',#506,#614,#10049,.T.);
#10047=EDGE_CURVE('',#614,#616,#10050,.T.);
#10048=LINE('',#615,#10051);
#10049=LINE('',#505,#10052);
#10050=LINE('',#613,#10053);
#10051=VECTOR('',#10054,1.0);
#10052=VECTOR('',#10055,1.0);
#10053=VECTOR('',#10056,1.0);
#10054=DIRECTION('',(-0.11914124000225207,0,0.9928773161527691));
#10055=DIRECTION('',(0.08926751032591813,0,-0.9960076865166313));
#10056=DIRECTION('',(0.3193054393170726,0,-0.9476518540173554));
#10057=FACE_SURFACE('',(#10062),#10058,.T.);
#10058=PLANE('',#10059);
#10059=AXIS2_PLACEMENT_3D('',#613,#10060,#10061);
#10060=DIRECTION('',(0,-1,0));
#10061=DIRECTION('',(-0.08926751032591813,0,0.9960076865166313));
#10062=FACE_BOUND('',#10063,.T.);
#10063=EDGE_LOOP('',(#10064,#10065,#10066));
#10064=ORIENTED_EDGE('',*,*,#10067,.T.);
#10065=ORIENTED_EDGE('',*,*,#10068,.T.);
#10066=ORIENTED_EDGE('',*,*,#10069,.T.);
#10067=EDGE_CURVE('',#614,#506,#10070,.F.);
#10068=EDGE_CURVE('',#506,#508,#10071,.T.);
#10069=EDGE_CURVE('',#508,#614,#10072,.T.);
#10070=LINE('',#613,#10073);
#10071=LINE('',#505,#10074);
#10072=LINE('',#507,#10075);
#10073=VECTOR('',#10076,1.0);
#10074=VECTOR('',#10077,1.0);
#10075=VECTOR('',#10078,1.0);
#10076=DIRECTION('',(-0.08926751032591813,0,0.9960076865166313));
#10077=DIRECTION('',(-0.11608293063333631,0,-0.9932395245939301));
#10078=DIRECTION('',(0.12107153241976507,0,-0.9926437850697145));
#10079=FACE_SURFACE('',(#10084),#10080,.T.);
#10080=PLANE('',#10081);
#10081=AXIS2_PLACEMENT_3D('',#613,#10082,#10083);
#10082=DIRECTION('',(0,-1,0));
#10083=DIRECTION('',(-0.12107153241976507,0,0.9926437850697145));
#10084=FACE_BOUND('',#10085,.T.);
#10085=EDGE_LOOP('',(#10086,#10087,#10088));
#10086=ORIENTED_EDGE('',*,*,#10089,.T.);
#10087=ORIENTED_EDGE('',*,*,#10090,.T.);
#10088=ORIENTED_EDGE('',*,*,#10091,.T.);
#10089=EDGE_CURVE('',#614,#508,#10092,.F.);
#10090=EDGE_CURVE('',#508,#612,#10093,.T.);
#10091=EDGE_CURVE('',#612,#614,#10094,.T.);
#10092=LINE('',#613,#10095);
#10093=LINE('',#507,#10096);
#10094=LINE('',#611,#10097);
#10095=VECTOR('',#10098,1.0);
#10096=VECTOR('',#10099,1.0);
#10097=VECTOR('',#10100,1.0);
#10098=DIRECTION('',(-0.12107153241976507,0,0.9926437850697145));
#10099=DIRECTION('',(0.03966226637204223,0,-0.9992131427409435));
#10100=DIRECTION('',(0.5155484545450275,0,-0.8568604268002075));
#10101=FACE_SURFACE('',(#10106),#10102,.T.);
#10102=PLANE('',#10103);
#10103=AXIS2_PLACEMENT_3D('',#611,#10104,#10105);
#10104=DIRECTION('',(0,-1,0));
#10105=DIRECTION('',(-0.03966226637204223,0,0.9992131427409435));
#10106=FACE_BOUND('',#10107,.T.);
#10107=EDGE_LOOP('',(#10108,#10109,#10110));
#10108=ORIENTED_EDGE('',*,*,#10111,.T.);
#10109=ORIENTED_EDGE('',*,*,#10112,.T.);
#10110=ORIENTED_EDGE('',*,*,#10113,.T.);
#10111=EDGE_CURVE('',#612,#508,#10114,.F.);
#10112=EDGE_CURVE('',#508,#510,#10115,.T.);
#10113=EDGE_CURVE('',#510,#612,#10116,.T.);
#10114=LINE('',#611,#10117);
#10115=LINE('',#507,#10118);
#10116=LINE('',#509,#10119);
#10117=VECTOR('',#10120,1.0);
#10118=VECTOR('',#10121,1.0);
#10119=VECTOR('',#10122,1.0);
#10120=DIRECTION('',(-0.03966226637204223,0,0.9992131427409435));
#10121=DIRECTION('',(-0.342008135769494,0,-0.9396969910920623));
#10122=DIRECTION('',(0.12353345790186775,0,-0.9923404077123976));
#10123=FACE_SURFACE('',(#10128),#10124,.T.);
#10124=PLANE('',#10125);
#10125=AXIS2_PLACEMENT_3D('',#611,#10126,#10127);
#10126=DIRECTION('',(0,-1,0));
#10127=DIRECTION('',(-0.12353345790186775,0,0.9923404077123976));
#10128=FACE_BOUND('',#10129,.T.);
#10129=EDGE_LOOP('',(#10130,#10131,#10132));
#10130=ORIENTED_EDGE('',*,*,#10133,.T.);
#10131=ORIENTED_EDGE('',*,*,#10134,.T.);
#10132=ORIENTED_EDGE('',*,*,#10135,.T.);
#10133=EDGE_CURVE('',#612,#510,#10136,.F.);
#10134=EDGE_CURVE('',#510,#610,#10137,.T.);
#10135=EDGE_CURVE('',#610,#612,#10138,.T.);
#10136=LINE('',#611,#10139);
#10137=LINE('',#509,#10140);
#10138=LINE('',#609,#10141);
#10139=VECTOR('',#10142,1.0);
#10140=VECTOR('',#10143,1.0);
#10141=VECTOR('',#10144,1.0);
#10142=DIRECTION('',(-0.12353345790186775,0,0.9923404077123976));
#10143=DIRECTION('',(-0.05099897819214832,0,-0.9986987054278968));
#10144=DIRECTION('',(0.6877039532580939,0,-0.7259912345704936));
#10145=FACE_SURFACE('',(#10150),#10146,.T.);
#10146=PLANE('',#10147);
#10147=AXIS2_PLACEMENT_3D('',#609,#10148,#10149);
#10148=DIRECTION('',(0,-1,0));
#10149=DIRECTION('',(0.05099897819214832,0,0.9986987054278968));
#10150=FACE_BOUND('',#10151,.T.);
#10151=EDGE_LOOP('',(#10152,#10153,#10154));
#10152=ORIENTED_EDGE('',*,*,#10155,.T.);
#10153=ORIENTED_EDGE('',*,*,#10156,.T.);
#10154=ORIENTED_EDGE('',*,*,#10157,.T.);
#10155=EDGE_CURVE('',#610,#510,#10158,.F.);
#10156=EDGE_CURVE('',#510,#512,#10159,.T.);
#10157=EDGE_CURVE('',#512,#610,#10160,.T.);
#10158=LINE('',#609,#10161);
#10159=LINE('',#509,#10162);
#10160=LINE('',#511,#10163);
#10161=VECTOR('',#10164,1.0);
#10162=VECTOR('',#10165,1.0);
#10163=VECTOR('',#10166,1.0);
#10164=DIRECTION('',(0.05099897819214832,0,0.9986987054278968));
#10165=DIRECTION('',(-0.5495067195921342,0,-0.8354892968333537));
#10166=DIRECTION('',(0.12569478189282673,0,-0.9920689602063532));
#10167=FACE_SURFACE('',(#10172),#10168,.T.);
#10168=PLANE('',#10169);
#10169=AXIS2_PLACEMENT_3D('',#609,#10170,#10171);
#10170=DIRECTION('',(0,-1,0));
#10171=DIRECTION('',(-0.12569478189282673,0,0.9920689602063532));
#10172=FACE_BOUND('',#10173,.T.);
#10173=EDGE_LOOP('',(#10174,#10175,#10176));
#10174=ORIENTED_EDGE('',*,*,#10177,.T.);
#10175=ORIENTED_EDGE('',*,*,#10178,.T.);
#10176=ORIENTED_EDGE('',*,*,#10179,.T.);
#10177=EDGE_CURVE('',#610,#512,#10180,.F.);
#10178=EDGE_CURVE('',#512,#608,#10181,.T.);
#10179=EDGE_CURVE('',#608,#610,#10182,.T.);
#10180=LINE('',#609,#10183);
#10181=LINE('',#511,#10184);
#10182=LINE('',#607,#10185);
#10183=VECTOR('',#10186,1.0);
#10184=VECTOR('',#10187,1.0);
#10185=VECTOR('',#10188,1.0);
#10186=DIRECTION('',(-0.12569478189282673,0,0.9920689602063532));
#10187=DIRECTION('',(-0.2322149303518695,0,-0.9726644982323949));
#10188=DIRECTION('',(0.8276845723555905,0,-0.5611935928755276));
#10189=FACE_SURFACE('',(#10194),#10190,.T.);
#10190=PLANE('',#10191);
#10191=AXIS2_PLACEMENT_3D('',#607,#10192,#10193);
#10192=DIRECTION('',(0,-1,0));
#10193=DIRECTION('',(0.2322149303518695,0,0.9726644982323949));
#10194=FACE_BOUND('',#10195,.T.);
#10195=EDGE_LOOP('',(#10196,#10197,#10198));
#10196=ORIENTED_EDGE('',*,*,#10199,.T.);
#10197=ORIENTED_EDGE('',*,*,#10200,.T.);
#10198=ORIENTED_EDGE('',*,*,#10201,.T.);
#10199=EDGE_CURVE('',#608,#512,#10202,.F.);
#10200=EDGE_CURVE('',#512,#514,#10203,.T.);
#10201=EDGE_CURVE('',#514,#608,#10204,.T.);
#10202=LINE('',#607,#10205);
#10203=LINE('',#511,#10206);
#10204=LINE('',#513,#10207);
#10205=VECTOR('',#10208,1.0);
#10206=VECTOR('',#10209,1.0);
#10207=VECTOR('',#10210,1.0);
#10208=DIRECTION('',(0.2322149303518695,0,0.9726644982323949));
#10209=DIRECTION('',(-0.7273778314162707,0,-0.6862371968672082));
#10210=DIRECTION('',(0.12229898452231186,0,-0.9924933039496092));
#10211=FACE_SURFACE('',(#10216),#10212,.T.);
#10212=PLANE('',#10213);
#10213=AXIS2_PLACEMENT_3D('',#607,#10214,#10215);
#10214=DIRECTION('',(0,-1,0));
#10215=DIRECTION('',(-0.12229898452231186,0,0.9924933039496092));
#10216=FACE_BOUND('',#10217,.T.);
#10217=EDGE_LOOP('',(#10218,#10219,#10220));
#10218=ORIENTED_EDGE('',*,*,#10221,.T.);
#10219=ORIENTED_EDGE('',*,*,#10222,.T.);
#10220=ORIENTED_EDGE('',*,*,#10223,.T.);
#10221=EDGE_CURVE('',#608,#514,#10224,.F.);
#10222=EDGE_CURVE('',#514,#516,#10225,.T.);
#10223=EDGE_CURVE('',#516,#608,#10226,.T.);
#10224=LINE('',#607,#10227);
#10225=LINE('',#513,#10228);
#10226=LINE('',#515,#10229);
#10227=VECTOR('',#10230,1.0);
#10228=VECTOR('',#10231,1.0);
#10229=VECTOR('',#10232,1.0);
#10230=DIRECTION('',(-0.12229898452231186,0,0.9924933039496092));
#10231=DIRECTION('',(-0.866026564185709,0,-0.4999979901206565));
#10232=DIRECTION('',(0.707431841612242,0,-0.7067815712602527));
#10233=FACE_SURFACE('',(#10238),#10234,.T.);
#10234=PLANE('',#10235);
#10235=AXIS2_PLACEMENT_3D('',#493,#10236,#10237);
#10236=DIRECTION('',(0,-1,0));
#10237=DIRECTION('',(-0.6783227420452678,0,0.7347640829709828));
#10238=FACE_BOUND('',#10239,.T.);
#10239=EDGE_LOOP('',(#10240,#10241,#10242));
#10240=ORIENTED_EDGE('',*,*,#10243,.T.);
#10241=ORIENTED_EDGE('',*,*,#10244,.T.);
#10242=ORIENTED_EDGE('',*,*,#10245,.T.);
#10243=EDGE_CURVE('',#494,#640,#10246,.F.);
#10244=EDGE_CURVE('',#640,#492,#10247,.T.);
#10245=EDGE_CURVE('',#492,#494,#10248,.T.);
#10246=LINE('',#493,#10249);
#10247=LINE('',#639,#10250);
#10248=LINE('',#491,#10251);
#10249=VECTOR('',#10252,1.0);
#10250=VECTOR('',#10253,1.0);
#10251=VECTOR('',#10254,1.0);
#10252=DIRECTION('',(-0.6783227420452678,0,0.7347640829709828));
#10253=DIRECTION('',(-0.14878426740249517,0,-0.9888696788624386));
#10254=DIRECTION('',(1,0,0));
#10255=FACE_SURFACE('',(#10260),#10256,.T.);
#10256=PLANE('',#10257);
#10257=AXIS2_PLACEMENT_3D('',#491,#10258,#10259);
#10258=DIRECTION('',(0,-1,0));
#10259=DIRECTION('',(0.14878426740249517,0,0.9888696788624386));
#10260=FACE_BOUND('',#10261,.T.);
#10261=EDGE_LOOP('',(#10262,#10263,#10264));
#10262=ORIENTED_EDGE('',*,*,#10265,.T.);
#10263=ORIENTED_EDGE('',*,*,#10266,.T.);
#10264=ORIENTED_EDGE('',*,*,#10267,.T.);
#10265=EDGE_CURVE('',#492,#640,#10268,.F.);
#10266=EDGE_CURVE('',#640,#634,#10269,.T.);
#10267=EDGE_CURVE('',#634,#492,#10270,.T.);
#10268=LINE('',#491,#10271);
#10269=LINE('',#639,#10272);
#10270=LINE('',#633,#10273);
#10271=VECTOR('',#10274,1.0);
#10272=VECTOR('',#10275,1.0);
#10273=VECTOR('',#10276,1.0);
#10274=DIRECTION('',(0.14878426740249517,0,0.9888696788624386));
#10275=DIRECTION('',(0,0,1));
#10276=DIRECTION('',(-0.08236915695496588,0,-0.9966018874066656));
#10277=FACE_SURFACE('',(#10282),#10278,.T.);
#10278=PLANE('',#10279);
#10279=AXIS2_PLACEMENT_3D('',#491,#10280,#10281);
#10280=DIRECTION('',(0,-1,0));
#10281=DIRECTION('',(0.08236915695496588,0,0.9966018874066656));
#10282=FACE_BOUND('',#10283,.T.);
#10283=EDGE_LOOP('',(#10284,#10285,#10286));
#10284=ORIENTED_EDGE('',*,*,#10287,.T.);
#10285=ORIENTED_EDGE('',*,*,#10288,.T.);
#10286=ORIENTED_EDGE('',*,*,#10289,.T.);
#10287=EDGE_CURVE('',#492,#634,#10290,.F.);
#10288=EDGE_CURVE('',#634,#502,#10291,.T.);
#10289=EDGE_CURVE('',#502,#492,#10292,.T.);
#10290=LINE('',#491,#10293);
#10291=LINE('',#633,#10294);
#10292=LINE('',#501,#10295);
#10293=VECTOR('',#10296,1.0);
#10294=VECTOR('',#10297,1.0);
#10295=VECTOR('',#10298,1.0);
#10296=DIRECTION('',(0.08236915695496588,0,0.9966018874066656));
#10297=DIRECTION('',(-0.07619089788577509,0,0.9970932489388138));
#10298=DIRECTION('',(-0.01604810847256837,0,-0.9998712208151871));
#10299=FACE_SURFACE('',(#10304),#10300,.T.);
#10300=PLANE('',#10301);
#10301=AXIS2_PLACEMENT_3D('',#639,#10302,#10303);
#10302=DIRECTION('',(0,-1,0));
#10303=DIRECTION('',(0.6783227420452678,0,-0.7347640829709828));
#10304=FACE_BOUND('',#10305,.T.);
#10305=EDGE_LOOP('',(#10306,#10307,#10308));
#10306=ORIENTED_EDGE('',*,*,#10309,.T.);
#10307=ORIENTED_EDGE('',*,*,#10310,.T.);
#10308=ORIENTED_EDGE('',*,*,#10311,.T.);
#10309=EDGE_CURVE('',#640,#494,#10312,.F.);
#10310=EDGE_CURVE('',#494,#638,#10313,.T.);
#10311=EDGE_CURVE('',#638,#640,#10314,.T.);
#10312=LINE('',#639,#10315);
#10313=LINE('',#493,#10316);
#10314=LINE('',#637,#10317);
#10315=VECTOR('',#10318,1.0);
#10316=VECTOR('',#10319,1.0);
#10317=VECTOR('',#10320,1.0);
#10318=DIRECTION('',(0.6783227420452678,0,-0.7347640829709828));
#10319=DIRECTION('',(-0.10176025441798452,0,0.994808951819789));
#10320=DIRECTION('',(-1,0,0));
#10321=FACE_SURFACE('',(#10326),#10322,.T.);
#10322=PLANE('',#10323);
#10323=AXIS2_PLACEMENT_3D('',#637,#10324,#10325);
#10324=DIRECTION('',(0,-1,0));
#10325=DIRECTION('',(0.10176025441798452,0,-0.994808951819789));
#10326=FACE_BOUND('',#10327,.T.);
#10327=EDGE_LOOP('',(#10328,#10329,#10330));
#10328=ORIENTED_EDGE('',*,*,#10331,.T.);
#10329=ORIENTED_EDGE('',*,*,#10332,.T.);
#10330=ORIENTED_EDGE('',*,*,#10333,.T.);
#10331=EDGE_CURVE('',#638,#494,#10334,.F.);
#10332=EDGE_CURVE('',#494,#504,#10335,.T.);
#10333=EDGE_CURVE('',#504,#638,#10336,.T.);
#10334=LINE('',#637,#10337);
#10335=LINE('',#493,#10338);
#10336=LINE('',#503,#10339);
#10337=VECTOR('',#10340,1.0);
#10338=VECTOR('',#10341,1.0);
#10339=VECTOR('',#10342,1.0);
#10340=DIRECTION('',(0.10176025441798452,0,-0.994808951819789));
#10341=DIRECTION('',(0,0,1));
#10342=DIRECTION('',(-0.16031837751948266,0,-0.9870653564123912));
#10343=FACE_SURFACE('',(#10348),#10344,.T.);
#10344=PLANE('',#10345);
#10345=AXIS2_PLACEMENT_3D('',#637,#10346,#10347);
#10346=DIRECTION('',(0,-1,0));
#10347=DIRECTION('',(0.16031837751948266,0,0.9870653564123912));
#10348=FACE_BOUND('',#10349,.T.);
#10349=EDGE_LOOP('',(#10350,#10351,#10352));
#10350=ORIENTED_EDGE('',*,*,#10353,.T.);
#10351=ORIENTED_EDGE('',*,*,#10354,.T.);
#10352=ORIENTED_EDGE('',*,*,#10355,.T.);
#10353=EDGE_CURVE('',#638,#504,#10356,.F.);
#10354=EDGE_CURVE('',#504,#636,#10357,.T.);
#10355=EDGE_CURVE('',#636,#638,#10358,.T.);
#10356=LINE('',#637,#10359);
#10357=LINE('',#503,#10360);
#10358=LINE('',#635,#10361);
#10359=VECTOR('',#10362,1.0);
#10360=VECTOR('',#10363,1.0);
#10361=VECTOR('',#10364,1.0);
#10362=DIRECTION('',(0.16031837751948266,0,0.9870653564123912));
#10363=DIRECTION('',(-0.4728120007332293,0,0.8811633287663762));
#10364=DIRECTION('',(0,0,-1));
#10365=FACE_SURFACE('',(#10370),#10366,.T.);
#10366=PLANE('',#10367);
#10367=AXIS2_PLACEMENT_3D('',#489,#10368,#10369);
#10368=DIRECTION('',(0,-1,0));
#10369=DIRECTION('',(0.9989536273433806,0,-0.045734564800622934));
#10370=FACE_BOUND('',#10371,.T.);
#10371=EDGE_LOOP('',(#10372,#10373,#10374));
#10372=ORIENTED_EDGE('',*,*,#10375,.T.);
#10373=ORIENTED_EDGE('',*,*,#10376,.T.);
#10374=ORIENTED_EDGE('',*,*,#10377,.T.);
#10375=EDGE_CURVE('',#490,#620,#10378,.F.);
#10376=EDGE_CURVE('',#620,#486,#10379,.T.);
#10377=EDGE_CURVE('',#486,#490,#10380,.T.);
#10378=LINE('',#489,#10381);
#10379=LINE('',#619,#10382);
#10380=LINE('',#485,#10383);
#10381=VECTOR('',#10384,1.0);
#10382=VECTOR('',#10385,1.0);
#10383=VECTOR('',#10386,1.0);
#10384=DIRECTION('',(0.9989536273433806,0,-0.045734564800622934));
#10385=DIRECTION('',(0.998103448718413,0,0.061558960813273056));
#10386=DIRECTION('',(-1,0,0));
#10387=FACE_SURFACE('',(#10392),#10388,.T.);
#10388=PLANE('',#10389);
#10389=AXIS2_PLACEMENT_3D('',#485,#10390,#10391);
#10390=DIRECTION('',(0,-1,0));
#10391=DIRECTION('',(-0.998103448718413,0,-0.061558960813273056));
#10392=FACE_BOUND('',#10393,.T.);
#10393=EDGE_LOOP('',(#10394,#10395,#10396));
#10394=ORIENTED_EDGE('',*,*,#10397,.T.);
#10395=ORIENTED_EDGE('',*,*,#10398,.T.);
#10396=ORIENTED_EDGE('',*,*,#10399,.T.);
#10397=EDGE_CURVE('',#486,#620,#10400,.F.);
#10398=EDGE_CURVE('',#620,#542,#10401,.T.);
#10399=EDGE_CURVE('',#542,#486,#10402,.T.);
#10400=LINE('',#485,#10403);
#10401=LINE('',#619,#10404);
#10402=LINE('',#541,#10405);
#10403=VECTOR('',#10406,1.0);
#10404=VECTOR('',#10407,1.0);
#10405=VECTOR('',#10408,1.0);
#10406=DIRECTION('',(-0.998103448718413,0,-0.061558960813273056));
#10407=DIRECTION('',(0.8884545304600189,0,-0.45896464711899915));
#10408=DIRECTION('',(0.31498206714741617,0,0.9490976226793219));
#10409=FACE_SURFACE('',(#10414),#10410,.T.);
#10410=PLANE('',#10411);
#10411=AXIS2_PLACEMENT_3D('',#485,#10412,#10413);
#10412=DIRECTION('',(0,-1,0));
#10413=DIRECTION('',(-0.31498206714741617,0,-0.9490976226793219));
#10414=FACE_BOUND('',#10415,.T.);
#10415=EDGE_LOOP('',(#10416,#10417,#10418));
#10416=ORIENTED_EDGE('',*,*,#10419,.T.);
#10417=ORIENTED_EDGE('',*,*,#10420,.T.);
#10418=ORIENTED_EDGE('',*,*,#10421,.T.);
#10419=EDGE_CURVE('',#486,#542,#10422,.F.);
#10420=EDGE_CURVE('',#542,#544,#10423,.T.);
#10421=EDGE_CURVE('',#544,#486,#10424,.T.);
#10422=LINE('',#485,#10425);
#10423=LINE('',#541,#10426);
#10424=LINE('',#543,#10427);
#10425=VECTOR('',#10428,1.0);
#10426=VECTOR('',#10429,1.0);
#10427=VECTOR('',#10430,1.0);
#10428=DIRECTION('',(-0.31498206714741617,0,-0.9490976226793219));
#10429=DIRECTION('',(0.9182143894479197,0,0.3960837474711429));
#10430=DIRECTION('',(0.2902629680416606,0,0.95694692088101));
#10431=FACE_SURFACE('',(#10436),#10432,.T.);
#10432=PLANE('',#10433);
#10433=AXIS2_PLACEMENT_3D('',#489,#10434,#10435);
#10434=DIRECTION('',(0,-1,0));
#10435=DIRECTION('',(0,0,-1));
#10436=FACE_BOUND('',#10437,.T.);
#10437=EDGE_LOOP('',(#10438,#10439,#10440));
#10438=ORIENTED_EDGE('',*,*,#10441,.T.);
#10439=ORIENTED_EDGE('',*,*,#10442,.T.);
#10440=ORIENTED_EDGE('',*,*,#10443,.T.);
#10441=EDGE_CURVE('',#490,#492,#10444,.F.);
#10442=EDGE_CURVE('',#492,#502,#10445,.T.);
#10443=EDGE_CURVE('',#502,#490,#10446,.T.);
#10444=LINE('',#489,#10447);
#10445=LINE('',#491,#10448);
#10446=LINE('',#501,#10449);
#10447=VECTOR('',#10450,1.0);
#10448=VECTOR('',#10451,1.0);
#10449=VECTOR('',#10452,1.0);
#10450=DIRECTION('',(0,0,-1));
#10451=DIRECTION('',(0.01604810847256837,0,0.9998712208151871));
#10452=DIRECTION('',(-0.05080746622551475,0,0.9987084666586858));
#10453=FACE_SURFACE('',(#10458),#10454,.T.);
#10454=PLANE('',#10455);
#10455=AXIS2_PLACEMENT_3D('',#607,#10456,#10457);
#10456=DIRECTION('',(0,-1,0));
#10457=DIRECTION('',(-0.707431841612242,0,0.7067815712602527));
#10458=FACE_BOUND('',#10459,.T.);
#10459=EDGE_LOOP('',(#10460,#10461,#10462));
#10460=ORIENTED_EDGE('',*,*,#10463,.T.);
#10461=ORIENTED_EDGE('',*,*,#10464,.T.);
#10462=ORIENTED_EDGE('',*,*,#10465,.T.);
#10463=EDGE_CURVE('',#608,#516,#10466,.F.);
#10464=EDGE_CURVE('',#516,#606,#10467,.T.);
#10465=EDGE_CURVE('',#606,#608,#10468,.T.);
#10466=LINE('',#607,#10469);
#10467=LINE('',#515,#10470);
#10468=LINE('',#605,#10471);
#10469=VECTOR('',#10472,1.0);
#10470=VECTOR('',#10473,1.0);
#10471=VECTOR('',#10474,1.0);
#10472=DIRECTION('',(-0.707431841612242,0,0.7067815712602527));
#10473=DIRECTION('',(0.07802945257701138,0,-0.9969510542301122));
#10474=DIRECTION('',(0.9289782215994071,0,-0.37013438612752925));
#10475=FACE_SURFACE('',(#10480),#10476,.T.);
#10476=PLANE('',#10477);
#10477=AXIS2_PLACEMENT_3D('',#605,#10478,#10479);
#10478=DIRECTION('',(0,-1,0));
#10479=DIRECTION('',(-0.07802945257701138,0,0.9969510542301122));
#10480=FACE_BOUND('',#10481,.T.);
#10481=EDGE_LOOP('',(#10482,#10483,#10484));
#10482=ORIENTED_EDGE('',*,*,#10485,.T.);
#10483=ORIENTED_EDGE('',*,*,#10486,.T.);
#10484=ORIENTED_EDGE('',*,*,#10487,.T.);
#10485=EDGE_CURVE('',#606,#516,#10488,.F.);
#10486=EDGE_CURVE('',#516,#518,#10489,.T.);
#10487=EDGE_CURVE('',#518,#606,#10490,.T.);
#10488=LINE('',#605,#10491);
#10489=LINE('',#515,#10492);
#10490=LINE('',#517,#10493);
#10491=VECTOR('',#10494,1.0);
#10492=VECTOR('',#10495,1.0);
#10493=VECTOR('',#10496,1.0);
#10494=DIRECTION('',(-0.07802945257701138,0,0.9969510542301122));
#10495=DIRECTION('',(-0.9579899158350417,0,-0.28680188485846786));
#10496=DIRECTION('',(0.9391815326364056,0,-0.34342109538397936));
#10497=FACE_SURFACE('',(#10502),#10498,.T.);
#10498=PLANE('',#10499);
#10499=AXIS2_PLACEMENT_3D('',#605,#10500,#10501);
#10500=DIRECTION('',(0,-1,0));
#10501=DIRECTION('',(-0.9391815326364056,0,0.34342109538397936));
#10502=FACE_BOUND('',#10503,.T.);
#10503=EDGE_LOOP('',(#10504,#10505,#10506));
#10504=ORIENTED_EDGE('',*,*,#10507,.T.);
#10505=ORIENTED_EDGE('',*,*,#10508,.T.);
#10506=ORIENTED_EDGE('',*,*,#10509,.T.);
#10507=EDGE_CURVE('',#606,#518,#10510,.F.);
#10508=EDGE_CURVE('',#518,#604,#10511,.T.);
#10509=EDGE_CURVE('',#604,#606,#10512,.T.);
#10510=LINE('',#605,#10513);
#10511=LINE('',#517,#10514);
#10512=LINE('',#603,#10515);
#10513=VECTOR('',#10516,1.0);
#10514=VECTOR('',#10517,1.0);
#10515=VECTOR('',#10518,1.0);
#10516=DIRECTION('',(-0.9391815326364056,0,0.34342109538397936));
#10517=DIRECTION('',(-0.29535248642285705,0,-0.9553883549446456));
#10518=DIRECTION('',(0.9868263359754732,0,-0.16178313455123416));
#10519=FACE_SURFACE('',(#10524),#10520,.T.);
#10520=PLANE('',#10521);
#10521=AXIS2_PLACEMENT_3D('',#603,#10522,#10523);
#10522=DIRECTION('',(0,-1,0));
#10523=DIRECTION('',(0.29535248642285705,0,0.9553883549446456));
#10524=FACE_BOUND('',#10525,.T.);
#10525=EDGE_LOOP('',(#10526,#10527,#10528));
#10526=ORIENTED_EDGE('',*,*,#10529,.T.);
#10527=ORIENTED_EDGE('',*,*,#10530,.T.);
#10528=ORIENTED_EDGE('',*,*,#10531,.T.);
#10529=EDGE_CURVE('',#604,#518,#10532,.F.);
#10530=EDGE_CURVE('',#518,#520,#10533,.T.);
#10531=EDGE_CURVE('',#520,#604,#10534,.T.);
#10532=LINE('',#603,#10535);
#10533=LINE('',#517,#10536);
#10534=LINE('',#519,#10537);
#10535=VECTOR('',#10538,1.0);
#10536=VECTOR('',#10539,1.0);
#10537=VECTOR('',#10540,1.0);
#10538=DIRECTION('',(0.29535248642285705,0,0.9553883549446456));
#10539=DIRECTION('',(-0.9983080598685448,0,-0.05814651839536125));
#10540=DIRECTION('',(0.9897158983854991,0,-0.14304698697625262));
#10541=FACE_SURFACE('',(#10546),#10542,.T.);
#10542=PLANE('',#10543);
#10543=AXIS2_PLACEMENT_3D('',#603,#10544,#10545);
#10544=DIRECTION('',(-0,-1,0));
#10545=DIRECTION('',(-0.9897158983854991,0,0.14304698697625262));
#10546=FACE_BOUND('',#10547,.T.);
#10547=EDGE_LOOP('',(#10548,#10549,#10550));
#10548=ORIENTED_EDGE('',*,*,#10551,.T.);
#10549=ORIENTED_EDGE('',*,*,#10552,.T.);
#10550=ORIENTED_EDGE('',*,*,#10553,.T.);
#10551=EDGE_CURVE('',#604,#520,#10554,.F.);
#10552=EDGE_CURVE('',#520,#602,#10555,.T.);
#10553=EDGE_CURVE('',#602,#604,#10556,.T.);
#10554=LINE('',#603,#10557);
#10555=LINE('',#519,#10558);
#10556=LINE('',#601,#10559);
#10557=VECTOR('',#10560,1.0);
#10558=VECTOR('',#10561,1.0);
#10559=VECTOR('',#10562,1.0);
#10560=DIRECTION('',(-0.9897158983854991,0,0.14304698697625262));
#10561=DIRECTION('',(-0.5941639756454784,0,-0.804343937656746));
#10562=DIRECTION('',(0.9985334769022186,0,0.054137745663874685));
#10563=FACE_SURFACE('',(#10568),#10564,.T.);
#10564=PLANE('',#10565);
#10565=AXIS2_PLACEMENT_3D('',#601,#10566,#10567);
#10566=DIRECTION('',(0,-1,0));
#10567=DIRECTION('',(0.5941639756454784,0,0.804343937656746));
#10568=FACE_BOUND('',#10569,.T.);
#10569=EDGE_LOOP('',(#10570,#10571,#10572));
#10570=ORIENTED_EDGE('',*,*,#10573,.T.);
#10571=ORIENTED_EDGE('',*,*,#10574,.T.);
#10572=ORIENTED_EDGE('',*,*,#10575,.T.);
#10573=EDGE_CURVE('',#602,#520,#10576,.F.);
#10574=EDGE_CURVE('',#520,#522,#10577,.T.);
#10575=EDGE_CURVE('',#522,#602,#10578,.T.);
#10576=LINE('',#601,#10579);
#10577=LINE('',#519,#10580);
#10578=LINE('',#521,#10581);
#10579=VECTOR('',#10582,1.0);
#10580=VECTOR('',#10583,1.0);
#10581=VECTOR('',#10584,1.0);
#10582=DIRECTION('',(0.5941639756454784,0,0.804343937656746));
#10583=DIRECTION('',(-0.984807787764807,0,0.17364798057503156));
#10584=DIRECTION('',(0.9162091383778034,0,-0.40070040523189293));
#10585=FACE_SURFACE('',(#10590),#10586,.T.);
#10586=PLANE('',#10587);
#10587=AXIS2_PLACEMENT_3D('',#601,#10588,#10589);
#10588=DIRECTION('',(-0,-1,0));
#10589=DIRECTION('',(-0.9162091383778034,0,0.40070040523189293));
#10590=FACE_BOUND('',#10591,.T.);
#10591=EDGE_LOOP('',(#10592,#10593,#10594));
#10592=ORIENTED_EDGE('',*,*,#10595,.T.);
#10593=ORIENTED_EDGE('',*,*,#10596,.T.);
#10594=ORIENTED_EDGE('',*,*,#10597,.T.);
#10595=EDGE_CURVE('',#602,#522,#10598,.F.);
#10596=EDGE_CURVE('',#522,#600,#10599,.T.);
#10597=EDGE_CURVE('',#600,#602,#10600,.T.);
#10598=LINE('',#601,#10601);
#10599=LINE('',#521,#10602);
#10600=LINE('',#599,#10603);
#10601=VECTOR('',#10604,1.0);
#10602=VECTOR('',#10605,1.0);
#10603=VECTOR('',#10606,1.0);
#10604=DIRECTION('',(-0.9162091383778034,0,0.40070040523189293));
#10605=DIRECTION('',(-0.29445438193717755,0,-0.9556655361359406));
#10606=DIRECTION('',(0.9635481621289465,0,0.26753493091170305));
#10607=FACE_SURFACE('',(#10612),#10608,.T.);
#10608=PLANE('',#10609);
#10609=AXIS2_PLACEMENT_3D('',#599,#10610,#10611);
#10610=DIRECTION('',(0,-1,0));
#10611=DIRECTION('',(0.29445438193717755,0,0.9556655361359406));
#10612=FACE_BOUND('',#10613,.T.);
#10613=EDGE_LOOP('',(#10614,#10615,#10616));
#10614=ORIENTED_EDGE('',*,*,#10617,.T.);
#10615=ORIENTED_EDGE('',*,*,#10618,.T.);
#10616=ORIENTED_EDGE('',*,*,#10619,.T.);
#10617=EDGE_CURVE('',#600,#522,#10620,.F.);
#10618=EDGE_CURVE('',#522,#524,#10621,.T.);
#10619=EDGE_CURVE('',#524,#600,#10622,.T.);
#10620=LINE('',#599,#10623);
#10621=LINE('',#521,#10624);
#10622=LINE('',#523,#10625);
#10623=VECTOR('',#10626,1.0);
#10624=VECTOR('',#10627,1.0);
#10625=VECTOR('',#10628,1.0);
#10626=DIRECTION('',(0.29445438193717755,0,0.9556655361359406));
#10627=DIRECTION('',(-0.9182154482985736,0,0.3960812927996592));
#10628=DIRECTION('',(0.5617121087736893,0,-0.8273327667009297));
#10629=FACE_SURFACE('',(#10634),#10630,.T.);
#10630=PLANE('',#10631);
#10631=AXIS2_PLACEMENT_3D('',#599,#10632,#10633);
#10632=DIRECTION('',(-0,-1,0));
#10633=DIRECTION('',(-0.5617121087736893,0,0.8273327667009297));
#10634=FACE_BOUND('',#10635,.T.);
#10635=EDGE_LOOP('',(#10636,#10637,#10638));
#10636=ORIENTED_EDGE('',*,*,#10639,.T.);
#10637=ORIENTED_EDGE('',*,*,#10640,.T.);
#10638=ORIENTED_EDGE('',*,*,#10641,.T.);
#10639=EDGE_CURVE('',#600,#524,#10642,.F.);
#10640=EDGE_CURVE('',#524,#598,#10643,.T.);
#10641=EDGE_CURVE('',#598,#600,#10644,.T.);
#10642=LINE('',#599,#10645);
#10643=LINE('',#523,#10646);
#10644=LINE('',#597,#10647);
#10645=VECTOR('',#10648,1.0);
#10646=VECTOR('',#10649,1.0);
#10647=VECTOR('',#10650,1.0);
#10648=DIRECTION('',(-0.5617121087736893,0,0.8273327667009297));
#10649=DIRECTION('',(-0.15301335067014693,0,-0.988224121602329));
#10650=DIRECTION('',(0.8835142337741226,0,0.46840431116560516));
#10651=FACE_SURFACE('',(#10656),#10652,.T.);
#10652=PLANE('',#10653);
#10653=AXIS2_PLACEMENT_3D('',#597,#10654,#10655);
#10654=DIRECTION('',(0,-1,0));
#10655=DIRECTION('',(0.15301335067014693,0,0.988224121602329));
#10656=FACE_BOUND('',#10657,.T.);
#10657=EDGE_LOOP('',(#10658,#10659,#10660));
#10658=ORIENTED_EDGE('',*,*,#10661,.T.);
#10659=ORIENTED_EDGE('',*,*,#10662,.T.);
#10660=ORIENTED_EDGE('',*,*,#10663,.T.);
#10661=EDGE_CURVE('',#598,#524,#10664,.F.);
#10662=EDGE_CURVE('',#524,#526,#10665,.T.);
#10663=EDGE_CURVE('',#526,#598,#10666,.T.);
#10664=LINE('',#597,#10667);
#10665=LINE('',#523,#10668);
#10666=LINE('',#525,#10669);
#10667=VECTOR('',#10670,1.0);
#10668=VECTOR('',#10671,1.0);
#10669=VECTOR('',#10672,1.0);
#10670=DIRECTION('',(0.15301335067014693,0,0.988224121602329));
#10671=DIRECTION('',(-0.8021219159635572,0,0.5971603067275586));
#10672=DIRECTION('',(0.25127072717609716,0,-0.9679168464617173));
#10673=FACE_SURFACE('',(#10678),#10674,.T.);
#10674=PLANE('',#10675);
#10675=AXIS2_PLACEMENT_3D('',#597,#10676,#10677);
#10676=DIRECTION('',(-0,-1,0));
#10677=DIRECTION('',(-0.25127072717609716,0,0.9679168464617173));
#10678=FACE_BOUND('',#10679,.T.);
#10679=EDGE_LOOP('',(#10680,#10681,#10682));
#10680=ORIENTED_EDGE('',*,*,#10683,.T.);
#10681=ORIENTED_EDGE('',*,*,#10684,.T.);
#10682=ORIENTED_EDGE('',*,*,#10685,.T.);
#10683=EDGE_CURVE('',#598,#526,#10686,.F.);
#10684=EDGE_CURVE('',#526,#596,#10687,.T.);
#10685=EDGE_CURVE('',#596,#598,#10688,.T.);
#10686=LINE('',#597,#10689);
#10687=LINE('',#525,#10690);
#10688=LINE('',#595,#10691);
#10689=VECTOR('',#10692,1.0);
#10690=VECTOR('',#10693,1.0);
#10691=VECTOR('',#10694,1.0);
#10692=DIRECTION('',(-0.25127072717609716,0,0.9679168464617173));
#10693=DIRECTION('',(-0.09241705539424468,0,-0.9957203863898023));
#10694=DIRECTION('',(0.7621657446063812,0,0.6473819411665732));
#10695=FACE_SURFACE('',(#10700),#10696,.T.);
#10696=PLANE('',#10697);
#10697=AXIS2_PLACEMENT_3D('',#595,#10698,#10699);
#10698=DIRECTION('',(0,-1,0));
#10699=DIRECTION('',(0.09241705539424468,0,0.9957203863898023));
#10700=FACE_BOUND('',#10701,.T.);
#10701=EDGE_LOOP('',(#10702,#10703,#10704));
#10702=ORIENTED_EDGE('',*,*,#10705,.T.);
#10703=ORIENTED_EDGE('',*,*,#10706,.T.);
#10704=ORIENTED_EDGE('',*,*,#10707,.T.);
#10705=EDGE_CURVE('',#596,#526,#10708,.F.);
#10706=EDGE_CURVE('',#526,#528,#10709,.T.);
#10707=EDGE_CURVE('',#528,#596,#10710,.T.);
#10708=LINE('',#595,#10711);
#10709=LINE('',#525,#10712);
#10710=LINE('',#527,#10713);
#10711=VECTOR('',#10714,1.0);
#10712=VECTOR('',#10715,1.0);
#10713=VECTOR('',#10716,1.0);
#10714=DIRECTION('',(0.09241705539424468,0,0.9957203863898023));
#10715=DIRECTION('',(-0.6427877891523912,0,0.7660442925292122));
#10716=DIRECTION('',(0.10350468064289006,0,-0.9946289665423048));
#10717=FACE_SURFACE('',(#10722),#10718,.T.);
#10718=PLANE('',#10719);
#10719=AXIS2_PLACEMENT_3D('',#595,#10720,#10721);
#10720=DIRECTION('',(-0,-1,0));
#10721=DIRECTION('',(-0.10350468064289006,0,0.9946289665423048));
#10722=FACE_BOUND('',#10723,.T.);
#10723=EDGE_LOOP('',(#10724,#10725,#10726));
#10724=ORIENTED_EDGE('',*,*,#10727,.T.);
#10725=ORIENTED_EDGE('',*,*,#10728,.T.);
#10726=ORIENTED_EDGE('',*,*,#10729,.T.);
#10727=EDGE_CURVE('',#596,#528,#10730,.F.);
#10728=EDGE_CURVE('',#528,#594,#10731,.T.);
#10729=EDGE_CURVE('',#594,#596,#10732,.T.);
#10730=LINE('',#595,#10733);
#10731=LINE('',#527,#10734);
#10732=LINE('',#593,#10735);
#10733=VECTOR('',#10736,1.0);
#10734=VECTOR('',#10737,1.0);
#10735=VECTOR('',#10738,1.0);
#10736=DIRECTION('',(-0.10350468064289006,0,0.9946289665423048));
#10737=DIRECTION('',(-0.061894153739905304,0,-0.9980827188829696));
#10738=DIRECTION('',(0.605168495044652,0,0.7960974140175253));
#10739=FACE_SURFACE('',(#10744),#10740,.T.);
#10740=PLANE('',#10741);
#10741=AXIS2_PLACEMENT_3D('',#593,#10742,#10743);
#10742=DIRECTION('',(0,-1,0));
#10743=DIRECTION('',(0.061894153739905304,0,0.9980827188829696));
#10744=FACE_BOUND('',#10745,.T.);
#10745=EDGE_LOOP('',(#10746,#10747,#10748));
#10746=ORIENTED_EDGE('',*,*,#10749,.T.);
#10747=ORIENTED_EDGE('',*,*,#10750,.T.);
#10748=ORIENTED_EDGE('',*,*,#10751,.T.);
#10749=EDGE_CURVE('',#594,#528,#10752,.F.);
#10750=EDGE_CURVE('',#528,#530,#10753,.T.);
#10751=EDGE_CURVE('',#530,#594,#10754,.T.);
#10752=LINE('',#593,#10755);
#10753=LINE('',#527,#10756);
#10754=LINE('',#529,#10757);
#10755=VECTOR('',#10758,1.0);
#10756=VECTOR('',#10759,1.0);
#10757=VECTOR('',#10760,1.0);
#10758=DIRECTION('',(0.061894153739905304,0,0.9980827188829696));
#10759=DIRECTION('',(-0.4487966908886195,0,0.8936338904984664));
#10760=DIRECTION('',(0.031652065146599295,0,-0.9994989478593539));
#10761=FACE_SURFACE('',(#10766),#10762,.T.);
#10762=PLANE('',#10763);
#10763=AXIS2_PLACEMENT_3D('',#593,#10764,#10765);
#10764=DIRECTION('',(-0,-1,0));
#10765=DIRECTION('',(-0.031652065146599295,0,0.9994989478593539));
#10766=FACE_BOUND('',#10767,.T.);
#10767=EDGE_LOOP('',(#10768,#10769,#10770));
#10768=ORIENTED_EDGE('',*,*,#10771,.T.);
#10769=ORIENTED_EDGE('',*,*,#10772,.T.);
#10770=ORIENTED_EDGE('',*,*,#10773,.T.);
#10771=EDGE_CURVE('',#594,#530,#10774,.F.);
#10772=EDGE_CURVE('',#530,#592,#10775,.T.);
#10773=EDGE_CURVE('',#592,#594,#10776,.T.);
#10774=LINE('',#593,#10777);
#10775=LINE('',#529,#10778);
#10776=LINE('',#591,#10779);
#10777=VECTOR('',#10780,1.0);
#10778=VECTOR('',#10781,1.0);
#10779=VECTOR('',#10782,1.0);
#10780=DIRECTION('',(-0.031652065146599295,0,0.9994989478593539));
#10781=DIRECTION('',(-0.044648983827827726,0,-0.9990027368546806));
#10782=DIRECTION('',(0.4198871568204984,0,0.9075763194008525));
#10783=FACE_SURFACE('',(#10788),#10784,.T.);
#10784=PLANE('',#10785);
#10785=AXIS2_PLACEMENT_3D('',#591,#10786,#10787);
#10786=DIRECTION('',(0,-1,0));
#10787=DIRECTION('',(0.044648983827827726,0,0.9990027368546806));
#10788=FACE_BOUND('',#10789,.T.);
#10789=EDGE_LOOP('',(#10790,#10791,#10792));
#10790=ORIENTED_EDGE('',*,*,#10793,.T.);
#10791=ORIENTED_EDGE('',*,*,#10794,.T.);
#10792=ORIENTED_EDGE('',*,*,#10795,.T.);
#10793=EDGE_CURVE('',#592,#530,#10796,.F.);
#10794=EDGE_CURVE('',#530,#532,#10797,.T.);
#10795=EDGE_CURVE('',#532,#592,#10798,.T.);
#10796=LINE('',#591,#10799);
#10797=LINE('',#529,#10800);
#10798=LINE('',#531,#10801);
#10799=VECTOR('',#10802,1.0);
#10800=VECTOR('',#10803,1.0);
#10801=VECTOR('',#10804,1.0);
#10802=DIRECTION('',(0.044648983827827726,0,0.9990027368546806));
#10803=DIRECTION('',(-0.2306276863034026,0,0.9730420701646663));
#10804=DIRECTION('',(-0.0073407207098022875,0,-0.9999730565467556));
#10805=FACE_SURFACE('',(#10810),#10806,.T.);
#10806=PLANE('',#10807);
#10807=AXIS2_PLACEMENT_3D('',#591,#10808,#10809);
#10808=DIRECTION('',(-0,-1,0));
#10809=DIRECTION('',(0.0073407207098022875,0,0.9999730565467556));
#10810=FACE_BOUND('',#10811,.T.);
#10811=EDGE_LOOP('',(#10812,#10813,#10814));
#10812=ORIENTED_EDGE('',*,*,#10815,.T.);
#10813=ORIENTED_EDGE('',*,*,#10816,.T.);
#10814=ORIENTED_EDGE('',*,*,#10817,.T.);
#10815=EDGE_CURVE('',#592,#532,#10818,.F.);
#10816=EDGE_CURVE('',#532,#622,#10819,.T.);
#10817=EDGE_CURVE('',#622,#592,#10820,.T.);
#10818=LINE('',#591,#10821);
#10819=LINE('',#531,#10822);
#10820=LINE('',#621,#10823);
#10821=VECTOR('',#10824,1.0);
#10822=VECTOR('',#10825,1.0);
#10823=VECTOR('',#10826,1.0);
#10824=DIRECTION('',(0.0073407207098022875,0,0.9999730565467556));
#10825=DIRECTION('',(-0.9610998920384086,0,-0.2762010092736075));
#10826=DIRECTION('',(0.9922480530029465,0,0.12427309166453451));
#10827=FACE_SURFACE('',(#10832),#10828,.T.);
#10828=PLANE('',#10829);
#10829=AXIS2_PLACEMENT_3D('',#621,#10830,#10831);
#10830=DIRECTION('',(0,-1,0));
#10831=DIRECTION('',(0.9610998920384086,0,0.2762010092736075));
#10832=FACE_BOUND('',#10833,.T.);
#10833=EDGE_LOOP('',(#10834,#10835,#10836));
#10834=ORIENTED_EDGE('',*,*,#10837,.T.);
#10835=ORIENTED_EDGE('',*,*,#10838,.T.);
#10836=ORIENTED_EDGE('',*,*,#10839,.T.);
#10837=EDGE_CURVE('',#622,#532,#10840,.F.);
#10838=EDGE_CURVE('',#532,#534,#10841,.T.);
#10839=EDGE_CURVE('',#534,#622,#10842,.T.);
#10840=LINE('',#621,#10843);
#10841=LINE('',#531,#10844);
#10842=LINE('',#533,#10845);
#10843=VECTOR('',#10846,1.0);
#10844=VECTOR('',#10847,1.0);
#10845=VECTOR('',#10848,1.0);
#10846=DIRECTION('',(0.9610998920384086,0,0.2762010092736075));
#10847=DIRECTION('',(0,0,1));
#10848=DIRECTION('',(-0.9552939408292587,0,-0.295657718679734));
#10849=FACE_SURFACE('',(#10854),#10850,.T.);
#10850=PLANE('',#10851);
#10851=AXIS2_PLACEMENT_3D('',#621,#10852,#10853);
#10852=DIRECTION('',(0,-1,0));
#10853=DIRECTION('',(0.9552939408292587,0,0.295657718679734));
#10854=FACE_BOUND('',#10855,.T.);
#10855=EDGE_LOOP('',(#10856,#10857,#10858));
#10856=ORIENTED_EDGE('',*,*,#10859,.T.);
#10857=ORIENTED_EDGE('',*,*,#10860,.T.);
#10858=ORIENTED_EDGE('',*,*,#10861,.T.);
#10859=EDGE_CURVE('',#622,#534,#10862,.F.);
#10860=EDGE_CURVE('',#534,#536,#10863,.T.);
#10861=EDGE_CURVE('',#536,#622,#10864,.T.);
#10862=LINE('',#621,#10865);
#10863=LINE('',#533,#10866);
#10864=LINE('',#535,#10867);
#10865=VECTOR('',#10868,1.0);
#10866=VECTOR('',#10869,1.0);
#10867=VECTOR('',#10870,1.0);
#10868=DIRECTION('',(0.9552939408292587,0,0.295657718679734));
#10869=DIRECTION('',(0.23062768630340322,0,0.9730420701646662));
#10870=DIRECTION('',(-0.9498172581653256,0,-0.31280533258130866));
#10871=FACE_SURFACE('',(#10876),#10872,.T.);
#10872=PLANE('',#10873);
#10873=AXIS2_PLACEMENT_3D('',#621,#10874,#10875);
#10874=DIRECTION('',(0,-1,0));
#10875=DIRECTION('',(0.9498172581653256,0,0.31280533258130866));
#10876=FACE_BOUND('',#10877,.T.);
#10877=EDGE_LOOP('',(#10878,#10879,#10880));
#10878=ORIENTED_EDGE('',*,*,#10881,.T.);
#10879=ORIENTED_EDGE('',*,*,#10882,.T.);
#10880=ORIENTED_EDGE('',*,*,#10883,.T.);
#10881=EDGE_CURVE('',#622,#536,#10884,.F.);
#10882=EDGE_CURVE('',#536,#620,#10885,.T.);
#10883=EDGE_CURVE('',#620,#622,#10886,.T.);
#10884=LINE('',#621,#10887);
#10885=LINE('',#535,#10888);
#10886=LINE('',#619,#10889);
#10887=VECTOR('',#10890,1.0);
#10888=VECTOR('',#10891,1.0);
#10889=VECTOR('',#10892,1.0);
#10890=DIRECTION('',(0.9498172581653256,0,0.31280533258130866));
#10891=DIRECTION('',(-0.8621112785793363,0,0.5067189984067125));
#10892=DIRECTION('',(0,0,-1));
#10893=FACE_SURFACE('',(#10898),#10894,.T.);
#10894=PLANE('',#10895);
#10895=AXIS2_PLACEMENT_3D('',#619,#10896,#10897);
#10896=DIRECTION('',(0,-1,0));
#10897=DIRECTION('',(0.8621112785793363,0,-0.5067189984067125));
#10898=FACE_BOUND('',#10899,.T.);
#10899=EDGE_LOOP('',(#10900,#10901,#10902));
#10900=ORIENTED_EDGE('',*,*,#10903,.T.);
#10901=ORIENTED_EDGE('',*,*,#10904,.T.);
#10902=ORIENTED_EDGE('',*,*,#10905,.T.);
#10903=EDGE_CURVE('',#620,#536,#10906,.F.);
#10904=EDGE_CURVE('',#536,#538,#10907,.T.);
#10905=EDGE_CURVE('',#538,#620,#10908,.T.);
#10906=LINE('',#619,#10909);
#10907=LINE('',#535,#10910);
#10908=LINE('',#537,#10911);
#10909=VECTOR('',#10912,1.0);
#10910=VECTOR('',#10913,1.0);
#10911=VECTOR('',#10914,1.0);
#10912=DIRECTION('',(0.8621112785793363,0,-0.5067189984067125));
#10913=DIRECTION('',(0.448796107068214,0,0.893634183701819));
#10914=DIRECTION('',(-0.8715572767404198,0,0.4902937011229324));
#10915=FACE_SURFACE('',(#10920),#10916,.T.);
#10916=PLANE('',#10917);
#10917=AXIS2_PLACEMENT_3D('',#619,#10918,#10919);
#10918=DIRECTION('',(0,-1,0));
#10919=DIRECTION('',(0.8715572767404198,0,-0.4902937011229324));
#10920=FACE_BOUND('',#10921,.T.);
#10921=EDGE_LOOP('',(#10922,#10923,#10924));
#10922=ORIENTED_EDGE('',*,*,#10925,.T.);
#10923=ORIENTED_EDGE('',*,*,#10926,.T.);
#10924=ORIENTED_EDGE('',*,*,#10927,.T.);
#10925=EDGE_CURVE('',#620,#538,#10928,.F.);
#10926=EDGE_CURVE('',#538,#540,#10929,.T.);
#10927=EDGE_CURVE('',#540,#620,#10930,.T.);
#10928=LINE('',#619,#10931);
#10929=LINE('',#537,#10932);
#10930=LINE('',#539,#10933);
#10931=VECTOR('',#10934,1.0);
#10932=VECTOR('',#10935,1.0);
#10933=VECTOR('',#10936,1.0);
#10934=DIRECTION('',(0.8715572767404198,0,-0.4902937011229324));
#10935=DIRECTION('',(0.6427877891523899,0,0.7660442925292132));
#10936=DIRECTION('',(-0.880522784715948,0,0.47400382445300193));
#10937=FACE_SURFACE('',(#10942),#10938,.T.);
#10938=PLANE('',#10939);
#10939=AXIS2_PLACEMENT_3D('',#539,#10940,#10941);
#10940=DIRECTION('',(0,-1,0));
#10941=DIRECTION('',(0.8021226132339432,0,0.5971593701339282));
#10942=FACE_BOUND('',#10943,.T.);
#10943=EDGE_LOOP('',(#10944,#10945,#10946));
#10944=ORIENTED_EDGE('',*,*,#10947,.T.);
#10945=ORIENTED_EDGE('',*,*,#10948,.T.);
#10946=ORIENTED_EDGE('',*,*,#10949,.T.);
#10947=EDGE_CURVE('',#540,#542,#10950,.F.);
#10948=EDGE_CURVE('',#542,#620,#10951,.T.);
#10949=EDGE_CURVE('',#620,#540,#10952,.T.);
#10950=LINE('',#539,#10953);
#10951=LINE('',#541,#10954);
#10952=LINE('',#619,#10955);
#10953=VECTOR('',#10956,1.0);
#10954=VECTOR('',#10957,1.0);
#10955=VECTOR('',#10958,1.0);
#10956=DIRECTION('',(0.8021226132339432,0,0.5971593701339282));
#10957=DIRECTION('',(-0.8884545304600189,0,0.45896464711899915));
#10958=DIRECTION('',(0.880522784715948,0,-0.47400382445300193));
#10959=FACE_SURFACE('',(#10964),#10960,.T.);
#10960=PLANE('',#10961);
#10961=AXIS2_PLACEMENT_3D('',#543,#10962,#10963);
#10962=DIRECTION('',(0,-1,0));
#10963=DIRECTION('',(0.9848080366994015,0,0.17364656878922236));
#10964=FACE_BOUND('',#10965,.T.);
#10965=EDGE_LOOP('',(#10966,#10967,#10968));
#10966=ORIENTED_EDGE('',*,*,#10969,.T.);
#10967=ORIENTED_EDGE('',*,*,#10970,.T.);
#10968=ORIENTED_EDGE('',*,*,#10971,.T.);
#10969=EDGE_CURVE('',#544,#546,#10972,.F.);
#10970=EDGE_CURVE('',#546,#486,#10973,.T.);
#10971=EDGE_CURVE('',#486,#544,#10974,.T.);
#10972=LINE('',#543,#10975);
#10973=LINE('',#545,#10976);
#10974=LINE('',#485,#10977);
#10975=VECTOR('',#10978,1.0);
#10976=VECTOR('',#10979,1.0);
#10977=VECTOR('',#10980,1.0);
#10978=DIRECTION('',(0.9848080366994015,0,0.17364656878922236));
#10979=DIRECTION('',(0.2600154291286775,0,0.9656044617828927));
#10980=DIRECTION('',(-0.2902629680416606,0,-0.95694692088101));
#10981=FACE_SURFACE('',(#10986),#10982,.T.);
#10982=PLANE('',#10983);
#10983=AXIS2_PLACEMENT_3D('',#485,#10984,#10985);
#10984=DIRECTION('',(0,-1,0));
#10985=DIRECTION('',(-0.2600154291286775,0,-0.9656044617828927));
#10986=FACE_BOUND('',#10987,.T.);
#10987=EDGE_LOOP('',(#10988,#10989,#10990));
#10988=ORIENTED_EDGE('',*,*,#10991,.T.);
#10989=ORIENTED_EDGE('',*,*,#10992,.T.);
#10990=ORIENTED_EDGE('',*,*,#10993,.T.);
#10991=EDGE_CURVE('',#486,#546,#10994,.F.);
#10992=EDGE_CURVE('',#546,#548,#10995,.T.);
#10993=EDGE_CURVE('',#548,#486,#10996,.T.);
#10994=LINE('',#485,#10997);
#10995=LINE('',#545,#10998);
#10996=LINE('',#547,#10999);
#10997=VECTOR('',#11000,1.0);
#10998=VECTOR('',#11001,1.0);
#10999=VECTOR('',#11002,1.0);
#11000=DIRECTION('',(-0.2600154291286775,0,-0.9656044617828927));
#11001=DIRECTION('',(0.998308144368227,0,-0.05814506761598228));
#11002=DIRECTION('',(0.2262964176923648,0,0.97405848455809));
#11003=FACE_SURFACE('',(#11008),#11004,.T.);
#11004=PLANE('',#11005);
#11005=AXIS2_PLACEMENT_3D('',#485,#11006,#11007);
#11006=DIRECTION('',(0,-1,0));
#11007=DIRECTION('',(-0.2262964176923648,0,-0.97405848455809));
#11008=FACE_BOUND('',#11009,.T.);
#11009=EDGE_LOOP('',(#11010,#11011,#11012));
#11010=ORIENTED_EDGE('',*,*,#11013,.T.);
#11011=ORIENTED_EDGE('',*,*,#11014,.T.);
#11012=ORIENTED_EDGE('',*,*,#11015,.T.);
#11013=EDGE_CURVE('',#486,#548,#11016,.F.);
#11014=EDGE_CURVE('',#548,#550,#11017,.T.);
#11015=EDGE_CURVE('',#550,#486,#11018,.T.);
#11016=LINE('',#485,#11019);
#11017=LINE('',#547,#11020);
#11018=LINE('',#549,#11021);
#11019=VECTOR('',#11022,1.0);
#11020=VECTOR('',#11023,1.0);
#11021=VECTOR('',#11024,1.0);
#11022=DIRECTION('',(-0.2262964176923648,0,-0.97405848455809));
#11023=DIRECTION('',(0.9579891159155457,0,-0.2868045567757789));
#11024=DIRECTION('',(0.19174202183177483,0,0.9814453612218376));
#11025=FACE_SURFACE('',(#11030),#11026,.T.);
#11026=PLANE('',#11027);
#11027=AXIS2_PLACEMENT_3D('',#549,#11028,#11029);
#11028=DIRECTION('',(0,-1,0));
#11029=DIRECTION('',(0.8660271945130104,0,-0.4999968983543042));
#11030=FACE_BOUND('',#11031,.T.);
#11031=EDGE_LOOP('',(#11032,#11033,#11034));
#11032=ORIENTED_EDGE('',*,*,#11035,.T.);
#11033=ORIENTED_EDGE('',*,*,#11036,.T.);
#11034=ORIENTED_EDGE('',*,*,#11037,.T.);
#11035=EDGE_CURVE('',#550,#552,#11038,.F.);
#11036=EDGE_CURVE('',#552,#486,#11039,.T.);
#11037=EDGE_CURVE('',#486,#550,#11040,.T.);
#11038=LINE('',#549,#11041);
#11039=LINE('',#551,#11042);
#11040=LINE('',#485,#11043);
#11041=VECTOR('',#11044,1.0);
#11042=VECTOR('',#11045,1.0);
#11043=VECTOR('',#11046,1.0);
#11044=DIRECTION('',(0.8660271945130104,0,-0.4999968983543042));
#11045=DIRECTION('',(0.15916774396034392,0,0.9872515531932955));
#11046=DIRECTION('',(-0.19174202183177483,0,-0.9814453612218376));
#11047=FACE_SURFACE('',(#11052),#11048,.T.);
#11048=PLANE('',#11049);
#11049=AXIS2_PLACEMENT_3D('',#485,#11050,#11051);
#11050=DIRECTION('',(0,-1,0));
#11051=DIRECTION('',(-0.15916774396034392,0,-0.9872515531932955));
#11052=FACE_BOUND('',#11053,.T.);
#11053=EDGE_LOOP('',(#11054,#11055,#11056));
#11054=ORIENTED_EDGE('',*,*,#11057,.T.);
#11055=ORIENTED_EDGE('',*,*,#11058,.T.);
#11056=ORIENTED_EDGE('',*,*,#11059,.T.);
#11057=EDGE_CURVE('',#486,#552,#11060,.F.);
#11058=EDGE_CURVE('',#552,#554,#11061,.T.);
#11059=EDGE_CURVE('',#554,#486,#11062,.T.);
#11060=LINE('',#485,#11063);
#11061=LINE('',#551,#11064);
#11062=LINE('',#553,#11065);
#11063=VECTOR('',#11066,1.0);
#11064=VECTOR('',#11067,1.0);
#11065=VECTOR('',#11068,1.0);
#11066=DIRECTION('',(-0.15916774396034392,0,-0.9872515531932955));
#11067=DIRECTION('',(0.727377104804851,0,-0.6862379670389221));
#11068=DIRECTION('',(0.13109605891601628,0,0.9913696703736142));
#11069=FACE_SURFACE('',(#11074),#11070,.T.);
#11070=PLANE('',#11071);
#11071=AXIS2_PLACEMENT_3D('',#485,#11072,#11073);
#11072=DIRECTION('',(0,-1,0));
#11073=DIRECTION('',(-0.13109605891601628,0,-0.9913696703736142));
#11074=FACE_BOUND('',#11075,.T.);
#11075=EDGE_LOOP('',(#11076,#11077,#11078));
#11076=ORIENTED_EDGE('',*,*,#11079,.T.);
#11077=ORIENTED_EDGE('',*,*,#11080,.T.);
#11078=ORIENTED_EDGE('',*,*,#11081,.T.);
#11079=EDGE_CURVE('',#486,#554,#11082,.F.);
#11080=EDGE_CURVE('',#554,#556,#11083,.T.);
#11081=EDGE_CURVE('',#556,#486,#11084,.T.);
#11082=LINE('',#485,#11085);
#11083=LINE('',#553,#11086);
#11084=LINE('',#555,#11087);
#11085=VECTOR('',#11088,1.0);
#11086=VECTOR('',#11089,1.0);
#11087=VECTOR('',#11090,1.0);
#11088=DIRECTION('',(-0.13109605891601628,0,-0.9913696703736142));
#11089=DIRECTION('',(0.549507387911692,0,-0.8354888572748708));
#11090=DIRECTION('',(0.10939003212051485,0,0.9939989038588889));
#11091=FACE_SURFACE('',(#11096),#11092,.T.);
#11092=PLANE('',#11093);
#11093=AXIS2_PLACEMENT_3D('',#555,#11094,#11095);
#11094=DIRECTION('',(0,-1,0));
#11095=DIRECTION('',(0.3420076679311668,0,-0.9396971613643859));
#11096=FACE_BOUND('',#11097,.T.);
#11097=EDGE_LOOP('',(#11098,#11099,#11100));
#11098=ORIENTED_EDGE('',*,*,#11101,.T.);
#11099=ORIENTED_EDGE('',*,*,#11102,.T.);
#11100=ORIENTED_EDGE('',*,*,#11103,.T.);
#11101=EDGE_CURVE('',#556,#558,#11104,.F.);
#11102=EDGE_CURVE('',#558,#486,#11105,.T.);
#11103=EDGE_CURVE('',#486,#556,#11106,.T.);
#11104=LINE('',#555,#11107);
#11105=LINE('',#557,#11108);
#11106=LINE('',#485,#11109);
#11107=VECTOR('',#11110,1.0);
#11108=VECTOR('',#11111,1.0);
#11109=VECTOR('',#11112,1.0);
#11110=DIRECTION('',(0.3420076679311668,0,-0.9396971613643859));
#11111=DIRECTION('',(0.09510228915607544,0,0.9954675055456477));
#11112=DIRECTION('',(-0.10939003212051485,0,-0.9939989038588889));
#11113=FACE_SURFACE('',(#11118),#11114,.T.);
#11114=PLANE('',#11115);
#11115=AXIS2_PLACEMENT_3D('',#485,#11116,#11117);
#11116=DIRECTION('',(0,-1,0));
#11117=DIRECTION('',(-0.09510228915607544,0,-0.9954675055456477));
#11118=FACE_BOUND('',#11119,.T.);
#11119=EDGE_LOOP('',(#11120,#11121,#11122));
#11120=ORIENTED_EDGE('',*,*,#11123,.T.);
#11121=ORIENTED_EDGE('',*,*,#11124,.T.);
#11122=ORIENTED_EDGE('',*,*,#11125,.T.);
#11123=EDGE_CURVE('',#486,#558,#11126,.F.);
#11124=EDGE_CURVE('',#558,#506,#11127,.T.);
#11125=EDGE_CURVE('',#506,#486,#11128,.T.);
#11126=LINE('',#485,#11129);
#11127=LINE('',#557,#11130);
#11128=LINE('',#505,#11131);
#11129=VECTOR('',#11132,1.0);
#11130=VECTOR('',#11133,1.0);
#11131=VECTOR('',#11134,1.0);
#11132=DIRECTION('',(-0.09510228915607544,0,-0.9954675055456477));
#11133=DIRECTION('',(0.11608293063333631,0,-0.9932395245939301));
#11134=DIRECTION('',(0.08852684107933023,0,0.9960737916482468));
#11135=FACE_SURFACE('',(#11140),#11136,.T.);
#11136=PLANE('',#11137);
#11137=AXIS2_PLACEMENT_3D('',#579,#11138,#11139);
#11138=DIRECTION('',(0,-1,0));
#11139=DIRECTION('',(-0.7621670704122537,0,0.6473803802859666));
#11140=FACE_BOUND('',#11141,.T.);
#11141=EDGE_LOOP('',(#11142,#11143,#11144));
#11142=ORIENTED_EDGE('',*,*,#11145,.T.);
#11143=ORIENTED_EDGE('',*,*,#11146,.T.);
#11144=ORIENTED_EDGE('',*,*,#11147,.T.);
#11145=EDGE_CURVE('',#580,#582,#11148,.F.);
#11146=EDGE_CURVE('',#582,#622,#11149,.T.);
#11147=EDGE_CURVE('',#622,#580,#11150,.T.);
#11148=LINE('',#579,#11151);
#11149=LINE('',#581,#11152);
#11150=LINE('',#621,#11153);
#11151=VECTOR('',#11154,1.0);
#11152=VECTOR('',#11155,1.0);
#11153=VECTOR('',#11156,1.0);
#11154=DIRECTION('',(-0.7621670704122537,0,0.6473803802859666));
#11155=DIRECTION('',(-0.9999128163950388,0,-0.01320452986445349));
#11156=DIRECTION('',(0.9999981618501643,0,-0.0019173670207786962));
#11157=FACE_SURFACE('',(#11162),#11158,.T.);
#11158=PLANE('',#11159);
#11159=AXIS2_PLACEMENT_3D('',#621,#11160,#11161);
#11160=DIRECTION('',(0,-1,0));
#11161=DIRECTION('',(0.9999128163950388,0,0.01320452986445349));
#11162=FACE_BOUND('',#11163,.T.);
#11163=EDGE_LOOP('',(#11164,#11165,#11166));
#11164=ORIENTED_EDGE('',*,*,#11167,.T.);
#11165=ORIENTED_EDGE('',*,*,#11168,.T.);
#11166=ORIENTED_EDGE('',*,*,#11169,.T.);
#11167=EDGE_CURVE('',#622,#582,#11170,.F.);
#11168=EDGE_CURVE('',#582,#584,#11171,.T.);
#11169=EDGE_CURVE('',#584,#622,#11172,.T.);
#11170=LINE('',#621,#11173);
#11171=LINE('',#581,#11174);
#11172=LINE('',#583,#11175);
#11173=VECTOR('',#11176,1.0);
#11174=VECTOR('',#11177,1.0);
#11175=VECTOR('',#11178,1.0);
#11176=DIRECTION('',(0.9999128163950388,0,0.01320452986445349));
#11177=DIRECTION('',(-0.6051672004943406,0,0.79609839809275));
#11178=DIRECTION('',(-0.9994786868040076,0,-0.03228551725675487));
#11179=FACE_SURFACE('',(#11184),#11180,.T.);
#11180=PLANE('',#11181);
#11181=AXIS2_PLACEMENT_3D('',#621,#11182,#11183);
#11182=DIRECTION('',(0,-1,0));
#11183=DIRECTION('',(0.9994786868040076,0,0.03228551725675487));
#11184=FACE_BOUND('',#11185,.T.);
#11185=EDGE_LOOP('',(#11186,#11187,#11188));
#11186=ORIENTED_EDGE('',*,*,#11189,.T.);
#11187=ORIENTED_EDGE('',*,*,#11190,.T.);
#11188=ORIENTED_EDGE('',*,*,#11191,.T.);
#11189=EDGE_CURVE('',#622,#584,#11192,.F.);
#11190=EDGE_CURVE('',#584,#586,#11193,.T.);
#11191=EDGE_CURVE('',#586,#622,#11194,.T.);
#11192=LINE('',#621,#11195);
#11193=LINE('',#583,#11196);
#11194=LINE('',#585,#11197);
#11195=VECTOR('',#11198,1.0);
#11196=VECTOR('',#11199,1.0);
#11197=VECTOR('',#11200,1.0);
#11198=DIRECTION('',(0.9994786868040076,0,0.03228551725675487));
#11199=DIRECTION('',(-0.4198881807978401,0,0.9075758456604497));
#11200=DIRECTION('',(-0.9985236335248354,0,-0.05431899568622448));
#11201=FACE_SURFACE('',(#11206),#11202,.T.);
#11202=PLANE('',#11203);
#11203=AXIS2_PLACEMENT_3D('',#585,#11204,#11205);
#11204=DIRECTION('',(-0,-1,0));
#11205=DIRECTION('',(-0.21496291702367934,0,0.9766222116584645));
#11206=FACE_BOUND('',#11207,.T.);
#11207=EDGE_LOOP('',(#11208,#11209,#11210));
#11208=ORIENTED_EDGE('',*,*,#11211,.T.);
#11209=ORIENTED_EDGE('',*,*,#11212,.T.);
#11210=ORIENTED_EDGE('',*,*,#11213,.T.);
#11211=EDGE_CURVE('',#586,#588,#11214,.F.);
#11212=EDGE_CURVE('',#588,#622,#11215,.T.);
#11213=EDGE_CURVE('',#622,#586,#11216,.T.);
#11214=LINE('',#585,#11217);
#11215=LINE('',#587,#11218);
#11216=LINE('',#621,#11219);
#11217=VECTOR('',#11220,1.0);
#11218=VECTOR('',#11221,1.0);
#11219=VECTOR('',#11222,1.0);
#11220=DIRECTION('',(-0.21496291702367934,0,0.9766222116584645));
#11221=DIRECTION('',(-0.9969539530197367,0,-0.07799240705556447));
#11222=DIRECTION('',(0.9985236335248354,0,0.05431899568622448));
#11223=FACE_SURFACE('',(#11228),#11224,.T.);
#11224=PLANE('',#11225);
#11225=AXIS2_PLACEMENT_3D('',#621,#11226,#11227);
#11226=DIRECTION('',(0,-1,0));
#11227=DIRECTION('',(0.9969539530197367,0,0.07799240705556447));
#11228=FACE_BOUND('',#11229,.T.);
#11229=EDGE_LOOP('',(#11230,#11231,#11232));
#11230=ORIENTED_EDGE('',*,*,#11233,.T.);
#11231=ORIENTED_EDGE('',*,*,#11234,.T.);
#11232=ORIENTED_EDGE('',*,*,#11235,.T.);
#11233=EDGE_CURVE('',#622,#588,#11236,.F.);
#11234=EDGE_CURVE('',#588,#590,#11237,.T.);
#11235=EDGE_CURVE('',#590,#622,#11238,.T.);
#11236=LINE('',#621,#11239);
#11237=LINE('',#587,#11240);
#11238=LINE('',#589,#11241);
#11239=VECTOR('',#11242,1.0);
#11240=VECTOR('',#11243,1.0);
#11241=VECTOR('',#11244,1.0);
#11242=DIRECTION('',(0.9969539530197367,0,0.07799240705556447));
#11243=DIRECTION('',(0,0,1));
#11244=DIRECTION('',(-0.9948036570076475,0,-0.10181200324230306));
#11245=FACE_SURFACE('',(#11250),#11246,.T.);
#11246=PLANE('',#11247);
#11247=AXIS2_PLACEMENT_3D('',#621,#11248,#11249);
#11248=DIRECTION('',(0,-1,0));
#11249=DIRECTION('',(0.9948036570076475,0,0.10181200324230306));
#11250=FACE_BOUND('',#11251,.T.);
#11251=EDGE_LOOP('',(#11252,#11253,#11254));
#11252=ORIENTED_EDGE('',*,*,#11255,.T.);
#11253=ORIENTED_EDGE('',*,*,#11256,.T.);
#11254=ORIENTED_EDGE('',*,*,#11257,.T.);
#11255=EDGE_CURVE('',#622,#590,#11258,.F.);
#11256=EDGE_CURVE('',#590,#592,#11259,.T.);
#11257=EDGE_CURVE('',#592,#622,#11260,.T.);
#11258=LINE('',#621,#11261);
#11259=LINE('',#589,#11262);
#11260=LINE('',#591,#11263);
#11261=VECTOR('',#11264,1.0);
#11262=VECTOR('',#11265,1.0);
#11263=VECTOR('',#11266,1.0);
#11264=DIRECTION('',(0.9948036570076475,0,0.10181200324230306));
#11265=DIRECTION('',(0.21496348113500058,0,0.9766220874925584));
#11266=DIRECTION('',(-0.9922480530029465,0,-0.12427309166453451));
#11267=FACE_SURFACE('',(#11272),#11268,.T.);
#11268=PLANE('',#11269);
#11269=AXIS2_PLACEMENT_3D('',#617,#11270,#11271);
#11270=DIRECTION('',(0,-1,0));
#11271=DIRECTION('',(1,0,0));
#11272=FACE_BOUND('',#11273,.T.);
#11273=EDGE_LOOP('',(#11274,#11275,#11276));
#11274=ORIENTED_EDGE('',*,*,#11277,.T.);
#11275=ORIENTED_EDGE('',*,*,#11278,.T.);
#11276=ORIENTED_EDGE('',*,*,#11279,.T.);
#11277=EDGE_CURVE('',#618,#620,#11280,.F.);
#11278=EDGE_CURVE('',#620,#490,#11281,.T.);
#11279=EDGE_CURVE('',#490,#618,#11282,.T.);
#11280=LINE('',#617,#11283);
#11281=LINE('',#619,#11284);
#11282=LINE('',#489,#11285);
#11283=VECTOR('',#11286,1.0);
#11284=VECTOR('',#11287,1.0);
#11285=VECTOR('',#11288,1.0);
#11286=DIRECTION('',(1,0,0));
#11287=DIRECTION('',(-0.9989536273433806,0,0.045734564800622934));
#11288=DIRECTION('',(0.9951002098935731,0,-0.09887149371667588));
#11289=FACE_SURFACE('',(#11294),#11290,.T.);
#11290=PLANE('',#11291);
#11291=AXIS2_PLACEMENT_3D('',#53,#11292,#11293);
#11292=DIRECTION('',(1,-0,0));
#11293=DIRECTION('',(0,0,-1));
#11294=FACE_BOUND('',#11295,.T.);
#11295=EDGE_LOOP('',(#11296,#11297,#11298));
#11296=ORIENTED_EDGE('',*,*,#11299,.T.);
#11297=ORIENTED_EDGE('',*,*,#11300,.T.);
#11298=ORIENTED_EDGE('',*,*,#11301,.T.);
#11299=EDGE_CURVE('',#54,#388,#11302,.F.);
#11300=EDGE_CURVE('',#388,#56,#11303,.T.);
#11301=EDGE_CURVE('',#56,#54,#11304,.T.);
#11302=LINE('',#53,#11305);
#11303=LINE('',#387,#11306);
#11304=LINE('',#55,#11307);
#11305=VECTOR('',#11308,1.0);
#11306=VECTOR('',#11309,1.0);
#11307=VECTOR('',#11310,1.0);
#11308=DIRECTION('',(0,0,-1));
#11309=DIRECTION('',(0,0.10241796731048451,0.9947414538320943));
#11310=DIRECTION('',(0,-1,0));
#11311=FACE_SURFACE('',(#11316),#11312,.T.);
#11312=PLANE('',#11313);
#11313=AXIS2_PLACEMENT_3D('',#55,#11314,#11315);
#11314=DIRECTION('',(1,0,0));
#11315=DIRECTION('',(0,-0.10241796731048451,-0.9947414538320943));
#11316=FACE_BOUND('',#11317,.T.);
#11317=EDGE_LOOP('',(#11318,#11319,#11320));
#11318=ORIENTED_EDGE('',*,*,#11321,.T.);
#11319=ORIENTED_EDGE('',*,*,#11322,.T.);
#11320=ORIENTED_EDGE('',*,*,#11323,.T.);
#11321=EDGE_CURVE('',#56,#388,#11324,.F.);
#11322=EDGE_CURVE('',#388,#314,#11325,.T.);
#11323=EDGE_CURVE('',#314,#56,#11326,.T.);
#11324=LINE('',#55,#11327);
#11325=LINE('',#387,#11328);
#11326=LINE('',#313,#11329);
#11327=VECTOR('',#11330,1.0);
#11328=VECTOR('',#11331,1.0);
#11329=VECTOR('',#11332,1.0);
#11330=DIRECTION('',(0,-0.10241796731048451,-0.9947414538320943));
#11331=DIRECTION('',(0,1,0));
#11332=DIRECTION('',(0,0,1));
#11333=FACE_SURFACE('',(#11338),#11334,.T.);
#11334=PLANE('',#11335);
#11335=AXIS2_PLACEMENT_3D('',#177,#11336,#11337);
#11336=DIRECTION('',(-1,-0,-0));
#11337=DIRECTION('',(0,0,-1));
#11338=FACE_BOUND('',#11339,.T.);
#11339=EDGE_LOOP('',(#11340,#11341,#11342));
#11340=ORIENTED_EDGE('',*,*,#11343,.T.);
#11341=ORIENTED_EDGE('',*,*,#11344,.T.);
#11342=ORIENTED_EDGE('',*,*,#11345,.T.);
#11343=EDGE_CURVE('',#178,#184,#11346,.F.);
#11344=EDGE_CURVE('',#184,#636,#11347,.T.);
#11345=EDGE_CURVE('',#636,#178,#11348,.T.);
#11346=LINE('',#177,#11349);
#11347=LINE('',#183,#11350);
#11348=LINE('',#635,#11351);
#11349=VECTOR('',#11352,1.0);
#11350=VECTOR('',#11353,1.0);
#11351=VECTOR('',#11354,1.0);
#11352=DIRECTION('',(0,0,-1));
#11353=DIRECTION('',(0,-0.14242170535293697,0.9898060708261802));
#11354=DIRECTION('',(0,1,0));
#11355=FACE_SURFACE('',(#11360),#11356,.T.);
#11356=PLANE('',#11357);
#11357=AXIS2_PLACEMENT_3D('',#635,#11358,#11359);
#11358=DIRECTION('',(-1,0,0));
#11359=DIRECTION('',(0,0.14242170535293697,-0.9898060708261802));
#11360=FACE_BOUND('',#11361,.T.);
#11361=EDGE_LOOP('',(#11362,#11363,#11364));
#11362=ORIENTED_EDGE('',*,*,#11365,.T.);
#11363=ORIENTED_EDGE('',*,*,#11366,.T.);
#11364=ORIENTED_EDGE('',*,*,#11367,.T.);
#11365=EDGE_CURVE('',#636,#184,#11368,.F.);
#11366=EDGE_CURVE('',#184,#638,#11369,.T.);
#11367=EDGE_CURVE('',#638,#636,#11370,.T.);
#11368=LINE('',#635,#11371);
#11369=LINE('',#183,#11372);
#11370=LINE('',#637,#11373);
#11371=VECTOR('',#11374,1.0);
#11372=VECTOR('',#11375,1.0);
#11373=VECTOR('',#11376,1.0);
#11374=DIRECTION('',(0,0.14242170535293697,-0.9898060708261802));
#11375=DIRECTION('',(0,-1,0));
#11376=DIRECTION('',(0,0,1));
#11377=FACE_SURFACE('',(#11382),#11378,.T.);
#11378=PLANE('',#11379);
#11379=AXIS2_PLACEMENT_3D('',#183,#11380,#11381);
#11380=DIRECTION('',(0,0,1));
#11381=DIRECTION('',(-1,0,0));
#11382=FACE_BOUND('',#11383,.T.);
#11383=EDGE_LOOP('',(#11384,#11385,#11386));
#11384=ORIENTED_EDGE('',*,*,#11387,.T.);
#11385=ORIENTED_EDGE('',*,*,#11388,.T.);
#11386=ORIENTED_EDGE('',*,*,#11389,.T.);
#11387=EDGE_CURVE('',#184,#182,#11390,.F.);
#11388=EDGE_CURVE('',#182,#638,#11391,.T.);
#11389=EDGE_CURVE('',#638,#184,#11392,.T.);
#11390=LINE('',#183,#11393);
#11391=LINE('',#181,#11394);
#11392=LINE('',#637,#11395);
#11393=VECTOR('',#11396,1.0);
#11394=VECTOR('',#11397,1.0);
#11395=VECTOR('',#11398,1.0);
#11396=DIRECTION('',(-1,0,0));
#11397=DIRECTION('',(0.9898172877711287,-0.14234372774873738,0));
#11398=DIRECTION('',(0,1,0));
#11399=FACE_SURFACE('',(#11404),#11400,.T.);
#11400=PLANE('',#11401);
#11401=AXIS2_PLACEMENT_3D('',#637,#11402,#11403);
#11402=DIRECTION('',(0,0,1));
#11403=DIRECTION('',(-0.9898172877711287,0.14234372774873738,0));
#11404=FACE_BOUND('',#11405,.T.);
#11405=EDGE_LOOP('',(#11406,#11407,#11408));
#11406=ORIENTED_EDGE('',*,*,#11409,.T.);
#11407=ORIENTED_EDGE('',*,*,#11410,.T.);
#11408=ORIENTED_EDGE('',*,*,#11411,.T.);
#11409=EDGE_CURVE('',#638,#182,#11412,.F.);
#11410=EDGE_CURVE('',#182,#640,#11413,.T.);
#11411=EDGE_CURVE('',#640,#638,#11414,.T.);
#11412=LINE('',#637,#11415);
#11413=LINE('',#181,#11416);
#11414=LINE('',#639,#11417);
#11415=VECTOR('',#11418,1.0);
#11416=VECTOR('',#11419,1.0);
#11417=VECTOR('',#11420,1.0);
#11418=DIRECTION('',(-0.9898172877711287,0.14234372774873738,0));
#11419=DIRECTION('',(0,-1,0));
#11420=DIRECTION('',(1,0,0));
#11421=FACE_SURFACE('',(#11426),#11422,.T.);
#11422=PLANE('',#11423);
#11423=AXIS2_PLACEMENT_3D('',#181,#11424,#11425);
#11424=DIRECTION('',(1,0,-0));
#11425=DIRECTION('',(0,0,1));
#11426=FACE_BOUND('',#11427,.T.);
#11427=EDGE_LOOP('',(#11428,#11429,#11430));
#11428=ORIENTED_EDGE('',*,*,#11431,.T.);
#11429=ORIENTED_EDGE('',*,*,#11432,.T.);
#11430=ORIENTED_EDGE('',*,*,#11433,.T.);
#11431=EDGE_CURVE('',#182,#180,#11434,.F.);
#11432=EDGE_CURVE('',#180,#640,#11435,.T.);
#11433=EDGE_CURVE('',#640,#182,#11436,.T.);
#11434=LINE('',#181,#11437);
#11435=LINE('',#179,#11438);
#11436=LINE('',#639,#11439);
#11437=VECTOR('',#11440,1.0);
#11438=VECTOR('',#11441,1.0);
#11439=VECTOR('',#11442,1.0);
#11440=DIRECTION('',(0,0,1));
#11441=DIRECTION('',(0,-0.14242170535293697,-0.9898060708261802));
#11442=DIRECTION('',(0,1,0));
#11443=FACE_SURFACE('',(#11448),#11444,.T.);
#11444=PLANE('',#11445);
#11445=AXIS2_PLACEMENT_3D('',#639,#11446,#11447);
#11446=DIRECTION('',(1,0,0));
#11447=DIRECTION('',(0,0.14242170535293697,0.9898060708261802));
#11448=FACE_BOUND('',#11449,.T.);
#11449=EDGE_LOOP('',(#11450,#11451,#11452));
#11450=ORIENTED_EDGE('',*,*,#11453,.T.);
#11451=ORIENTED_EDGE('',*,*,#11454,.T.);
#11452=ORIENTED_EDGE('',*,*,#11455,.T.);
#11453=EDGE_CURVE('',#640,#180,#11456,.F.);
#11454=EDGE_CURVE('',#180,#634,#11457,.T.);
#11455=EDGE_CURVE('',#634,#640,#11458,.T.);
#11456=LINE('',#639,#11459);
#11457=LINE('',#179,#11460);
#11458=LINE('',#633,#11461);
#11459=VECTOR('',#11462,1.0);
#11460=VECTOR('',#11463,1.0);
#11461=VECTOR('',#11464,1.0);
#11462=DIRECTION('',(0,0.14242170535293697,0.9898060708261802));
#11463=DIRECTION('',(0,-1,0));
#11464=DIRECTION('',(0,0,-1));
#11465=FACE_SURFACE('',(#11470),#11466,.T.);
#11466=PLANE('',#11467);
#11467=AXIS2_PLACEMENT_3D('',#179,#11468,#11469);
#11468=DIRECTION('',(0,0,-1));
#11469=DIRECTION('',(1,0,0));
#11470=FACE_BOUND('',#11471,.T.);
#11471=EDGE_LOOP('',(#11472,#11473,#11474));
#11472=ORIENTED_EDGE('',*,*,#11475,.T.);
#11473=ORIENTED_EDGE('',*,*,#11476,.T.);
#11474=ORIENTED_EDGE('',*,*,#11477,.T.);
#11475=EDGE_CURVE('',#180,#178,#11478,.F.);
#11476=EDGE_CURVE('',#178,#634,#11479,.T.);
#11477=EDGE_CURVE('',#634,#180,#11480,.T.);
#11478=LINE('',#179,#11481);
#11479=LINE('',#177,#11482);
#11480=LINE('',#633,#11483);
#11481=VECTOR('',#11484,1.0);
#11482=VECTOR('',#11485,1.0);
#11483=VECTOR('',#11486,1.0);
#11484=DIRECTION('',(1,0,0));
#11485=DIRECTION('',(-0.9898172877711287,-0.14234372774873738,0));
#11486=DIRECTION('',(0,1,0));
#11487=FACE_SURFACE('',(#11492),#11488,.T.);
#11488=PLANE('',#11489);
#11489=AXIS2_PLACEMENT_3D('',#633,#11490,#11491);
#11490=DIRECTION('',(0,0,-1));
#11491=DIRECTION('',(0.9898172877711287,0.14234372774873738,0));
#11492=FACE_BOUND('',#11493,.T.);
#11493=EDGE_LOOP('',(#11494,#11495,#11496));
#11494=ORIENTED_EDGE('',*,*,#11497,.T.);
#11495=ORIENTED_EDGE('',*,*,#11498,.T.);
#11496=ORIENTED_EDGE('',*,*,#11499,.T.);
#11497=EDGE_CURVE('',#634,#178,#11500,.F.);
#11498=EDGE_CURVE('',#178,#636,#11501,.T.);
#11499=EDGE_CURVE('',#636,#634,#11502,.T.);
#11500=LINE('',#633,#11503);
#11501=LINE('',#177,#11504);
#11502=LINE('',#635,#11505);
#11503=VECTOR('',#11506,1.0);
#11504=VECTOR('',#11507,1.0);
#11505=VECTOR('',#11508,1.0);
#11506=DIRECTION('',(0.9898172877711287,0.14234372774873738,0));
#11507=DIRECTION('',(0,-1,0));
#11508=DIRECTION('',(-1,0,0));
#11509=FACE_SURFACE('',(#11514),#11510,.T.);
#11510=PLANE('',#11511);
#11511=AXIS2_PLACEMENT_3D('',#185,#11512,#11513);
#11512=DIRECTION('',(-1,-0,-0));
#11513=DIRECTION('',(0,0,-1));
#11514=FACE_BOUND('',#11515,.T.);
#11515=EDGE_LOOP('',(#11516,#11517,#11518));
#11516=ORIENTED_EDGE('',*,*,#11519,.T.);
#11517=ORIENTED_EDGE('',*,*,#11520,.T.);
#11518=ORIENTED_EDGE('',*,*,#11521,.T.);
#11519=EDGE_CURVE('',#186,#192,#11522,.F.);
#11520=EDGE_CURVE('',#192,#628,#11523,.T.);
#11521=EDGE_CURVE('',#628,#186,#11524,.T.);
#11522=LINE('',#185,#11525);
#11523=LINE('',#191,#11526);
#11524=LINE('',#627,#11527);
#11525=VECTOR('',#11528,1.0);
#11526=VECTOR('',#11529,1.0);
#11527=VECTOR('',#11530,1.0);
#11528=DIRECTION('',(0,0,-1));
#11529=DIRECTION('',(0,-0.1422635307650223,0.9898288174296955));
#11530=DIRECTION('',(0,1,0));
#11531=FACE_SURFACE('',(#11536),#11532,.T.);
#11532=PLANE('',#11533);
#11533=AXIS2_PLACEMENT_3D('',#627,#11534,#11535);
#11534=DIRECTION('',(-1,0,0));
#11535=DIRECTION('',(0,0.1422635307650223,-0.9898288174296955));
#11536=FACE_BOUND('',#11537,.T.);
#11537=EDGE_LOOP('',(#11538,#11539,#11540));
#11538=ORIENTED_EDGE('',*,*,#11541,.T.);
#11539=ORIENTED_EDGE('',*,*,#11542,.T.);
#11540=ORIENTED_EDGE('',*,*,#11543,.T.);
#11541=EDGE_CURVE('',#628,#192,#11544,.F.);
#11542=EDGE_CURVE('',#192,#630,#11545,.T.);
#11543=EDGE_CURVE('',#630,#628,#11546,.T.);
#11544=LINE('',#627,#11547);
#11545=LINE('',#191,#11548);
#11546=LINE('',#629,#11549);
#11547=VECTOR('',#11550,1.0);
#11548=VECTOR('',#11551,1.0);
#11549=VECTOR('',#11552,1.0);
#11550=DIRECTION('',(0,0.1422635307650223,-0.9898288174296955));
#11551=DIRECTION('',(0,-1,0));
#11552=DIRECTION('',(0,0,1));
#11553=FACE_SURFACE('',(#11558),#11554,.T.);
#11554=PLANE('',#11555);
#11555=AXIS2_PLACEMENT_3D('',#191,#11556,#11557);
#11556=DIRECTION('',(0,0,1));
#11557=DIRECTION('',(-1,0,0));
#11558=FACE_BOUND('',#11559,.T.);
#11559=EDGE_LOOP('',(#11560,#11561,#11562));
#11560=ORIENTED_EDGE('',*,*,#11563,.T.);
#11561=ORIENTED_EDGE('',*,*,#11564,.T.);
#11562=ORIENTED_EDGE('',*,*,#11565,.T.);
#11563=EDGE_CURVE('',#192,#190,#11566,.F.);
#11564=EDGE_CURVE('',#190,#630,#11567,.T.);
#11565=EDGE_CURVE('',#630,#192,#11568,.T.);
#11566=LINE('',#191,#11569);
#11567=LINE('',#189,#11570);
#11568=LINE('',#629,#11571);
#11569=VECTOR('',#11572,1.0);
#11570=VECTOR('',#11573,1.0);
#11571=VECTOR('',#11574,1.0);
#11572=DIRECTION('',(-1,0,0));
#11573=DIRECTION('',(0.9898172877711287,-0.14234372774873738,0));
#11574=DIRECTION('',(0,1,0));
#11575=FACE_SURFACE('',(#11580),#11576,.T.);
#11576=PLANE('',#11577);
#11577=AXIS2_PLACEMENT_3D('',#629,#11578,#11579);
#11578=DIRECTION('',(0,0,1));
#11579=DIRECTION('',(-0.9898172877711287,0.14234372774873738,0));
#11580=FACE_BOUND('',#11581,.T.);
#11581=EDGE_LOOP('',(#11582,#11583,#11584));
#11582=ORIENTED_EDGE('',*,*,#11585,.T.);
#11583=ORIENTED_EDGE('',*,*,#11586,.T.);
#11584=ORIENTED_EDGE('',*,*,#11587,.T.);
#11585=EDGE_CURVE('',#630,#190,#11588,.F.);
#11586=EDGE_CURVE('',#190,#632,#11589,.T.);
#11587=EDGE_CURVE('',#632,#630,#11590,.T.);
#11588=LINE('',#629,#11591);
#11589=LINE('',#189,#11592);
#11590=LINE('',#631,#11593);
#11591=VECTOR('',#11594,1.0);
#11592=VECTOR('',#11595,1.0);
#11593=VECTOR('',#11596,1.0);
#11594=DIRECTION('',(-0.9898172877711287,0.14234372774873738,0));
#11595=DIRECTION('',(0,-1,0));
#11596=DIRECTION('',(1,0,0));
#11597=FACE_SURFACE('',(#11602),#11598,.T.);
#11598=PLANE('',#11599);
#11599=AXIS2_PLACEMENT_3D('',#189,#11600,#11601);
#11600=DIRECTION('',(1,0,-0));
#11601=DIRECTION('',(0,0,1));
#11602=FACE_BOUND('',#11603,.T.);
#11603=EDGE_LOOP('',(#11604,#11605,#11606));
#11604=ORIENTED_EDGE('',*,*,#11607,.T.);
#11605=ORIENTED_EDGE('',*,*,#11608,.T.);
#11606=ORIENTED_EDGE('',*,*,#11609,.T.);
#11607=EDGE_CURVE('',#190,#188,#11610,.F.);
#11608=EDGE_CURVE('',#188,#632,#11611,.T.);
#11609=EDGE_CURVE('',#632,#190,#11612,.T.);
#11610=LINE('',#189,#11613);
#11611=LINE('',#187,#11614);
#11612=LINE('',#631,#11615);
#11613=VECTOR('',#11616,1.0);
#11614=VECTOR('',#11617,1.0);
#11615=VECTOR('',#11618,1.0);
#11616=DIRECTION('',(0,0,1));
#11617=DIRECTION('',(0,-0.1422635307650223,-0.9898288174296955));
#11618=DIRECTION('',(0,1,0));
#11619=FACE_SURFACE('',(#11624),#11620,.T.);
#11620=PLANE('',#11621);
#11621=AXIS2_PLACEMENT_3D('',#631,#11622,#11623);
#11622=DIRECTION('',(1,0,0));
#11623=DIRECTION('',(0,0.1422635307650223,0.9898288174296955));
#11624=FACE_BOUND('',#11625,.T.);
#11625=EDGE_LOOP('',(#11626,#11627,#11628));
#11626=ORIENTED_EDGE('',*,*,#11629,.T.);
#11627=ORIENTED_EDGE('',*,*,#11630,.T.);
#11628=ORIENTED_EDGE('',*,*,#11631,.T.);
#11629=EDGE_CURVE('',#632,#188,#11632,.F.);
#11630=EDGE_CURVE('',#188,#626,#11633,.T.);
#11631=EDGE_CURVE('',#626,#632,#11634,.T.);
#11632=LINE('',#631,#11635);
#11633=LINE('',#187,#11636);
#11634=LINE('',#625,#11637);
#11635=VECTOR('',#11638,1.0);
#11636=VECTOR('',#11639,1.0);
#11637=VECTOR('',#11640,1.0);
#11638=DIRECTION('',(0,0.1422635307650223,0.9898288174296955));
#11639=DIRECTION('',(0,-1,0));
#11640=DIRECTION('',(0,0,-1));
#11641=FACE_SURFACE('',(#11646),#11642,.T.);
#11642=PLANE('',#11643);
#11643=AXIS2_PLACEMENT_3D('',#187,#11644,#11645);
#11644=DIRECTION('',(0,0,-1));
#11645=DIRECTION('',(1,0,0));
#11646=FACE_BOUND('',#11647,.T.);
#11647=EDGE_LOOP('',(#11648,#11649,#11650));
#11648=ORIENTED_EDGE('',*,*,#11651,.T.);
#11649=ORIENTED_EDGE('',*,*,#11652,.T.);
#11650=ORIENTED_EDGE('',*,*,#11653,.T.);
#11651=EDGE_CURVE('',#188,#186,#11654,.F.);
#11652=EDGE_CURVE('',#186,#626,#11655,.T.);
#11653=EDGE_CURVE('',#626,#188,#11656,.T.);
#11654=LINE('',#187,#11657);
#11655=LINE('',#185,#11658);
#11656=LINE('',#625,#11659);
#11657=VECTOR('',#11660,1.0);
#11658=VECTOR('',#11661,1.0);
#11659=VECTOR('',#11662,1.0);
#11660=DIRECTION('',(1,0,0));
#11661=DIRECTION('',(-0.9898172877711287,-0.14234372774873738,0));
#11662=DIRECTION('',(0,1,0));
#11663=FACE_SURFACE('',(#11668),#11664,.T.);
#11664=PLANE('',#11665);
#11665=AXIS2_PLACEMENT_3D('',#625,#11666,#11667);
#11666=DIRECTION('',(0,0,-1));
#11667=DIRECTION('',(0.9898172877711287,0.14234372774873738,0));
#11668=FACE_BOUND('',#11669,.T.);
#11669=EDGE_LOOP('',(#11670,#11671,#11672));
#11670=ORIENTED_EDGE('',*,*,#11673,.T.);
#11671=ORIENTED_EDGE('',*,*,#11674,.T.);
#11672=ORIENTED_EDGE('',*,*,#11675,.T.);
#11673=EDGE_CURVE('',#626,#186,#11676,.F.);
#11674=EDGE_CURVE('',#186,#628,#11677,.T.);
#11675=EDGE_CURVE('',#628,#626,#11678,.T.);
#11676=LINE('',#625,#11679);
#11677=LINE('',#185,#11680);
#11678=LINE('',#627,#11681);
#11679=VECTOR('',#11682,1.0);
#11680=VECTOR('',#11683,1.0);
#11681=VECTOR('',#11684,1.0);
#11682=DIRECTION('',(0.9898172877711287,0.14234372774873738,0));
#11683=DIRECTION('',(0,-1,0));
#11684=DIRECTION('',(-1,0,0));
#11685=FACE_SURFACE('',(#11690),#11686,.T.);
#11686=PLANE('',#11687);
#11687=AXIS2_PLACEMENT_3D('',#193,#11688,#11689);
#11688=DIRECTION('',(-1,-0,-0));
#11689=DIRECTION('',(0,0,-1));
#11690=FACE_BOUND('',#11691,.T.);
#11691=EDGE_LOOP('',(#11692,#11693,#11694));
#11692=ORIENTED_EDGE('',*,*,#11695,.T.);
#11693=ORIENTED_EDGE('',*,*,#11696,.T.);
#11694=ORIENTED_EDGE('',*,*,#11697,.T.);
#11695=EDGE_CURVE('',#194,#200,#11698,.F.);
#11696=EDGE_CURVE('',#200,#620,#11699,.T.);
#11697=EDGE_CURVE('',#620,#194,#11700,.T.);
#11698=LINE('',#193,#11701);
#11699=LINE('',#199,#11702);
#11700=LINE('',#619,#11703);
#11701=VECTOR('',#11704,1.0);
#11702=VECTOR('',#11705,1.0);
#11703=VECTOR('',#11706,1.0);
#11704=DIRECTION('',(0,0,-1));
#11705=DIRECTION('',(0,-0.06967590713660775,0.9975696807565329));
#11706=DIRECTION('',(0,1,0));
#11707=FACE_SURFACE('',(#11712),#11708,.T.);
#11708=PLANE('',#11709);
#11709=AXIS2_PLACEMENT_3D('',#619,#11710,#11711);
#11710=DIRECTION('',(-1,0,0));
#11711=DIRECTION('',(0,0.06967590713660775,-0.9975696807565329));
#11712=FACE_BOUND('',#11713,.T.);
#11713=EDGE_LOOP('',(#11714,#11715,#11716));
#11714=ORIENTED_EDGE('',*,*,#11717,.T.);
#11715=ORIENTED_EDGE('',*,*,#11718,.T.);
#11716=ORIENTED_EDGE('',*,*,#11719,.T.);
#11717=EDGE_CURVE('',#620,#200,#11720,.F.);
#11718=EDGE_CURVE('',#200,#622,#11721,.T.);
#11719=EDGE_CURVE('',#622,#620,#11722,.T.);
#11720=LINE('',#619,#11723);
#11721=LINE('',#199,#11724);
#11722=LINE('',#621,#11725);
#11723=VECTOR('',#11726,1.0);
#11724=VECTOR('',#11727,1.0);
#11725=VECTOR('',#11728,1.0);
#11726=DIRECTION('',(0,0.06967590713660775,-0.9975696807565329));
#11727=DIRECTION('',(0,-1,0));
#11728=DIRECTION('',(0,0,1));
#11729=FACE_SURFACE('',(#11734),#11730,.T.);
#11730=PLANE('',#11731);
#11731=AXIS2_PLACEMENT_3D('',#199,#11732,#11733);
#11732=DIRECTION('',(0,0,1));
#11733=DIRECTION('',(-1,0,0));
#11734=FACE_BOUND('',#11735,.T.);
#11735=EDGE_LOOP('',(#11736,#11737,#11738));
#11736=ORIENTED_EDGE('',*,*,#11739,.T.);
#11737=ORIENTED_EDGE('',*,*,#11740,.T.);
#11738=ORIENTED_EDGE('',*,*,#11741,.T.);
#11739=EDGE_CURVE('',#200,#198,#11742,.F.);
#11740=EDGE_CURVE('',#198,#622,#11743,.T.);
#11741=EDGE_CURVE('',#622,#200,#11744,.T.);
#11742=LINE('',#199,#11745);
#11743=LINE('',#197,#11746);
#11744=LINE('',#621,#11747);
#11745=VECTOR('',#11748,1.0);
#11746=VECTOR('',#11749,1.0);
#11747=VECTOR('',#11750,1.0);
#11748=DIRECTION('',(-1,0,0));
#11749=DIRECTION('',(0.9975040993249525,-0.07060858184325315,0));
#11750=DIRECTION('',(0,1,0));
#11751=FACE_SURFACE('',(#11756),#11752,.T.);
#11752=PLANE('',#11753);
#11753=AXIS2_PLACEMENT_3D('',#621,#11754,#11755);
#11754=DIRECTION('',(0,0,1));
#11755=DIRECTION('',(-0.9975040993249525,0.07060858184325315,0));
#11756=FACE_BOUND('',#11757,.T.);
#11757=EDGE_LOOP('',(#11758,#11759,#11760));
#11758=ORIENTED_EDGE('',*,*,#11761,.T.);
#11759=ORIENTED_EDGE('',*,*,#11762,.T.);
#11760=ORIENTED_EDGE('',*,*,#11763,.T.);
#11761=EDGE_CURVE('',#622,#198,#11764,.F.);
#11762=EDGE_CURVE('',#198,#624,#11765,.T.);
#11763=EDGE_CURVE('',#624,#622,#11766,.T.);
#11764=LINE('',#621,#11767);
#11765=LINE('',#197,#11768);
#11766=LINE('',#623,#11769);
#11767=VECTOR('',#11770,1.0);
#11768=VECTOR('',#11771,1.0);
#11769=VECTOR('',#11772,1.0);
#11770=DIRECTION('',(-0.9975040993249525,0.07060858184325315,0));
#11771=DIRECTION('',(0,-1,0));
#11772=DIRECTION('',(1,0,0));
#11773=FACE_SURFACE('',(#11778),#11774,.T.);
#11774=PLANE('',#11775);
#11775=AXIS2_PLACEMENT_3D('',#197,#11776,#11777);
#11776=DIRECTION('',(1,0,-0));
#11777=DIRECTION('',(0,0,1));
#11778=FACE_BOUND('',#11779,.T.);
#11779=EDGE_LOOP('',(#11780,#11781,#11782));
#11780=ORIENTED_EDGE('',*,*,#11783,.T.);
#11781=ORIENTED_EDGE('',*,*,#11784,.T.);
#11782=ORIENTED_EDGE('',*,*,#11785,.T.);
#11783=EDGE_CURVE('',#198,#196,#11786,.F.);
#11784=EDGE_CURVE('',#196,#624,#11787,.T.);
#11785=EDGE_CURVE('',#624,#198,#11788,.T.);
#11786=LINE('',#197,#11789);
#11787=LINE('',#195,#11790);
#11788=LINE('',#623,#11791);
#11789=VECTOR('',#11792,1.0);
#11790=VECTOR('',#11793,1.0);
#11791=VECTOR('',#11794,1.0);
#11792=DIRECTION('',(0,0,1));
#11793=DIRECTION('',(0,-0.06967590713660775,-0.9975696807565329));
#11794=DIRECTION('',(0,1,0));
#11795=FACE_SURFACE('',(#11800),#11796,.T.);
#11796=PLANE('',#11797);
#11797=AXIS2_PLACEMENT_3D('',#623,#11798,#11799);
#11798=DIRECTION('',(1,0,0));
#11799=DIRECTION('',(0,0.06967590713660775,0.9975696807565329));
#11800=FACE_BOUND('',#11801,.T.);
#11801=EDGE_LOOP('',(#11802,#11803,#11804));
#11802=ORIENTED_EDGE('',*,*,#11805,.T.);
#11803=ORIENTED_EDGE('',*,*,#11806,.T.);
#11804=ORIENTED_EDGE('',*,*,#11807,.T.);
#11805=EDGE_CURVE('',#624,#196,#11808,.F.);
#11806=EDGE_CURVE('',#196,#618,#11809,.T.);
#11807=EDGE_CURVE('',#618,#624,#11810,.T.);
#11808=LINE('',#623,#11811);
#11809=LINE('',#195,#11812);
#11810=LINE('',#617,#11813);
#11811=VECTOR('',#11814,1.0);
#11812=VECTOR('',#11815,1.0);
#11813=VECTOR('',#11816,1.0);
#11814=DIRECTION('',(0,0.06967590713660775,0.9975696807565329));
#11815=DIRECTION('',(0,-1,0));
#11816=DIRECTION('',(0,0,-1));
#11817=FACE_SURFACE('',(#11822),#11818,.T.);
#11818=PLANE('',#11819);
#11819=AXIS2_PLACEMENT_3D('',#195,#11820,#11821);
#11820=DIRECTION('',(0,0,-1));
#11821=DIRECTION('',(1,0,0));
#11822=FACE_BOUND('',#11823,.T.);
#11823=EDGE_LOOP('',(#11824,#11825,#11826));
#11824=ORIENTED_EDGE('',*,*,#11827,.T.);
#11825=ORIENTED_EDGE('',*,*,#11828,.T.);
#11826=ORIENTED_EDGE('',*,*,#11829,.T.);
#11827=EDGE_CURVE('',#196,#194,#11830,.F.);
#11828=EDGE_CURVE('',#194,#618,#11831,.T.);
#11829=EDGE_CURVE('',#618,#196,#11832,.T.);
#11830=LINE('',#195,#11833);
#11831=LINE('',#193,#11834);
#11832=LINE('',#617,#11835);
#11833=VECTOR('',#11836,1.0);
#11834=VECTOR('',#11837,1.0);
#11835=VECTOR('',#11838,1.0);
#11836=DIRECTION('',(1,0,0));
#11837=DIRECTION('',(-0.9975040993249525,-0.07060858184325315,0));
#11838=DIRECTION('',(0,1,0));
#11839=FACE_SURFACE('',(#11844),#11840,.T.);
#11840=PLANE('',#11841);
#11841=AXIS2_PLACEMENT_3D('',#617,#11842,#11843);
#11842=DIRECTION('',(0,0,-1));
#11843=DIRECTION('',(0.9975040993249525,0.07060858184325315,0));
#11844=FACE_BOUND('',#11845,.T.);
#11845=EDGE_LOOP('',(#11846,#11847,#11848));
#11846=ORIENTED_EDGE('',*,*,#11849,.T.);
#11847=ORIENTED_EDGE('',*,*,#11850,.T.);
#11848=ORIENTED_EDGE('',*,*,#11851,.T.);
#11849=EDGE_CURVE('',#618,#194,#11852,.F.);
#11850=EDGE_CURVE('',#194,#620,#11853,.T.);
#11851=EDGE_CURVE('',#620,#618,#11854,.T.);
#11852=LINE('',#617,#11855);
#11853=LINE('',#193,#11856);
#11854=LINE('',#619,#11857);
#11855=VECTOR('',#11858,1.0);
#11856=VECTOR('',#11859,1.0);
#11857=VECTOR('',#11860,1.0);
#11858=DIRECTION('',(0.9975040993249525,0.07060858184325315,0));
#11859=DIRECTION('',(0,-1,0));
#11860=DIRECTION('',(-1,0,0));
#11861=FACE_SURFACE('',(#11866),#11862,.T.);
#11862=PLANE('',#11863);
#11863=AXIS2_PLACEMENT_3D('',#615,#11864,#11865);
#11864=DIRECTION('',(-0.9941394920648543,0,-0.10810490422285883));
#11865=DIRECTION('',(0,1,0));
#11866=FACE_BOUND('',#11867,.T.);
#11867=EDGE_LOOP('',(#11868,#11869,#11870));
#11868=ORIENTED_EDGE('',*,*,#11871,.T.);
#11869=ORIENTED_EDGE('',*,*,#11872,.T.);
#11870=ORIENTED_EDGE('',*,*,#11873,.T.);
#11871=EDGE_CURVE('',#616,#204,#11874,.F.);
#11872=EDGE_CURVE('',#204,#560,#11875,.T.);
#11873=EDGE_CURVE('',#560,#616,#11876,.T.);
#11874=LINE('',#615,#11877);
#11875=LINE('',#203,#11878);
#11876=LINE('',#559,#11879);
#11877=VECTOR('',#11880,1.0);
#11878=VECTOR('',#11881,1.0);
#11879=VECTOR('',#11882,1.0);
#11880=DIRECTION('',(0,1,0));
#11881=DIRECTION('',(0.03770552066152862,-0.9372022435256927,-0.34674233725066117));
#11882=DIRECTION('',(-0.10810490422285883,0,0.9941394920648543));
#11883=FACE_SURFACE('',(#11888),#11884,.T.);
#11884=PLANE('',#11885);
#11885=AXIS2_PLACEMENT_3D('',#559,#11886,#11887);
#11886=DIRECTION('',(-0.9941394920648543,0,-0.10810490422285883));
#11887=DIRECTION('',(-0.03770552066152862,0.9372022435256927,0.34674233725066117));
#11888=FACE_BOUND('',#11889,.T.);
#11889=EDGE_LOOP('',(#11890,#11891,#11892));
#11890=ORIENTED_EDGE('',*,*,#11893,.T.);
#11891=ORIENTED_EDGE('',*,*,#11894,.T.);
#11892=ORIENTED_EDGE('',*,*,#11895,.T.);
#11893=EDGE_CURVE('',#560,#204,#11896,.F.);
#11894=EDGE_CURVE('',#204,#202,#11897,.T.);
#11895=EDGE_CURVE('',#202,#560,#11898,.T.);
#11896=LINE('',#559,#11899);
#11897=LINE('',#203,#11900);
#11898=LINE('',#201,#11901);
#11899=VECTOR('',#11902,1.0);
#11900=VECTOR('',#11903,1.0);
#11901=VECTOR('',#11904,1.0);
#11902=DIRECTION('',(-0.03770552066152862,0.9372022435256927,0.34674233725066117));
#11903=DIRECTION('',(0.10810490422285883,0,-0.9941394920648543));
#11904=DIRECTION('',(0,-1,0));
#11905=FACE_SURFACE('',(#11910),#11906,.T.);
#11906=PLANE('',#11907);
#11907=AXIS2_PLACEMENT_3D('',#559,#11908,#11909);
#11908=DIRECTION('',(-0.9941394606622038,0,0.10810519300321617));
#11909=DIRECTION('',(0,1,0));
#11910=FACE_BOUND('',#11911,.T.);
#11911=EDGE_LOOP('',(#11912,#11913,#11914));
#11912=ORIENTED_EDGE('',*,*,#11915,.T.);
#11913=ORIENTED_EDGE('',*,*,#11916,.T.);
#11914=ORIENTED_EDGE('',*,*,#11917,.T.);
#11915=EDGE_CURVE('',#560,#202,#11918,.F.);
#11916=EDGE_CURVE('',#202,#562,#11919,.T.);
#11917=EDGE_CURVE('',#562,#560,#11920,.T.);
#11918=LINE('',#559,#11921);
#11919=LINE('',#201,#11922);
#11920=LINE('',#561,#11923);
#11921=VECTOR('',#11924,1.0);
#11922=VECTOR('',#11925,1.0);
#11923=VECTOR('',#11926,1.0);
#11924=DIRECTION('',(0,1,0));
#11925=DIRECTION('',(-0.03770553291459422,-0.9372025480858835,-0.3467415127280749));
#11926=DIRECTION('',(0.10810519300321617,0,0.9941394606622038));
#11927=FACE_SURFACE('',(#11932),#11928,.T.);
#11928=PLANE('',#11929);
#11929=AXIS2_PLACEMENT_3D('',#561,#11930,#11931);
#11930=DIRECTION('',(-0.9941394606622038,0,0.10810519300321617));
#11931=DIRECTION('',(0.03770553291459422,0.9372025480858835,0.3467415127280749));
#11932=FACE_BOUND('',#11933,.T.);
#11933=EDGE_LOOP('',(#11934,#11935,#11936));
#11934=ORIENTED_EDGE('',*,*,#11937,.T.);
#11935=ORIENTED_EDGE('',*,*,#11938,.T.);
#11936=ORIENTED_EDGE('',*,*,#11939,.T.);
#11937=EDGE_CURVE('',#562,#202,#11940,.F.);
#11938=EDGE_CURVE('',#202,#258,#11941,.T.);
#11939=EDGE_CURVE('',#258,#562,#11942,.T.);
#11940=LINE('',#561,#11943);
#11941=LINE('',#201,#11944);
#11942=LINE('',#257,#11945);
#11943=VECTOR('',#11946,1.0);
#11944=VECTOR('',#11947,1.0);
#11945=VECTOR('',#11948,1.0);
#11946=DIRECTION('',(0.03770553291459422,0.9372025480858835,0.3467415127280749));
#11947=DIRECTION('',(-0.10810519300321617,0,-0.9941394606622038));
#11948=DIRECTION('',(0,-1,0));
#11949=FACE_SURFACE('',(#11954),#11950,.T.);
#11950=PLANE('',#11951);
#11951=AXIS2_PLACEMENT_3D('',#561,#11952,#11953);
#11952=DIRECTION('',(-0.9476515800573267,0,0.3193062523892255));
#11953=DIRECTION('',(0,1,0));
#11954=FACE_BOUND('',#11955,.T.);
#11955=EDGE_LOOP('',(#11956,#11957,#11958));
#11956=ORIENTED_EDGE('',*,*,#11959,.T.);
#11957=ORIENTED_EDGE('',*,*,#11960,.T.);
#11958=ORIENTED_EDGE('',*,*,#11961,.T.);
#11959=EDGE_CURVE('',#562,#258,#11962,.F.);
#11960=EDGE_CURVE('',#258,#564,#11963,.T.);
#11961=EDGE_CURVE('',#564,#562,#11964,.T.);
#11962=LINE('',#561,#11965);
#11963=LINE('',#257,#11966);
#11964=LINE('',#563,#11967);
#11965=VECTOR('',#11968,1.0);
#11966=VECTOR('',#11969,1.0);
#11967=VECTOR('',#11970,1.0);
#11968=DIRECTION('',(0,1,0));
#11969=DIRECTION('',(-0.11136962456183241,-0.9372023071380996,-0.33052782366992894));
#11970=DIRECTION('',(0.3193062523892255,0,0.9476515800573267));
#11971=FACE_SURFACE('',(#11976),#11972,.T.);
#11972=PLANE('',#11973);
#11973=AXIS2_PLACEMENT_3D('',#563,#11974,#11975);
#11974=DIRECTION('',(-0.9476515800573267,0,0.3193062523892255));
#11975=DIRECTION('',(0.11136962456183241,0.9372023071380996,0.33052782366992894));
#11976=FACE_BOUND('',#11977,.T.);
#11977=EDGE_LOOP('',(#11978,#11979,#11980));
#11978=ORIENTED_EDGE('',*,*,#11981,.T.);
#11979=ORIENTED_EDGE('',*,*,#11982,.T.);
#11980=ORIENTED_EDGE('',*,*,#11983,.T.);
#11981=EDGE_CURVE('',#564,#258,#11984,.F.);
#11982=EDGE_CURVE('',#258,#256,#11985,.T.);
#11983=EDGE_CURVE('',#256,#564,#11986,.T.);
#11984=LINE('',#563,#11987);
#11985=LINE('',#257,#11988);
#11986=LINE('',#255,#11989);
#11987=VECTOR('',#11990,1.0);
#11988=VECTOR('',#11991,1.0);
#11989=VECTOR('',#11992,1.0);
#11990=DIRECTION('',(0.11136962456183241,0.9372023071380996,0.33052782366992894));
#11991=DIRECTION('',(-0.3193062523892255,0,-0.9476515800573267));
#11992=DIRECTION('',(0,-1,0));
#11993=FACE_SURFACE('',(#11998),#11994,.T.);
#11994=PLANE('',#11995);
#11995=AXIS2_PLACEMENT_3D('',#563,#11996,#11997);
#11996=DIRECTION('',(-0.8568611409897278,0,0.5155472675340078));
#11997=DIRECTION('',(0,1,0));
#11998=FACE_BOUND('',#11999,.T.);
#11999=EDGE_LOOP('',(#12000,#12001,#12002));
#12000=ORIENTED_EDGE('',*,*,#12003,.T.);
#12001=ORIENTED_EDGE('',*,*,#12004,.T.);
#12002=ORIENTED_EDGE('',*,*,#12005,.T.);
#12003=EDGE_CURVE('',#564,#256,#12006,.F.);
#12004=EDGE_CURVE('',#256,#566,#12007,.T.);
#12005=EDGE_CURVE('',#566,#564,#12008,.T.);
#12006=LINE('',#563,#12009);
#12007=LINE('',#255,#12010);
#12008=LINE('',#565,#12011);
#12009=VECTOR('',#12012,1.0);
#12010=VECTOR('',#12013,1.0);
#12011=VECTOR('',#12014,1.0);
#12012=DIRECTION('',(0,1,0));
#12013=DIRECTION('',(-0.17981543276239254,-0.9372025641204024,-0.2988607768620978));
#12014=DIRECTION('',(0.5155472675340078,0,0.8568611409897278));
#12015=FACE_SURFACE('',(#12020),#12016,.T.);
#12016=PLANE('',#12017);
#12017=AXIS2_PLACEMENT_3D('',#565,#12018,#12019);
#12018=DIRECTION('',(-0.8568611409897278,0,0.5155472675340078));
#12019=DIRECTION('',(0.17981543276239254,0.9372025641204024,0.2988607768620978));
#12020=FACE_BOUND('',#12021,.T.);
#12021=EDGE_LOOP('',(#12022,#12023,#12024));
#12022=ORIENTED_EDGE('',*,*,#12025,.T.);
#12023=ORIENTED_EDGE('',*,*,#12026,.T.);
#12024=ORIENTED_EDGE('',*,*,#12027,.T.);
#12025=EDGE_CURVE('',#566,#256,#12028,.F.);
#12026=EDGE_CURVE('',#256,#254,#12029,.T.);
#12027=EDGE_CURVE('',#254,#566,#12030,.T.);
#12028=LINE('',#565,#12031);
#12029=LINE('',#255,#12032);
#12030=LINE('',#253,#12033);
#12031=VECTOR('',#12034,1.0);
#12032=VECTOR('',#12035,1.0);
#12033=VECTOR('',#12036,1.0);
#12034=DIRECTION('',(0.17981543276239254,0.9372025641204024,0.2988607768620978));
#12035=DIRECTION('',(-0.5155472675340078,0,-0.8568611409897278));
#12036=DIRECTION('',(0,-1,0));
#12037=FACE_SURFACE('',(#12042),#12038,.T.);
#12038=PLANE('',#12039);
#12039=AXIS2_PLACEMENT_3D('',#565,#12040,#12041);
#12040=DIRECTION('',(-0.7259912345704959,0,0.6877039532580914));
#12041=DIRECTION('',(0,1,0));
#12042=FACE_BOUND('',#12043,.T.);
#12043=EDGE_LOOP('',(#12044,#12045,#12046));
#12044=ORIENTED_EDGE('',*,*,#12047,.T.);
#12045=ORIENTED_EDGE('',*,*,#12048,.T.);
#12046=ORIENTED_EDGE('',*,*,#12049,.T.);
#12047=EDGE_CURVE('',#566,#254,#12050,.F.);
#12048=EDGE_CURVE('',#254,#568,#12051,.T.);
#12049=EDGE_CURVE('',#568,#566,#12052,.T.);
#12050=LINE('',#565,#12053);
#12051=LINE('',#253,#12054);
#12052=LINE('',#567,#12055);
#12053=VECTOR('',#12056,1.0);
#12054=VECTOR('',#12057,1.0);
#12055=VECTOR('',#12058,1.0);
#12056=DIRECTION('',(0,1,0));
#12057=DIRECTION('',(-0.2398635494357413,-0.9372012903059209,-0.2532177306213066));
#12058=DIRECTION('',(0.6877039532580914,0,0.7259912345704959));
#12059=FACE_SURFACE('',(#12064),#12060,.T.);
#12060=PLANE('',#12061);
#12061=AXIS2_PLACEMENT_3D('',#567,#12062,#12063);
#12062=DIRECTION('',(-0.7259912345704959,0,0.6877039532580914));
#12063=DIRECTION('',(0.2398635494357413,0.9372012903059209,0.2532177306213066));
#12064=FACE_BOUND('',#12065,.T.);
#12065=EDGE_LOOP('',(#12066,#12067,#12068));
#12066=ORIENTED_EDGE('',*,*,#12069,.T.);
#12067=ORIENTED_EDGE('',*,*,#12070,.T.);
#12068=ORIENTED_EDGE('',*,*,#12071,.T.);
#12069=EDGE_CURVE('',#568,#254,#12072,.F.);
#12070=EDGE_CURVE('',#254,#252,#12073,.T.);
#12071=EDGE_CURVE('',#252,#568,#12074,.T.);
#12072=LINE('',#567,#12075);
#12073=LINE('',#253,#12076);
#12074=LINE('',#251,#12077);
#12075=VECTOR('',#12078,1.0);
#12076=VECTOR('',#12079,1.0);
#12077=VECTOR('',#12080,1.0);
#12078=DIRECTION('',(0.2398635494357413,0.9372012903059209,0.2532177306213066));
#12079=DIRECTION('',(-0.6877039532580914,0,-0.7259912345704959));
#12080=DIRECTION('',(0,-1,0));
#12081=FACE_SURFACE('',(#12086),#12082,.T.);
#12082=PLANE('',#12083);
#12083=AXIS2_PLACEMENT_3D('',#567,#12084,#12085);
#12084=DIRECTION('',(-0.5611954336858531,0,0.8276833242310415));
#12085=DIRECTION('',(0,1,0));
#12086=FACE_BOUND('',#12087,.T.);
#12087=EDGE_LOOP('',(#12088,#12089,#12090));
#12088=ORIENTED_EDGE('',*,*,#12091,.T.);
#12089=ORIENTED_EDGE('',*,*,#12092,.T.);
#12090=ORIENTED_EDGE('',*,*,#12093,.T.);
#12091=EDGE_CURVE('',#568,#252,#12094,.F.);
#12092=EDGE_CURVE('',#252,#570,#12095,.T.);
#12093=EDGE_CURVE('',#570,#568,#12096,.T.);
#12094=LINE('',#567,#12097);
#12095=LINE('',#251,#12098);
#12096=LINE('',#569,#12099);
#12097=VECTOR('',#12100,1.0);
#12098=VECTOR('',#12101,1.0);
#12099=VECTOR('',#12102,1.0);
#12100=DIRECTION('',(0,1,0));
#12101=DIRECTION('',(-0.2886812589507964,-0.9372037859088688,-0.19573501068706722));
#12102=DIRECTION('',(0.8276833242310415,0,0.5611954336858531));
#12103=FACE_SURFACE('',(#12108),#12104,.T.);
#12104=PLANE('',#12105);
#12105=AXIS2_PLACEMENT_3D('',#569,#12106,#12107);
#12106=DIRECTION('',(-0.5611954336858531,0,0.8276833242310415));
#12107=DIRECTION('',(0.2886812589507964,0.9372037859088688,0.19573501068706722));
#12108=FACE_BOUND('',#12109,.T.);
#12109=EDGE_LOOP('',(#12110,#12111,#12112));
#12110=ORIENTED_EDGE('',*,*,#12113,.T.);
#12111=ORIENTED_EDGE('',*,*,#12114,.T.);
#12112=ORIENTED_EDGE('',*,*,#12115,.T.);
#12113=EDGE_CURVE('',#570,#252,#12116,.F.);
#12114=EDGE_CURVE('',#252,#250,#12117,.T.);
#12115=EDGE_CURVE('',#250,#570,#12118,.T.);
#12116=LINE('',#569,#12119);
#12117=LINE('',#251,#12120);
#12118=LINE('',#249,#12121);
#12119=VECTOR('',#12122,1.0);
#12120=VECTOR('',#12123,1.0);
#12121=VECTOR('',#12124,1.0);
#12122=DIRECTION('',(0.2886812589507964,0.9372037859088688,0.19573501068706722));
#12123=DIRECTION('',(-0.8276833242310415,0,-0.5611954336858531));
#12124=DIRECTION('',(0,-1,0));
#12125=FACE_SURFACE('',(#12130),#12126,.T.);
#12126=PLANE('',#12127);
#12127=AXIS2_PLACEMENT_3D('',#569,#12128,#12129);
#12128=DIRECTION('',(-0.37013438612752925,0,0.9289782215994071));
#12129=DIRECTION('',(0,1,0));
#12130=FACE_BOUND('',#12131,.T.);
#12131=EDGE_LOOP('',(#12132,#12133,#12134));
#12132=ORIENTED_EDGE('',*,*,#12135,.T.);
#12133=ORIENTED_EDGE('',*,*,#12136,.T.);
#12134=ORIENTED_EDGE('',*,*,#12137,.T.);
#12135=EDGE_CURVE('',#570,#250,#12138,.F.);
#12136=EDGE_CURVE('',#250,#572,#12139,.T.);
#12137=EDGE_CURVE('',#572,#570,#12140,.T.);
#12138=LINE('',#569,#12141);
#12139=LINE('',#249,#12142);
#12140=LINE('',#571,#12143);
#12141=VECTOR('',#12144,1.0);
#12142=VECTOR('',#12145,1.0);
#12143=VECTOR('',#12146,1.0);
#12144=DIRECTION('',(0,1,0));
#12145=DIRECTION('',(-0.3240168035883219,-0.9372015098236981,-0.12909857077670409));
#12146=DIRECTION('',(0.9289782215994071,0,0.37013438612752925));
#12147=FACE_SURFACE('',(#12152),#12148,.T.);
#12148=PLANE('',#12149);
#12149=AXIS2_PLACEMENT_3D('',#571,#12150,#12151);
#12150=DIRECTION('',(-0.37013438612752925,0,0.9289782215994071));
#12151=DIRECTION('',(0.3240168035883219,0.9372015098236981,0.12909857077670409));
#12152=FACE_BOUND('',#12153,.T.);
#12153=EDGE_LOOP('',(#12154,#12155,#12156));
#12154=ORIENTED_EDGE('',*,*,#12157,.T.);
#12155=ORIENTED_EDGE('',*,*,#12158,.T.);
#12156=ORIENTED_EDGE('',*,*,#12159,.T.);
#12157=EDGE_CURVE('',#572,#250,#12160,.F.);
#12158=EDGE_CURVE('',#250,#248,#12161,.T.);
#12159=EDGE_CURVE('',#248,#572,#12162,.T.);
#12160=LINE('',#571,#12163);
#12161=LINE('',#249,#12164);
#12162=LINE('',#247,#12165);
#12163=VECTOR('',#12166,1.0);
#12164=VECTOR('',#12167,1.0);
#12165=VECTOR('',#12168,1.0);
#12166=DIRECTION('',(0.3240168035883219,0.9372015098236981,0.12909857077670409));
#12167=DIRECTION('',(-0.9289782215994071,0,-0.37013438612752925));
#12168=DIRECTION('',(0,-1,0));
#12169=FACE_SURFACE('',(#12174),#12170,.T.);
#12170=PLANE('',#12171);
#12171=AXIS2_PLACEMENT_3D('',#571,#12172,#12173);
#12172=DIRECTION('',(-0.16178313455123416,0,0.9868263359754732));
#12173=DIRECTION('',(0,1,0));
#12174=FACE_BOUND('',#12175,.T.);
#12175=EDGE_LOOP('',(#12176,#12177,#12178));
#12176=ORIENTED_EDGE('',*,*,#12179,.T.);
#12177=ORIENTED_EDGE('',*,*,#12180,.T.);
#12178=ORIENTED_EDGE('',*,*,#12181,.T.);
#12179=EDGE_CURVE('',#572,#248,#12182,.F.);
#12180=EDGE_CURVE('',#248,#574,#12183,.T.);
#12181=EDGE_CURVE('',#574,#572,#12184,.T.);
#12182=LINE('',#571,#12185);
#12183=LINE('',#247,#12186);
#12184=LINE('',#573,#12187);
#12185=VECTOR('',#12188,1.0);
#12186=VECTOR('',#12189,1.0);
#12187=VECTOR('',#12190,1.0);
#12188=DIRECTION('',(0,1,0));
#12189=DIRECTION('',(-0.34419295988799137,-0.937201733635376,-0.056427979180452725));
#12190=DIRECTION('',(0.9868263359754732,0,0.16178313455123416));
#12191=FACE_SURFACE('',(#12196),#12192,.T.);
#12192=PLANE('',#12193);
#12193=AXIS2_PLACEMENT_3D('',#573,#12194,#12195);
#12194=DIRECTION('',(-0.16178313455123416,0,0.9868263359754732));
#12195=DIRECTION('',(0.34419295988799137,0.937201733635376,0.056427979180452725));
#12196=FACE_BOUND('',#12197,.T.);
#12197=EDGE_LOOP('',(#12198,#12199,#12200));
#12198=ORIENTED_EDGE('',*,*,#12201,.T.);
#12199=ORIENTED_EDGE('',*,*,#12202,.T.);
#12200=ORIENTED_EDGE('',*,*,#12203,.T.);
#12201=EDGE_CURVE('',#574,#248,#12204,.F.);
#12202=EDGE_CURVE('',#248,#246,#12205,.T.);
#12203=EDGE_CURVE('',#246,#574,#12206,.T.);
#12204=LINE('',#573,#12207);
#12205=LINE('',#247,#12208);
#12206=LINE('',#245,#12209);
#12207=VECTOR('',#12210,1.0);
#12208=VECTOR('',#12211,1.0);
#12209=VECTOR('',#12212,1.0);
#12210=DIRECTION('',(0.34419295988799137,0.937201733635376,0.056427979180452725));
#12211=DIRECTION('',(-0.9868263359754732,0,-0.16178313455123416));
#12212=DIRECTION('',(0,-1,0));
#12213=FACE_SURFACE('',(#12218),#12214,.T.);
#12214=PLANE('',#12215);
#12215=AXIS2_PLACEMENT_3D('',#573,#12216,#12217);
#12216=DIRECTION('',(0.05414042479141933,-0,0.9985333316436686));
#12217=DIRECTION('',(0,1,0));
#12218=FACE_BOUND('',#12219,.T.);
#12219=EDGE_LOOP('',(#12220,#12221,#12222));
#12220=ORIENTED_EDGE('',*,*,#12223,.T.);
#12221=ORIENTED_EDGE('',*,*,#12224,.T.);
#12222=ORIENTED_EDGE('',*,*,#12225,.T.);
#12223=EDGE_CURVE('',#574,#246,#12226,.F.);
#12224=EDGE_CURVE('',#246,#576,#12227,.T.);
#12225=EDGE_CURVE('',#576,#574,#12228,.T.);
#12226=LINE('',#573,#12229);
#12227=LINE('',#245,#12230);
#12228=LINE('',#575,#12231);
#12229=VECTOR('',#12232,1.0);
#12230=VECTOR('',#12233,1.0);
#12231=VECTOR('',#12234,1.0);
#12232=DIRECTION('',(0,1,0));
#12233=DIRECTION('',(-0.34827880146521417,-0.9372007703253123,0.018883658321284694));
#12234=DIRECTION('',(0.9985333316436686,0,-0.05414042479141933));
#12235=FACE_SURFACE('',(#12240),#12236,.T.);
#12236=PLANE('',#12237);
#12237=AXIS2_PLACEMENT_3D('',#575,#12238,#12239);
#12238=DIRECTION('',(0.05414042479141933,-0,0.9985333316436686));
#12239=DIRECTION('',(0.34827880146521417,0.9372007703253123,-0.018883658321284694));
#12240=FACE_BOUND('',#12241,.T.);
#12241=EDGE_LOOP('',(#12242,#12243,#12244));
#12242=ORIENTED_EDGE('',*,*,#12245,.T.);
#12243=ORIENTED_EDGE('',*,*,#12246,.T.);
#12244=ORIENTED_EDGE('',*,*,#12247,.T.);
#12245=EDGE_CURVE('',#576,#246,#12248,.F.);
#12246=EDGE_CURVE('',#246,#244,#12249,.T.);
#12247=EDGE_CURVE('',#244,#576,#12250,.T.);
#12248=LINE('',#575,#12251);
#12249=LINE('',#245,#12252);
#12250=LINE('',#243,#12253);
#12251=VECTOR('',#12254,1.0);
#12252=VECTOR('',#12255,1.0);
#12253=VECTOR('',#12256,1.0);
#12254=DIRECTION('',(0.34827880146521417,0.9372007703253123,-0.018883658321284694));
#12255=DIRECTION('',(-0.9985333316436686,0,0.05414042479141933));
#12256=DIRECTION('',(0,-1,0));
#12257=FACE_SURFACE('',(#12262),#12258,.T.);
#12258=PLANE('',#12259);
#12259=AXIS2_PLACEMENT_3D('',#575,#12260,#12261);
#12260=DIRECTION('',(0.26753243614555355,-0,0.963548854812264));
#12261=DIRECTION('',(0,1,0));
#12262=FACE_BOUND('',#12263,.T.);
#12263=EDGE_LOOP('',(#12264,#12265,#12266));
#12264=ORIENTED_EDGE('',*,*,#12267,.T.);
#12265=ORIENTED_EDGE('',*,*,#12268,.T.);
#12266=ORIENTED_EDGE('',*,*,#12269,.T.);
#12267=EDGE_CURVE('',#576,#244,#12270,.F.);
#12268=EDGE_CURVE('',#244,#578,#12271,.T.);
#12269=EDGE_CURVE('',#578,#576,#12272,.T.);
#12270=LINE('',#575,#12273);
#12271=LINE('',#243,#12274);
#12272=LINE('',#577,#12275);
#12273=VECTOR('',#12276,1.0);
#12274=VECTOR('',#12277,1.0);
#12275=VECTOR('',#12278,1.0);
#12276=DIRECTION('',(0,1,0));
#12277=DIRECTION('',(-0.33606658200462514,-0.9372046215241563,0.0933099665281886));
#12278=DIRECTION('',(0.963548854812264,0,-0.26753243614555355));
#12279=FACE_SURFACE('',(#12284),#12280,.T.);
#12280=PLANE('',#12281);
#12281=AXIS2_PLACEMENT_3D('',#577,#12282,#12283);
#12282=DIRECTION('',(0.26753243614555355,-0,0.963548854812264));
#12283=DIRECTION('',(0.33606658200462514,0.9372046215241563,-0.0933099665281886));
#12284=FACE_BOUND('',#12285,.T.);
#12285=EDGE_LOOP('',(#12286,#12287,#12288));
#12286=ORIENTED_EDGE('',*,*,#12289,.T.);
#12287=ORIENTED_EDGE('',*,*,#12290,.T.);
#12288=ORIENTED_EDGE('',*,*,#12291,.T.);
#12289=EDGE_CURVE('',#578,#244,#12292,.F.);
#12290=EDGE_CURVE('',#244,#242,#12293,.T.);
#12291=EDGE_CURVE('',#242,#578,#12294,.T.);
#12292=LINE('',#577,#12295);
#12293=LINE('',#243,#12296);
#12294=LINE('',#241,#12297);
#12295=VECTOR('',#12298,1.0);
#12296=VECTOR('',#12299,1.0);
#12297=VECTOR('',#12300,1.0);
#12298=DIRECTION('',(0.33606658200462514,0.9372046215241563,-0.0933099665281886));
#12299=DIRECTION('',(-0.963548854812264,0,0.26753243614555355));
#12300=DIRECTION('',(0,-1,0));
#12301=FACE_SURFACE('',(#12306),#12302,.T.);
#12302=PLANE('',#12303);
#12303=AXIS2_PLACEMENT_3D('',#577,#12304,#12305);
#12304=DIRECTION('',(0.4684064086438099,-0,0.8835131217709267));
#12305=DIRECTION('',(0,1,0));
#12306=FACE_BOUND('',#12307,.T.);
#12307=EDGE_LOOP('',(#12308,#12309,#12310));
#12308=ORIENTED_EDGE('',*,*,#12311,.T.);
#12309=ORIENTED_EDGE('',*,*,#12312,.T.);
#12310=ORIENTED_EDGE('',*,*,#12313,.T.);
#12311=EDGE_CURVE('',#578,#242,#12314,.F.);
#12312=EDGE_CURVE('',#242,#580,#12315,.T.);
#12313=EDGE_CURVE('',#580,#578,#12316,.T.);
#12314=LINE('',#577,#12317);
#12315=LINE('',#241,#12318);
#12316=LINE('',#579,#12319);
#12317=VECTOR('',#12320,1.0);
#12318=VECTOR('',#12321,1.0);
#12319=VECTOR('',#12322,1.0);
#12320=DIRECTION('',(0,1,0));
#12321=DIRECTION('',(-0.3081593237861286,-0.9372014178065411,0.16337482555487196));
#12322=DIRECTION('',(0.8835131217709267,0,-0.4684064086438099));
#12323=FACE_SURFACE('',(#12328),#12324,.T.);
#12324=PLANE('',#12325);
#12325=AXIS2_PLACEMENT_3D('',#579,#12326,#12327);
#12326=DIRECTION('',(0.4684064086438099,-0,0.8835131217709267));
#12327=DIRECTION('',(0.3081593237861286,0.9372014178065411,-0.16337482555487196));
#12328=FACE_BOUND('',#12329,.T.);
#12329=EDGE_LOOP('',(#12330,#12331,#12332));
#12330=ORIENTED_EDGE('',*,*,#12333,.T.);
#12331=ORIENTED_EDGE('',*,*,#12334,.T.);
#12332=ORIENTED_EDGE('',*,*,#12335,.T.);
#12333=EDGE_CURVE('',#580,#242,#12336,.F.);
#12334=EDGE_CURVE('',#242,#240,#12337,.T.);
#12335=EDGE_CURVE('',#240,#580,#12338,.T.);
#12336=LINE('',#579,#12339);
#12337=LINE('',#241,#12340);
#12338=LINE('',#239,#12341);
#12339=VECTOR('',#12342,1.0);
#12340=VECTOR('',#12343,1.0);
#12341=VECTOR('',#12344,1.0);
#12342=DIRECTION('',(0.3081593237861286,0.9372014178065411,-0.16337482555487196));
#12343=DIRECTION('',(-0.8835131217709267,0,0.4684064086438099));
#12344=DIRECTION('',(0,-1,0));
#12345=FACE_SURFACE('',(#12350),#12346,.T.);
#12346=PLANE('',#12347);
#12347=AXIS2_PLACEMENT_3D('',#579,#12348,#12349);
#12348=DIRECTION('',(0.6473803802859666,-0,0.7621670704122537));
#12349=DIRECTION('',(0,1,0));
#12350=FACE_BOUND('',#12351,.T.);
#12351=EDGE_LOOP('',(#12352,#12353,#12354));
#12352=ORIENTED_EDGE('',*,*,#12355,.T.);
#12353=ORIENTED_EDGE('',*,*,#12356,.T.);
#12354=ORIENTED_EDGE('',*,*,#12357,.T.);
#12355=EDGE_CURVE('',#580,#240,#12358,.F.);
#12356=EDGE_CURVE('',#240,#582,#12359,.T.);
#12357=EDGE_CURVE('',#582,#580,#12360,.T.);
#12358=LINE('',#579,#12361);
#12359=LINE('',#239,#12362);
#12360=LINE('',#581,#12363);
#12361=VECTOR('',#12364,1.0);
#12362=VECTOR('',#12365,1.0);
#12363=VECTOR('',#12366,1.0);
#12364=DIRECTION('',(0,1,0));
#12365=DIRECTION('',(-0.26583529486938795,-0.9372013723678236,0.22579898944320692));
#12366=DIRECTION('',(0.7621670704122537,0,-0.6473803802859666));
#12367=FACE_SURFACE('',(#12372),#12368,.T.);
#12368=PLANE('',#12369);
#12369=AXIS2_PLACEMENT_3D('',#581,#12370,#12371);
#12370=DIRECTION('',(0.6473803802859666,-0,0.7621670704122537));
#12371=DIRECTION('',(0.26583529486938795,0.9372013723678236,-0.22579898944320692));
#12372=FACE_BOUND('',#12373,.T.);
#12373=EDGE_LOOP('',(#12374,#12375,#12376));
#12374=ORIENTED_EDGE('',*,*,#12377,.T.);
#12375=ORIENTED_EDGE('',*,*,#12378,.T.);
#12376=ORIENTED_EDGE('',*,*,#12379,.T.);
#12377=EDGE_CURVE('',#582,#240,#12380,.F.);
#12378=EDGE_CURVE('',#240,#238,#12381,.T.);
#12379=EDGE_CURVE('',#238,#582,#12382,.T.);
#12380=LINE('',#581,#12383);
#12381=LINE('',#239,#12384);
#12382=LINE('',#237,#12385);
#12383=VECTOR('',#12386,1.0);
#12384=VECTOR('',#12387,1.0);
#12385=VECTOR('',#12388,1.0);
#12386=DIRECTION('',(0.26583529486938795,0.9372013723678236,-0.22579898944320692));
#12387=DIRECTION('',(-0.7621670704122537,0,0.6473803802859666));
#12388=DIRECTION('',(0,-1,0));
#12389=FACE_SURFACE('',(#12394),#12390,.T.);
#12390=PLANE('',#12391);
#12391=AXIS2_PLACEMENT_3D('',#581,#12392,#12393);
#12392=DIRECTION('',(0.79609839809275,-0,0.6051672004943406));
#12393=DIRECTION('',(0,1,0));
#12394=FACE_BOUND('',#12395,.T.);
#12395=EDGE_LOOP('',(#12396,#12397,#12398));
#12396=ORIENTED_EDGE('',*,*,#12399,.T.);
#12397=ORIENTED_EDGE('',*,*,#12400,.T.);
#12398=ORIENTED_EDGE('',*,*,#12401,.T.);
#12399=EDGE_CURVE('',#582,#238,#12402,.F.);
#12400=EDGE_CURVE('',#238,#584,#12403,.T.);
#12401=EDGE_CURVE('',#584,#582,#12404,.T.);
#12402=LINE('',#581,#12405);
#12403=LINE('',#237,#12406);
#12404=LINE('',#583,#12407);
#12405=VECTOR('',#12408,1.0);
#12406=VECTOR('',#12409,1.0);
#12407=VECTOR('',#12410,1.0);
#12408=DIRECTION('',(0,1,0));
#12409=DIRECTION('',(-0.211073080429383,-0.9372028649357951,0.27766696720025796));
#12410=DIRECTION('',(0.6051672004943406,0,-0.79609839809275));
#12411=FACE_SURFACE('',(#12416),#12412,.T.);
#12412=PLANE('',#12413);
#12413=AXIS2_PLACEMENT_3D('',#583,#12414,#12415);
#12414=DIRECTION('',(0.79609839809275,-0,0.6051672004943406));
#12415=DIRECTION('',(0.211073080429383,0.9372028649357951,-0.27766696720025796));
#12416=FACE_BOUND('',#12417,.T.);
#12417=EDGE_LOOP('',(#12418,#12419,#12420));
#12418=ORIENTED_EDGE('',*,*,#12421,.T.);
#12419=ORIENTED_EDGE('',*,*,#12422,.T.);
#12420=ORIENTED_EDGE('',*,*,#12423,.T.);
#12421=EDGE_CURVE('',#584,#238,#12424,.F.);
#12422=EDGE_CURVE('',#238,#236,#12425,.T.);
#12423=EDGE_CURVE('',#236,#584,#12426,.T.);
#12424=LINE('',#583,#12427);
#12425=LINE('',#237,#12428);
#12426=LINE('',#235,#12429);
#12427=VECTOR('',#12430,1.0);
#12428=VECTOR('',#12431,1.0);
#12429=VECTOR('',#12432,1.0);
#12430=DIRECTION('',(0.211073080429383,0.9372028649357951,-0.27766696720025796));
#12431=DIRECTION('',(-0.6051672004943406,0,0.79609839809275));
#12432=DIRECTION('',(0,-1,0));
#12433=FACE_SURFACE('',(#12438),#12434,.T.);
#12434=PLANE('',#12435);
#12435=AXIS2_PLACEMENT_3D('',#583,#12436,#12437);
#12436=DIRECTION('',(0.9075758456604497,-0,0.4198881807978401));
#12437=DIRECTION('',(0,1,0));
#12438=FACE_BOUND('',#12439,.T.);
#12439=EDGE_LOOP('',(#12440,#12441,#12442));
#12440=ORIENTED_EDGE('',*,*,#12443,.T.);
#12441=ORIENTED_EDGE('',*,*,#12444,.T.);
#12442=ORIENTED_EDGE('',*,*,#12445,.T.);
#12443=EDGE_CURVE('',#584,#236,#12446,.F.);
#12444=EDGE_CURVE('',#236,#586,#12447,.T.);
#12445=EDGE_CURVE('',#586,#584,#12448,.T.);
#12446=LINE('',#583,#12449);
#12447=LINE('',#235,#12450);
#12448=LINE('',#585,#12451);
#12449=VECTOR('',#12452,1.0);
#12450=VECTOR('',#12453,1.0);
#12451=VECTOR('',#12454,1.0);
#12452=DIRECTION('',(0,1,0));
#12453=DIRECTION('',(-0.14645100991515658,-0.9372024901139294,0.31654951306088025));
#12454=DIRECTION('',(0.4198881807978401,0,-0.9075758456604497));
#12455=FACE_SURFACE('',(#12460),#12456,.T.);
#12456=PLANE('',#12457);
#12457=AXIS2_PLACEMENT_3D('',#585,#12458,#12459);
#12458=DIRECTION('',(0.9075758456604497,-0,0.4198881807978401));
#12459=DIRECTION('',(0.14645100991515658,0.9372024901139294,-0.31654951306088025));
#12460=FACE_BOUND('',#12461,.T.);
#12461=EDGE_LOOP('',(#12462,#12463,#12464));
#12462=ORIENTED_EDGE('',*,*,#12465,.T.);
#12463=ORIENTED_EDGE('',*,*,#12466,.T.);
#12464=ORIENTED_EDGE('',*,*,#12467,.T.);
#12465=EDGE_CURVE('',#586,#236,#12468,.F.);
#12466=EDGE_CURVE('',#236,#234,#12469,.T.);
#12467=EDGE_CURVE('',#234,#586,#12470,.T.);
#12468=LINE('',#585,#12471);
#12469=LINE('',#235,#12472);
#12470=LINE('',#233,#12473);
#12471=VECTOR('',#12474,1.0);
#12472=VECTOR('',#12475,1.0);
#12473=VECTOR('',#12476,1.0);
#12474=DIRECTION('',(0.14645100991515658,0.9372024901139294,-0.31654951306088025));
#12475=DIRECTION('',(-0.4198881807978401,0,0.9075758456604497));
#12476=DIRECTION('',(0,-1,0));
#12477=FACE_SURFACE('',(#12482),#12478,.T.);
#12478=PLANE('',#12479);
#12479=AXIS2_PLACEMENT_3D('',#585,#12480,#12481);
#12480=DIRECTION('',(0.9766222116584645,-0,0.21496291702367934));
#12481=DIRECTION('',(0,1,0));
#12482=FACE_BOUND('',#12483,.T.);
#12483=EDGE_LOOP('',(#12484,#12485,#12486));
#12484=ORIENTED_EDGE('',*,*,#12487,.T.);
#12485=ORIENTED_EDGE('',*,*,#12488,.T.);
#12486=ORIENTED_EDGE('',*,*,#12489,.T.);
#12487=EDGE_CURVE('',#586,#234,#12490,.F.);
#12488=EDGE_CURVE('',#234,#588,#12491,.T.);
#12489=EDGE_CURVE('',#588,#586,#12492,.T.);
#12490=LINE('',#585,#12493);
#12491=LINE('',#233,#12494);
#12492=LINE('',#587,#12495);
#12493=VECTOR('',#12496,1.0);
#12494=VECTOR('',#12497,1.0);
#12495=VECTOR('',#12498,1.0);
#12496=DIRECTION('',(0,1,0));
#12497=DIRECTION('',(-0.07497617498911743,-0.937202187363988,0.3406326954127533));
#12498=DIRECTION('',(0.21496291702367934,0,-0.9766222116584645));
#12499=FACE_SURFACE('',(#12504),#12500,.T.);
#12500=PLANE('',#12501);
#12501=AXIS2_PLACEMENT_3D('',#587,#12502,#12503);
#12502=DIRECTION('',(0.9766222116584645,-0,0.21496291702367934));
#12503=DIRECTION('',(0.07497617498911743,0.937202187363988,-0.3406326954127533));
#12504=FACE_BOUND('',#12505,.T.);
#12505=EDGE_LOOP('',(#12506,#12507,#12508));
#12506=ORIENTED_EDGE('',*,*,#12509,.T.);
#12507=ORIENTED_EDGE('',*,*,#12510,.T.);
#12508=ORIENTED_EDGE('',*,*,#12511,.T.);
#12509=EDGE_CURVE('',#588,#234,#12512,.F.);
#12510=EDGE_CURVE('',#234,#232,#12513,.T.);
#12511=EDGE_CURVE('',#232,#588,#12514,.T.);
#12512=LINE('',#587,#12515);
#12513=LINE('',#233,#12516);
#12514=LINE('',#231,#12517);
#12515=VECTOR('',#12518,1.0);
#12516=VECTOR('',#12519,1.0);
#12517=VECTOR('',#12520,1.0);
#12518=DIRECTION('',(0.07497617498911743,0.937202187363988,-0.3406326954127533));
#12519=DIRECTION('',(-0.21496291702367934,0,0.9766222116584645));
#12520=DIRECTION('',(0,-1,0));
#12521=FACE_SURFACE('',(#12526),#12522,.T.);
#12522=PLANE('',#12523);
#12523=AXIS2_PLACEMENT_3D('',#587,#12524,#12525);
#12524=DIRECTION('',(1,0,0));
#12525=DIRECTION('',(0,1,0));
#12526=FACE_BOUND('',#12527,.T.);
#12527=EDGE_LOOP('',(#12528,#12529,#12530));
#12528=ORIENTED_EDGE('',*,*,#12531,.T.);
#12529=ORIENTED_EDGE('',*,*,#12532,.T.);
#12530=ORIENTED_EDGE('',*,*,#12533,.T.);
#12531=EDGE_CURVE('',#588,#232,#12534,.F.);
#12532=EDGE_CURVE('',#232,#590,#12535,.T.);
#12533=EDGE_CURVE('',#590,#588,#12536,.T.);
#12534=LINE('',#587,#12537);
#12535=LINE('',#231,#12538);
#12536=LINE('',#589,#12539);
#12537=VECTOR('',#12540,1.0);
#12538=VECTOR('',#12541,1.0);
#12539=VECTOR('',#12542,1.0);
#12540=DIRECTION('',(0,1,0));
#12541=DIRECTION('',(0,-0.937202252478293,0.3487863786755638));
#12542=DIRECTION('',(0,0,-1));
#12543=FACE_SURFACE('',(#12548),#12544,.T.);
#12544=PLANE('',#12545);
#12545=AXIS2_PLACEMENT_3D('',#589,#12546,#12547);
#12546=DIRECTION('',(1,-0,0));
#12547=DIRECTION('',(0,0.937202252478293,-0.3487863786755638));
#12548=FACE_BOUND('',#12549,.T.);
#12549=EDGE_LOOP('',(#12550,#12551,#12552));
#12550=ORIENTED_EDGE('',*,*,#12553,.T.);
#12551=ORIENTED_EDGE('',*,*,#12554,.T.);
#12552=ORIENTED_EDGE('',*,*,#12555,.T.);
#12553=EDGE_CURVE('',#590,#232,#12556,.F.);
#12554=EDGE_CURVE('',#232,#230,#12557,.T.);
#12555=EDGE_CURVE('',#230,#590,#12558,.T.);
#12556=LINE('',#589,#12559);
#12557=LINE('',#231,#12560);
#12558=LINE('',#229,#12561);
#12559=VECTOR('',#12562,1.0);
#12560=VECTOR('',#12563,1.0);
#12561=VECTOR('',#12564,1.0);
#12562=DIRECTION('',(0,0.937202252478293,-0.3487863786755638));
#12563=DIRECTION('',(0,0,1));
#12564=DIRECTION('',(0,-1,0));
#12565=FACE_SURFACE('',(#12570),#12566,.T.);
#12566=PLANE('',#12567);
#12567=AXIS2_PLACEMENT_3D('',#589,#12568,#12569);
#12568=DIRECTION('',(0.9766220874925584,0,-0.21496348113500058));
#12569=DIRECTION('',(0,1,0));
#12570=FACE_BOUND('',#12571,.T.);
#12571=EDGE_LOOP('',(#12572,#12573,#12574));
#12572=ORIENTED_EDGE('',*,*,#12575,.T.);
#12573=ORIENTED_EDGE('',*,*,#12576,.T.);
#12574=ORIENTED_EDGE('',*,*,#12577,.T.);
#12575=EDGE_CURVE('',#590,#230,#12578,.F.);
#12576=EDGE_CURVE('',#230,#592,#12579,.T.);
#12577=EDGE_CURVE('',#592,#590,#12580,.T.);
#12578=LINE('',#589,#12581);
#12579=LINE('',#229,#12582);
#12580=LINE('',#591,#12583);
#12581=VECTOR('',#12584,1.0);
#12582=VECTOR('',#12585,1.0);
#12583=VECTOR('',#12586,1.0);
#12584=DIRECTION('',(0,1,0));
#12585=DIRECTION('',(0.07497619892461807,-0.9372024865577459,0.3406318669543331));
#12586=DIRECTION('',(-0.21496348113500058,0,-0.9766220874925584));
#12587=FACE_SURFACE('',(#12592),#12588,.T.);
#12588=PLANE('',#12589);
#12589=AXIS2_PLACEMENT_3D('',#591,#12590,#12591);
#12590=DIRECTION('',(0.9766220874925584,0,-0.21496348113500058));
#12591=DIRECTION('',(-0.07497619892461807,0.9372024865577459,-0.3406318669543331));
#12592=FACE_BOUND('',#12593,.T.);
#12593=EDGE_LOOP('',(#12594,#12595,#12596));
#12594=ORIENTED_EDGE('',*,*,#12597,.T.);
#12595=ORIENTED_EDGE('',*,*,#12598,.T.);
#12596=ORIENTED_EDGE('',*,*,#12599,.T.);
#12597=EDGE_CURVE('',#592,#230,#12600,.F.);
#12598=EDGE_CURVE('',#230,#228,#12601,.T.);
#12599=EDGE_CURVE('',#228,#592,#12602,.T.);
#12600=LINE('',#591,#12603);
#12601=LINE('',#229,#12604);
#12602=LINE('',#227,#12605);
#12603=VECTOR('',#12606,1.0);
#12604=VECTOR('',#12607,1.0);
#12605=VECTOR('',#12608,1.0);
#12606=DIRECTION('',(-0.07497619892461807,0.9372024865577459,-0.3406318669543331));
#12607=DIRECTION('',(0.21496348113500058,0,0.9766220874925584));
#12608=DIRECTION('',(0,-1,0));
#12609=FACE_SURFACE('',(#12614),#12610,.T.);
#12610=PLANE('',#12611);
#12611=AXIS2_PLACEMENT_3D('',#591,#12612,#12613);
#12612=DIRECTION('',(0.9075763194008525,0,-0.4198871568204984));
#12613=DIRECTION('',(0,1,0));
#12614=FACE_BOUND('',#12615,.T.);
#12615=EDGE_LOOP('',(#12616,#12617,#12618));
#12616=ORIENTED_EDGE('',*,*,#12619,.T.);
#12617=ORIENTED_EDGE('',*,*,#12620,.T.);
#12618=ORIENTED_EDGE('',*,*,#12621,.T.);
#12619=EDGE_CURVE('',#592,#228,#12622,.F.);
#12620=EDGE_CURVE('',#228,#594,#12623,.T.);
#12621=EDGE_CURVE('',#594,#592,#12624,.T.);
#12622=LINE('',#591,#12625);
#12623=LINE('',#227,#12626);
#12624=LINE('',#593,#12627);
#12625=VECTOR('',#12628,1.0);
#12626=VECTOR('',#12629,1.0);
#12627=VECTOR('',#12630,1.0);
#12628=DIRECTION('',(0,1,0));
#12629=DIRECTION('',(0.1464509664673452,-0.937202212072849,0.31655035635193796));
#12630=DIRECTION('',(-0.4198871568204984,0,-0.9075763194008525));
#12631=FACE_SURFACE('',(#12636),#12632,.T.);
#12632=PLANE('',#12633);
#12633=AXIS2_PLACEMENT_3D('',#593,#12634,#12635);
#12634=DIRECTION('',(0.9075763194008525,0,-0.4198871568204984));
#12635=DIRECTION('',(-0.1464509664673452,0.937202212072849,-0.31655035635193796));
#12636=FACE_BOUND('',#12637,.T.);
#12637=EDGE_LOOP('',(#12638,#12639,#12640));
#12638=ORIENTED_EDGE('',*,*,#12641,.T.);
#12639=ORIENTED_EDGE('',*,*,#12642,.T.);
#12640=ORIENTED_EDGE('',*,*,#12643,.T.);
#12641=EDGE_CURVE('',#594,#228,#12644,.F.);
#12642=EDGE_CURVE('',#228,#226,#12645,.T.);
#12643=EDGE_CURVE('',#226,#594,#12646,.T.);
#12644=LINE('',#593,#12647);
#12645=LINE('',#227,#12648);
#12646=LINE('',#225,#12649);
#12647=VECTOR('',#12650,1.0);
#12648=VECTOR('',#12651,1.0);
#12649=VECTOR('',#12652,1.0);
#12650=DIRECTION('',(-0.1464509664673452,0.937202212072849,-0.31655035635193796));
#12651=DIRECTION('',(0.4198871568204984,0,0.9075763194008525));
#12652=DIRECTION('',(0,-1,0));
#12653=FACE_SURFACE('',(#12658),#12654,.T.);
#12654=PLANE('',#12655);
#12655=AXIS2_PLACEMENT_3D('',#593,#12656,#12657);
#12656=DIRECTION('',(0.7960974140175253,0,-0.605168495044652));
#12657=DIRECTION('',(0,1,0));
#12658=FACE_BOUND('',#12659,.T.);
#12659=EDGE_LOOP('',(#12660,#12661,#12662));
#12660=ORIENTED_EDGE('',*,*,#12663,.T.);
#12661=ORIENTED_EDGE('',*,*,#12664,.T.);
#12662=ORIENTED_EDGE('',*,*,#12665,.T.);
#12663=EDGE_CURVE('',#594,#226,#12666,.F.);
#12664=EDGE_CURVE('',#226,#596,#12667,.T.);
#12665=EDGE_CURVE('',#596,#594,#12668,.T.);
#12666=LINE('',#593,#12669);
#12667=LINE('',#225,#12670);
#12668=LINE('',#595,#12671);
#12669=VECTOR('',#12672,1.0);
#12670=VECTOR('',#12673,1.0);
#12671=VECTOR('',#12674,1.0);
#12672=DIRECTION('',(0,1,0));
#12673=DIRECTION('',(0.21107313535691805,-0.9372031088240402,0.27766610225440636));
#12674=DIRECTION('',(-0.605168495044652,0,-0.7960974140175253));
#12675=FACE_SURFACE('',(#12680),#12676,.T.);
#12676=PLANE('',#12677);
#12677=AXIS2_PLACEMENT_3D('',#595,#12678,#12679);
#12678=DIRECTION('',(0.7960974140175253,0,-0.605168495044652));
#12679=DIRECTION('',(-0.21107313535691805,0.9372031088240402,-0.27766610225440636));
#12680=FACE_BOUND('',#12681,.T.);
#12681=EDGE_LOOP('',(#12682,#12683,#12684));
#12682=ORIENTED_EDGE('',*,*,#12685,.T.);
#12683=ORIENTED_EDGE('',*,*,#12686,.T.);
#12684=ORIENTED_EDGE('',*,*,#12687,.T.);
#12685=EDGE_CURVE('',#596,#226,#12688,.F.);
#12686=EDGE_CURVE('',#226,#224,#12689,.T.);
#12687=EDGE_CURVE('',#224,#596,#12690,.T.);
#12688=LINE('',#595,#12691);
#12689=LINE('',#225,#12692);
#12690=LINE('',#223,#12693);
#12691=VECTOR('',#12694,1.0);
#12692=VECTOR('',#12695,1.0);
#12693=VECTOR('',#12696,1.0);
#12694=DIRECTION('',(-0.21107313535691805,0.9372031088240402,-0.27766610225440636));
#12695=DIRECTION('',(0.605168495044652,0,0.7960974140175253));
#12696=DIRECTION('',(0,-1,0));
#12697=FACE_SURFACE('',(#12702),#12698,.T.);
#12698=PLANE('',#12699);
#12699=AXIS2_PLACEMENT_3D('',#595,#12700,#12701);
#12700=DIRECTION('',(0.6473819411665732,0,-0.7621657446063812));
#12701=DIRECTION('',(0,1,0));
#12702=FACE_BOUND('',#12703,.T.);
#12703=EDGE_LOOP('',(#12704,#12705,#12706));
#12704=ORIENTED_EDGE('',*,*,#12707,.T.);
#12705=ORIENTED_EDGE('',*,*,#12708,.T.);
#12706=ORIENTED_EDGE('',*,*,#12709,.T.);
#12707=EDGE_CURVE('',#596,#224,#12710,.F.);
#12708=EDGE_CURVE('',#224,#598,#12711,.T.);
#12709=EDGE_CURVE('',#598,#596,#12712,.T.);
#12710=LINE('',#595,#12713);
#12711=LINE('',#223,#12714);
#12712=LINE('',#597,#12715);
#12713=VECTOR('',#12716,1.0);
#12714=VECTOR('',#12717,1.0);
#12715=VECTOR('',#12718,1.0);
#12716=DIRECTION('',(0,1,0));
#12717=DIRECTION('',(0.26583523861345704,-0.9372011740377424,0.22579987886091377));
#12718=DIRECTION('',(-0.7621657446063812,0,-0.6473819411665732));
#12719=FACE_SURFACE('',(#12724),#12720,.T.);
#12720=PLANE('',#12721);
#12721=AXIS2_PLACEMENT_3D('',#597,#12722,#12723);
#12722=DIRECTION('',(0.6473819411665732,0,-0.7621657446063812));
#12723=DIRECTION('',(-0.26583523861345704,0.9372011740377424,-0.22579987886091377));
#12724=FACE_BOUND('',#12725,.T.);
#12725=EDGE_LOOP('',(#12726,#12727,#12728));
#12726=ORIENTED_EDGE('',*,*,#12729,.T.);
#12727=ORIENTED_EDGE('',*,*,#12730,.T.);
#12728=ORIENTED_EDGE('',*,*,#12731,.T.);
#12729=EDGE_CURVE('',#598,#224,#12732,.F.);
#12730=EDGE_CURVE('',#224,#222,#12733,.T.);
#12731=EDGE_CURVE('',#222,#598,#12734,.T.);
#12732=LINE('',#597,#12735);
#12733=LINE('',#223,#12736);
#12734=LINE('',#221,#12737);
#12735=VECTOR('',#12738,1.0);
#12736=VECTOR('',#12739,1.0);
#12737=VECTOR('',#12740,1.0);
#12738=DIRECTION('',(-0.26583523861345704,0.9372011740377424,-0.22579987886091377));
#12739=DIRECTION('',(0.7621657446063812,0,0.6473819411665732));
#12740=DIRECTION('',(0,-1,0));
#12741=FACE_SURFACE('',(#12746),#12742,.T.);
#12742=PLANE('',#12743);
#12743=AXIS2_PLACEMENT_3D('',#597,#12744,#12745);
#12744=DIRECTION('',(0.46840431116560516,0,-0.8835142337741226));
#12745=DIRECTION('',(0,1,0));
#12746=FACE_BOUND('',#12747,.T.);
#12747=EDGE_LOOP('',(#12748,#12749,#12750));
#12748=ORIENTED_EDGE('',*,*,#12751,.T.);
#12749=ORIENTED_EDGE('',*,*,#12752,.T.);
#12750=ORIENTED_EDGE('',*,*,#12753,.T.);
#12751=EDGE_CURVE('',#598,#222,#12754,.F.);
#12752=EDGE_CURVE('',#222,#600,#12755,.T.);
#12753=EDGE_CURVE('',#600,#598,#12756,.T.);
#12754=LINE('',#597,#12757);
#12755=LINE('',#221,#12758);
#12756=LINE('',#599,#12759);
#12757=VECTOR('',#12760,1.0);
#12758=VECTOR('',#12761,1.0);
#12759=VECTOR('',#12762,1.0);
#12760=DIRECTION('',(0,1,0));
#12761=DIRECTION('',(0.30815937096985546,-0.9372015613058686,0.16337391336839943));
#12762=DIRECTION('',(-0.8835142337741226,0,-0.46840431116560516));
#12763=FACE_SURFACE('',(#12768),#12764,.T.);
#12764=PLANE('',#12765);
#12765=AXIS2_PLACEMENT_3D('',#599,#12766,#12767);
#12766=DIRECTION('',(0.46840431116560516,0,-0.8835142337741226));
#12767=DIRECTION('',(-0.30815937096985546,0.9372015613058686,-0.16337391336839943));
#12768=FACE_BOUND('',#12769,.T.);
#12769=EDGE_LOOP('',(#12770,#12771,#12772));
#12770=ORIENTED_EDGE('',*,*,#12773,.T.);
#12771=ORIENTED_EDGE('',*,*,#12774,.T.);
#12772=ORIENTED_EDGE('',*,*,#12775,.T.);
#12773=EDGE_CURVE('',#600,#222,#12776,.F.);
#12774=EDGE_CURVE('',#222,#220,#12777,.T.);
#12775=EDGE_CURVE('',#220,#600,#12778,.T.);
#12776=LINE('',#599,#12779);
#12777=LINE('',#221,#12780);
#12778=LINE('',#219,#12781);
#12779=VECTOR('',#12782,1.0);
#12780=VECTOR('',#12783,1.0);
#12781=VECTOR('',#12784,1.0);
#12782=DIRECTION('',(-0.30815937096985546,0.9372015613058686,-0.16337391336839943));
#12783=DIRECTION('',(0.8835142337741226,0,0.46840431116560516));
#12784=DIRECTION('',(0,-1,0));
#12785=FACE_SURFACE('',(#12790),#12786,.T.);
#12786=PLANE('',#12787);
#12787=AXIS2_PLACEMENT_3D('',#599,#12788,#12789);
#12788=DIRECTION('',(0.26753493091170305,0,-0.9635481621289465));
#12789=DIRECTION('',(0,1,0));
#12790=FACE_BOUND('',#12791,.T.);
#12791=EDGE_LOOP('',(#12792,#12793,#12794));
#12792=ORIENTED_EDGE('',*,*,#12795,.T.);
#12793=ORIENTED_EDGE('',*,*,#12796,.T.);
#12794=ORIENTED_EDGE('',*,*,#12797,.T.);
#12795=EDGE_CURVE('',#600,#220,#12798,.F.);
#12796=EDGE_CURVE('',#220,#602,#12799,.T.);
#12797=EDGE_CURVE('',#602,#600,#12800,.T.);
#12798=LINE('',#599,#12801);
#12799=LINE('',#219,#12802);
#12800=LINE('',#601,#12803);
#12801=VECTOR('',#12804,1.0);
#12802=VECTOR('',#12805,1.0);
#12803=VECTOR('',#12806,1.0);
#12804=DIRECTION('',(0,1,0));
#12805=DIRECTION('',(0.3360665526152801,-0.937204539564713,0.09331089557268137));
#12806=DIRECTION('',(-0.9635481621289465,0,-0.26753493091170305));
#12807=FACE_SURFACE('',(#12812),#12808,.T.);
#12808=PLANE('',#12809);
#12809=AXIS2_PLACEMENT_3D('',#601,#12810,#12811);
#12810=DIRECTION('',(0.26753493091170305,0,-0.9635481621289465));
#12811=DIRECTION('',(-0.3360665526152801,0.937204539564713,-0.09331089557268137));
#12812=FACE_BOUND('',#12813,.T.);
#12813=EDGE_LOOP('',(#12814,#12815,#12816));
#12814=ORIENTED_EDGE('',*,*,#12817,.T.);
#12815=ORIENTED_EDGE('',*,*,#12818,.T.);
#12816=ORIENTED_EDGE('',*,*,#12819,.T.);
#12817=EDGE_CURVE('',#602,#220,#12820,.F.);
#12818=EDGE_CURVE('',#220,#218,#12821,.T.);
#12819=EDGE_CURVE('',#218,#602,#12822,.T.);
#12820=LINE('',#601,#12823);
#12821=LINE('',#219,#12824);
#12822=LINE('',#217,#12825);
#12823=VECTOR('',#12826,1.0);
#12824=VECTOR('',#12827,1.0);
#12825=VECTOR('',#12828,1.0);
#12826=DIRECTION('',(-0.3360665526152801,0.937204539564713,-0.09331089557268137));
#12827=DIRECTION('',(0.9635481621289465,0,0.26753493091170305));
#12828=DIRECTION('',(0,-1,0));
#12829=FACE_SURFACE('',(#12834),#12830,.T.);
#12830=PLANE('',#12831);
#12831=AXIS2_PLACEMENT_3D('',#601,#12832,#12833);
#12832=DIRECTION('',(0.054137745663874685,0,-0.9985334769022186));
#12833=DIRECTION('',(0,1,0));
#12834=FACE_BOUND('',#12835,.T.);
#12835=EDGE_LOOP('',(#12836,#12837,#12838));
#12836=ORIENTED_EDGE('',*,*,#12839,.T.);
#12837=ORIENTED_EDGE('',*,*,#12840,.T.);
#12838=ORIENTED_EDGE('',*,*,#12841,.T.);
#12839=EDGE_CURVE('',#602,#218,#12842,.F.);
#12840=EDGE_CURVE('',#218,#604,#12843,.T.);
#12841=EDGE_CURVE('',#604,#602,#12844,.T.);
#12842=LINE('',#601,#12845);
#12843=LINE('',#217,#12846);
#12844=LINE('',#603,#12847);
#12845=VECTOR('',#12848,1.0);
#12846=VECTOR('',#12849,1.0);
#12847=VECTOR('',#12850,1.0);
#12848=DIRECTION('',(0,1,0));
#12849=DIRECTION('',(0.3482788076288227,-0.9372007869112735,0.018882721454689014));
#12850=DIRECTION('',(-0.9985334769022186,0,-0.054137745663874685));
#12851=FACE_SURFACE('',(#12856),#12852,.T.);
#12852=PLANE('',#12853);
#12853=AXIS2_PLACEMENT_3D('',#603,#12854,#12855);
#12854=DIRECTION('',(0.054137745663874685,0,-0.9985334769022186));
#12855=DIRECTION('',(-0.3482788076288227,0.9372007869112735,-0.018882721454689014));
#12856=FACE_BOUND('',#12857,.T.);
#12857=EDGE_LOOP('',(#12858,#12859,#12860));
#12858=ORIENTED_EDGE('',*,*,#12861,.T.);
#12859=ORIENTED_EDGE('',*,*,#12862,.T.);
#12860=ORIENTED_EDGE('',*,*,#12863,.T.);
#12861=EDGE_CURVE('',#604,#218,#12864,.F.);
#12862=EDGE_CURVE('',#218,#216,#12865,.T.);
#12863=EDGE_CURVE('',#216,#604,#12866,.T.);
#12864=LINE('',#603,#12867);
#12865=LINE('',#217,#12868);
#12866=LINE('',#215,#12869);
#12867=VECTOR('',#12870,1.0);
#12868=VECTOR('',#12871,1.0);
#12869=VECTOR('',#12872,1.0);
#12870=DIRECTION('',(-0.3482788076288227,0.9372007869112735,-0.018882721454689014));
#12871=DIRECTION('',(0.9985334769022186,0,0.054137745663874685));
#12872=DIRECTION('',(0,-1,0));
#12873=FACE_SURFACE('',(#12878),#12874,.T.);
#12874=PLANE('',#12875);
#12875=AXIS2_PLACEMENT_3D('',#603,#12876,#12877);
#12876=DIRECTION('',(-0.16178313455123416,0,-0.9868263359754732));
#12877=DIRECTION('',(0,1,0));
#12878=FACE_BOUND('',#12879,.T.);
#12879=EDGE_LOOP('',(#12880,#12881,#12882));
#12880=ORIENTED_EDGE('',*,*,#12883,.T.);
#12881=ORIENTED_EDGE('',*,*,#12884,.T.);
#12882=ORIENTED_EDGE('',*,*,#12885,.T.);
#12883=EDGE_CURVE('',#604,#216,#12886,.F.);
#12884=EDGE_CURVE('',#216,#606,#12887,.T.);
#12885=EDGE_CURVE('',#606,#604,#12888,.T.);
#12886=LINE('',#603,#12889);
#12887=LINE('',#215,#12890);
#12888=LINE('',#605,#12891);
#12889=VECTOR('',#12892,1.0);
#12890=VECTOR('',#12893,1.0);
#12891=VECTOR('',#12894,1.0);
#12892=DIRECTION('',(0,1,0));
#12893=DIRECTION('',(0.34419295988799137,-0.937201733635376,-0.056427979180452725));
#12894=DIRECTION('',(-0.9868263359754732,0,0.16178313455123416));
#12895=FACE_SURFACE('',(#12900),#12896,.T.);
#12896=PLANE('',#12897);
#12897=AXIS2_PLACEMENT_3D('',#605,#12898,#12899);
#12898=DIRECTION('',(-0.16178313455123416,0,-0.9868263359754732));
#12899=DIRECTION('',(-0.34419295988799137,0.937201733635376,0.056427979180452725));
#12900=FACE_BOUND('',#12901,.T.);
#12901=EDGE_LOOP('',(#12902,#12903,#12904));
#12902=ORIENTED_EDGE('',*,*,#12905,.T.);
#12903=ORIENTED_EDGE('',*,*,#12906,.T.);
#12904=ORIENTED_EDGE('',*,*,#12907,.T.);
#12905=EDGE_CURVE('',#606,#216,#12908,.F.);
#12906=EDGE_CURVE('',#216,#214,#12909,.T.);
#12907=EDGE_CURVE('',#214,#606,#12910,.T.);
#12908=LINE('',#605,#12911);
#12909=LINE('',#215,#12912);
#12910=LINE('',#213,#12913);
#12911=VECTOR('',#12914,1.0);
#12912=VECTOR('',#12915,1.0);
#12913=VECTOR('',#12916,1.0);
#12914=DIRECTION('',(-0.34419295988799137,0.937201733635376,0.056427979180452725));
#12915=DIRECTION('',(0.9868263359754732,0,-0.16178313455123416));
#12916=DIRECTION('',(0,-1,0));
#12917=FACE_SURFACE('',(#12922),#12918,.T.);
#12918=PLANE('',#12919);
#12919=AXIS2_PLACEMENT_3D('',#605,#12920,#12921);
#12920=DIRECTION('',(-0.37013438612752925,0,-0.9289782215994071));
#12921=DIRECTION('',(0,1,0));
#12922=FACE_BOUND('',#12923,.T.);
#12923=EDGE_LOOP('',(#12924,#12925,#12926));
#12924=ORIENTED_EDGE('',*,*,#12927,.T.);
#12925=ORIENTED_EDGE('',*,*,#12928,.T.);
#12926=ORIENTED_EDGE('',*,*,#12929,.T.);
#12927=EDGE_CURVE('',#606,#214,#12930,.F.);
#12928=EDGE_CURVE('',#214,#608,#12931,.T.);
#12929=EDGE_CURVE('',#608,#606,#12932,.T.);
#12930=LINE('',#605,#12933);
#12931=LINE('',#213,#12934);
#12932=LINE('',#607,#12935);
#12933=VECTOR('',#12936,1.0);
#12934=VECTOR('',#12937,1.0);
#12935=VECTOR('',#12938,1.0);
#12936=DIRECTION('',(0,1,0));
#12937=DIRECTION('',(0.3240168035883219,-0.9372015098236981,-0.12909857077670409));
#12938=DIRECTION('',(-0.9289782215994071,0,0.37013438612752925));
#12939=FACE_SURFACE('',(#12944),#12940,.T.);
#12940=PLANE('',#12941);
#12941=AXIS2_PLACEMENT_3D('',#607,#12942,#12943);
#12942=DIRECTION('',(-0.37013438612752925,0,-0.9289782215994071));
#12943=DIRECTION('',(-0.3240168035883219,0.9372015098236981,0.12909857077670409));
#12944=FACE_BOUND('',#12945,.T.);
#12945=EDGE_LOOP('',(#12946,#12947,#12948));
#12946=ORIENTED_EDGE('',*,*,#12949,.T.);
#12947=ORIENTED_EDGE('',*,*,#12950,.T.);
#12948=ORIENTED_EDGE('',*,*,#12951,.T.);
#12949=EDGE_CURVE('',#608,#214,#12952,.F.);
#12950=EDGE_CURVE('',#214,#212,#12953,.T.);
#12951=EDGE_CURVE('',#212,#608,#12954,.T.);
#12952=LINE('',#607,#12955);
#12953=LINE('',#213,#12956);
#12954=LINE('',#211,#12957);
#12955=VECTOR('',#12958,1.0);
#12956=VECTOR('',#12959,1.0);
#12957=VECTOR('',#12960,1.0);
#12958=DIRECTION('',(-0.3240168035883219,0.9372015098236981,0.12909857077670409));
#12959=DIRECTION('',(0.9289782215994071,0,-0.37013438612752925));
#12960=DIRECTION('',(0,-1,0));
#12961=FACE_SURFACE('',(#12966),#12962,.T.);
#12962=PLANE('',#12963);
#12963=AXIS2_PLACEMENT_3D('',#607,#12964,#12965);
#12964=DIRECTION('',(-0.5611935928755276,0,-0.8276845723555905));
#12965=DIRECTION('',(0,1,0));
#12966=FACE_BOUND('',#12967,.T.);
#12967=EDGE_LOOP('',(#12968,#12969,#12970));
#12968=ORIENTED_EDGE('',*,*,#12971,.T.);
#12969=ORIENTED_EDGE('',*,*,#12972,.T.);
#12970=ORIENTED_EDGE('',*,*,#12973,.T.);
#12971=EDGE_CURVE('',#608,#212,#12974,.F.);
#12972=EDGE_CURVE('',#212,#610,#12975,.T.);
#12973=EDGE_CURVE('',#610,#608,#12976,.T.);
#12974=LINE('',#607,#12977);
#12975=LINE('',#211,#12978);
#12976=LINE('',#609,#12979);
#12977=VECTOR('',#12980,1.0);
#12978=VECTOR('',#12981,1.0);
#12979=VECTOR('',#12982,1.0);
#12980=DIRECTION('',(0,1,0));
#12981=DIRECTION('',(0.28868131190741153,-0.9372039578325343,-0.19573410938936764));
#12982=DIRECTION('',(-0.8276845723555905,0,0.5611935928755276));
#12983=FACE_SURFACE('',(#12988),#12984,.T.);
#12984=PLANE('',#12985);
#12985=AXIS2_PLACEMENT_3D('',#609,#12986,#12987);
#12986=DIRECTION('',(-0.5611935928755276,0,-0.8276845723555905));
#12987=DIRECTION('',(-0.28868131190741153,0.9372039578325343,0.19573410938936764));
#12988=FACE_BOUND('',#12989,.T.);
#12989=EDGE_LOOP('',(#12990,#12991,#12992));
#12990=ORIENTED_EDGE('',*,*,#12993,.T.);
#12991=ORIENTED_EDGE('',*,*,#12994,.T.);
#12992=ORIENTED_EDGE('',*,*,#12995,.T.);
#12993=EDGE_CURVE('',#610,#212,#12996,.F.);
#12994=EDGE_CURVE('',#212,#210,#12997,.T.);
#12995=EDGE_CURVE('',#210,#610,#12998,.T.);
#12996=LINE('',#609,#12999);
#12997=LINE('',#211,#13000);
#12998=LINE('',#209,#13001);
#12999=VECTOR('',#13002,1.0);
#13000=VECTOR('',#13003,1.0);
#13001=VECTOR('',#13004,1.0);
#13002=DIRECTION('',(-0.28868131190741153,0.9372039578325343,0.19573410938936764));
#13003=DIRECTION('',(0.8276845723555905,0,-0.5611935928755276));
#13004=DIRECTION('',(0,-1,0));
#13005=FACE_SURFACE('',(#13010),#13006,.T.);
#13006=PLANE('',#13007);
#13007=AXIS2_PLACEMENT_3D('',#609,#13008,#13009);
#13008=DIRECTION('',(-0.7259912345704936,0,-0.6877039532580939));
#13009=DIRECTION('',(0,1,0));
#13010=FACE_BOUND('',#13011,.T.);
#13011=EDGE_LOOP('',(#13012,#13013,#13014));
#13012=ORIENTED_EDGE('',*,*,#13015,.T.);
#13013=ORIENTED_EDGE('',*,*,#13016,.T.);
#13014=ORIENTED_EDGE('',*,*,#13017,.T.);
#13015=EDGE_CURVE('',#610,#210,#13018,.F.);
#13016=EDGE_CURVE('',#210,#612,#13019,.T.);
#13017=EDGE_CURVE('',#612,#610,#13020,.T.);
#13018=LINE('',#609,#13021);
#13019=LINE('',#209,#13022);
#13020=LINE('',#611,#13023);
#13021=VECTOR('',#13024,1.0);
#13022=VECTOR('',#13025,1.0);
#13023=VECTOR('',#13026,1.0);
#13024=DIRECTION('',(0,1,0));
#13025=DIRECTION('',(0.23986354943574142,-0.9372012903059213,-0.25321773062130504));
#13026=DIRECTION('',(-0.6877039532580939,0,0.7259912345704936));
#13027=FACE_SURFACE('',(#13032),#13028,.T.);
#13028=PLANE('',#13029);
#13029=AXIS2_PLACEMENT_3D('',#611,#13030,#13031);
#13030=DIRECTION('',(-0.7259912345704936,0,-0.6877039532580939));
#13031=DIRECTION('',(-0.23986354943574142,0.9372012903059213,0.25321773062130504));
#13032=FACE_BOUND('',#13033,.T.);
#13033=EDGE_LOOP('',(#13034,#13035,#13036));
#13034=ORIENTED_EDGE('',*,*,#13037,.T.);
#13035=ORIENTED_EDGE('',*,*,#13038,.T.);
#13036=ORIENTED_EDGE('',*,*,#13039,.T.);
#13037=EDGE_CURVE('',#612,#210,#13040,.F.);
#13038=EDGE_CURVE('',#210,#208,#13041,.T.);
#13039=EDGE_CURVE('',#208,#612,#13042,.T.);
#13040=LINE('',#611,#13043);
#13041=LINE('',#209,#13044);
#13042=LINE('',#207,#13045);
#13043=VECTOR('',#13046,1.0);
#13044=VECTOR('',#13047,1.0);
#13045=VECTOR('',#13048,1.0);
#13046=DIRECTION('',(-0.23986354943574142,0.9372012903059213,0.25321773062130504));
#13047=DIRECTION('',(0.6877039532580939,0,-0.7259912345704936));
#13048=DIRECTION('',(0,-1,0));
#13049=FACE_SURFACE('',(#13054),#13050,.T.);
#13050=PLANE('',#13051);
#13051=AXIS2_PLACEMENT_3D('',#611,#13052,#13053);
#13052=DIRECTION('',(-0.8568604268002075,0,-0.5155484545450275));
#13053=DIRECTION('',(0,1,0));
#13054=FACE_BOUND('',#13055,.T.);
#13055=EDGE_LOOP('',(#13056,#13057,#13058));
#13056=ORIENTED_EDGE('',*,*,#13059,.T.);
#13057=ORIENTED_EDGE('',*,*,#13060,.T.);
#13058=ORIENTED_EDGE('',*,*,#13061,.T.);
#13059=EDGE_CURVE('',#612,#208,#13062,.F.);
#13060=EDGE_CURVE('',#208,#614,#13063,.T.);
#13061=EDGE_CURVE('',#614,#612,#13064,.T.);
#13062=LINE('',#611,#13065);
#13063=LINE('',#207,#13066);
#13064=LINE('',#613,#13067);
#13065=VECTOR('',#13068,1.0);
#13066=VECTOR('',#13069,1.0);
#13067=VECTOR('',#13070,1.0);
#13068=DIRECTION('',(0,1,0));
#13069=DIRECTION('',(0.17981548312739423,-0.9372028266240595,-0.2988599233680131));
#13070=DIRECTION('',(-0.5155484545450275,0,0.8568604268002075));
#13071=FACE_SURFACE('',(#13076),#13072,.T.);
#13072=PLANE('',#13073);
#13073=AXIS2_PLACEMENT_3D('',#613,#13074,#13075);
#13074=DIRECTION('',(-0.8568604268002075,0,-0.5155484545450275));
#13075=DIRECTION('',(-0.17981548312739423,0.9372028266240595,0.2988599233680131));
#13076=FACE_BOUND('',#13077,.T.);
#13077=EDGE_LOOP('',(#13078,#13079,#13080));
#13078=ORIENTED_EDGE('',*,*,#13081,.T.);
#13079=ORIENTED_EDGE('',*,*,#13082,.T.);
#13080=ORIENTED_EDGE('',*,*,#13083,.T.);
#13081=EDGE_CURVE('',#614,#208,#13084,.F.);
#13082=EDGE_CURVE('',#208,#206,#13085,.T.);
#13083=EDGE_CURVE('',#206,#614,#13086,.T.);
#13084=LINE('',#613,#13087);
#13085=LINE('',#207,#13088);
#13086=LINE('',#205,#13089);
#13087=VECTOR('',#13090,1.0);
#13088=VECTOR('',#13091,1.0);
#13089=VECTOR('',#13092,1.0);
#13090=DIRECTION('',(-0.17981548312739423,0.9372028266240595,0.2988599233680131));
#13091=DIRECTION('',(0.5155484545450275,0,-0.8568604268002075));
#13092=DIRECTION('',(0,-1,0));
#13093=FACE_SURFACE('',(#13098),#13094,.T.);
#13094=PLANE('',#13095);
#13095=AXIS2_PLACEMENT_3D('',#613,#13096,#13097);
#13096=DIRECTION('',(-0.9476518540173554,0,-0.3193054393170726));
#13097=DIRECTION('',(0,1,0));
#13098=FACE_BOUND('',#13099,.T.);
#13099=EDGE_LOOP('',(#13100,#13101,#13102));
#13100=ORIENTED_EDGE('',*,*,#13103,.T.);
#13101=ORIENTED_EDGE('',*,*,#13104,.T.);
#13102=ORIENTED_EDGE('',*,*,#13105,.T.);
#13103=EDGE_CURVE('',#614,#206,#13106,.F.);
#13104=EDGE_CURVE('',#206,#616,#13107,.T.);
#13105=EDGE_CURVE('',#616,#614,#13108,.T.);
#13106=LINE('',#613,#13109);
#13107=LINE('',#205,#13110);
#13108=LINE('',#615,#13111);
#13109=VECTOR('',#13112,1.0);
#13110=VECTOR('',#13113,1.0);
#13111=VECTOR('',#13114,1.0);
#13112=DIRECTION('',(0,1,0));
#13113=DIRECTION('',(0.11136959006267066,-0.9372020168193156,-0.33052865848376956));
#13114=DIRECTION('',(-0.3193054393170726,0,0.9476518540173554));
#13115=FACE_SURFACE('',(#13120),#13116,.T.);
#13116=PLANE('',#13117);
#13117=AXIS2_PLACEMENT_3D('',#615,#13118,#13119);
#13118=DIRECTION('',(-0.9476518540173554,0,-0.3193054393170726));
#13119=DIRECTION('',(-0.11136959006267066,0.9372020168193156,0.33052865848376956));
#13120=FACE_BOUND('',#13121,.T.);
#13121=EDGE_LOOP('',(#13122,#13123,#13124));
#13122=ORIENTED_EDGE('',*,*,#13125,.T.);
#13123=ORIENTED_EDGE('',*,*,#13126,.T.);
#13124=ORIENTED_EDGE('',*,*,#13127,.T.);
#13125=EDGE_CURVE('',#616,#206,#13128,.F.);
#13126=EDGE_CURVE('',#206,#204,#13129,.T.);
#13127=EDGE_CURVE('',#204,#616,#13130,.T.);
#13128=LINE('',#615,#13131);
#13129=LINE('',#205,#13132);
#13130=LINE('',#203,#13133);
#13131=VECTOR('',#13134,1.0);
#13132=VECTOR('',#13135,1.0);
#13133=VECTOR('',#13136,1.0);
#13134=DIRECTION('',(-0.11136959006267066,0.9372020168193156,0.33052865848376956));
#13135=DIRECTION('',(0.3193054393170726,0,-0.9476518540173554));
#13136=DIRECTION('',(0,-1,0));
#13137=FACE_SURFACE('',(#13142),#13138,.T.);
#13138=PLANE('',#13139);
#13139=AXIS2_PLACEMENT_3D('',#557,#13140,#13141);
#13140=DIRECTION('',(-0.9932395245939301,0,-0.11608293063333631));
#13141=DIRECTION('',(0,1,0));
#13142=FACE_BOUND('',#13143,.T.);
#13143=EDGE_LOOP('',(#13144,#13145,#13146));
#13144=ORIENTED_EDGE('',*,*,#13147,.T.);
#13145=ORIENTED_EDGE('',*,*,#13148,.T.);
#13146=ORIENTED_EDGE('',*,*,#13149,.T.);
#13147=EDGE_CURVE('',#558,#262,#13150,.F.);
#13148=EDGE_CURVE('',#262,#506,#13151,.T.);
#13149=EDGE_CURVE('',#506,#558,#13152,.T.);
#13150=LINE('',#557,#13153);
#13151=LINE('',#261,#13154);
#13152=LINE('',#505,#13155);
#13153=VECTOR('',#13156,1.0);
#13154=VECTOR('',#13157,1.0);
#13155=VECTOR('',#13158,1.0);
#13156=DIRECTION('',(0,1,0));
#13157=DIRECTION('',(0.03770956151409011,-0.94576548741191,-0.3226540435062408));
#13158=DIRECTION('',(-0.11608293063333631,0,0.9932395245939301));
#13159=FACE_SURFACE('',(#13164),#13160,.T.);
#13160=PLANE('',#13161);
#13161=AXIS2_PLACEMENT_3D('',#505,#13162,#13163);
#13162=DIRECTION('',(-0.9932395245939301,0,-0.11608293063333631));
#13163=DIRECTION('',(-0.03770956151409011,0.94576548741191,0.3226540435062408));
#13164=FACE_BOUND('',#13165,.T.);
#13165=EDGE_LOOP('',(#13166,#13167,#13168));
#13166=ORIENTED_EDGE('',*,*,#13169,.T.);
#13167=ORIENTED_EDGE('',*,*,#13170,.T.);
#13168=ORIENTED_EDGE('',*,*,#13171,.T.);
#13169=EDGE_CURVE('',#506,#262,#13172,.F.);
#13170=EDGE_CURVE('',#262,#260,#13173,.T.);
#13171=EDGE_CURVE('',#260,#506,#13174,.T.);
#13172=LINE('',#505,#13175);
#13173=LINE('',#261,#13176);
#13174=LINE('',#259,#13177);
#13175=VECTOR('',#13178,1.0);
#13176=VECTOR('',#13179,1.0);
#13177=VECTOR('',#13180,1.0);
#13178=DIRECTION('',(-0.03770956151409011,0.94576548741191,0.3226540435062408));
#13179=DIRECTION('',(0.11608293063333631,0,-0.9932395245939301));
#13180=DIRECTION('',(0,-1,0));
#13181=FACE_SURFACE('',(#13186),#13182,.T.);
#13182=PLANE('',#13183);
#13183=AXIS2_PLACEMENT_3D('',#505,#13184,#13185);
#13184=DIRECTION('',(-0.9932395245939301,0,0.11608293063333631));
#13185=DIRECTION('',(0,1,0));
#13186=FACE_BOUND('',#13187,.T.);
#13187=EDGE_LOOP('',(#13188,#13189,#13190));
#13188=ORIENTED_EDGE('',*,*,#13191,.T.);
#13189=ORIENTED_EDGE('',*,*,#13192,.T.);
#13190=ORIENTED_EDGE('',*,*,#13193,.T.);
#13191=EDGE_CURVE('',#506,#260,#13194,.F.);
#13192=EDGE_CURVE('',#260,#508,#13195,.T.);
#13193=EDGE_CURVE('',#508,#506,#13196,.T.);
#13194=LINE('',#505,#13197);
#13195=LINE('',#259,#13198);
#13196=LINE('',#507,#13199);
#13197=VECTOR('',#13200,1.0);
#13198=VECTOR('',#13201,1.0);
#13199=VECTOR('',#13202,1.0);
#13200=DIRECTION('',(0,1,0));
#13201=DIRECTION('',(-0.03770956151409011,-0.94576548741191,-0.3226540435062408));
#13202=DIRECTION('',(0.11608293063333631,0,0.9932395245939301));
#13203=FACE_SURFACE('',(#13208),#13204,.T.);
#13204=PLANE('',#13205);
#13205=AXIS2_PLACEMENT_3D('',#507,#13206,#13207);
#13206=DIRECTION('',(-0.9932395245939301,0,0.11608293063333631));
#13207=DIRECTION('',(0.03770956151409011,0.94576548741191,0.3226540435062408));
#13208=FACE_BOUND('',#13209,.T.);
#13209=EDGE_LOOP('',(#13210,#13211,#13212));
#13210=ORIENTED_EDGE('',*,*,#13213,.T.);
#13211=ORIENTED_EDGE('',*,*,#13214,.T.);
#13212=ORIENTED_EDGE('',*,*,#13215,.T.);
#13213=EDGE_CURVE('',#508,#260,#13216,.F.);
#13214=EDGE_CURVE('',#260,#312,#13217,.T.);
#13215=EDGE_CURVE('',#312,#508,#13218,.T.);
#13216=LINE('',#507,#13219);
#13217=LINE('',#259,#13220);
#13218=LINE('',#311,#13221);
#13219=VECTOR('',#13222,1.0);
#13220=VECTOR('',#13223,1.0);
#13221=VECTOR('',#13224,1.0);
#13222=DIRECTION('',(0.03770956151409011,0.94576548741191,0.3226540435062408));
#13223=DIRECTION('',(-0.11608293063333631,0,-0.9932395245939301));
#13224=DIRECTION('',(0,-1,0));
#13225=FACE_SURFACE('',(#13230),#13226,.T.);
#13226=PLANE('',#13227);
#13227=AXIS2_PLACEMENT_3D('',#507,#13228,#13229);
#13228=DIRECTION('',(-0.9396969910920623,0,0.342008135769494));
#13229=DIRECTION('',(0,1,0));
#13230=FACE_BOUND('',#13231,.T.);
#13231=EDGE_LOOP('',(#13232,#13233,#13234));
#13232=ORIENTED_EDGE('',*,*,#13235,.T.);
#13233=ORIENTED_EDGE('',*,*,#13236,.T.);
#13234=ORIENTED_EDGE('',*,*,#13237,.T.);
#13235=EDGE_CURVE('',#508,#312,#13238,.F.);
#13236=EDGE_CURVE('',#312,#510,#13239,.T.);
#13237=EDGE_CURVE('',#510,#508,#13240,.T.);
#13238=LINE('',#507,#13241);
#13239=LINE('',#311,#13242);
#13240=LINE('',#509,#13243);
#13241=VECTOR('',#13244,1.0);
#13242=VECTOR('',#13245,1.0);
#13243=VECTOR('',#13246,1.0);
#13244=DIRECTION('',(0,1,0));
#13245=DIRECTION('',(-0.11110101007575854,-0.9457658852811941,-0.3052596530798419));
#13246=DIRECTION('',(0.342008135769494,0,0.9396969910920623));
#13247=FACE_SURFACE('',(#13252),#13248,.T.);
#13248=PLANE('',#13249);
#13249=AXIS2_PLACEMENT_3D('',#509,#13250,#13251);
#13250=DIRECTION('',(-0.9396969910920623,0,0.342008135769494));
#13251=DIRECTION('',(0.11110101007575854,0.9457658852811941,0.3052596530798419));
#13252=FACE_BOUND('',#13253,.T.);
#13253=EDGE_LOOP('',(#13254,#13255,#13256));
#13254=ORIENTED_EDGE('',*,*,#13257,.T.);
#13255=ORIENTED_EDGE('',*,*,#13258,.T.);
#13256=ORIENTED_EDGE('',*,*,#13259,.T.);
#13257=EDGE_CURVE('',#510,#312,#13260,.F.);
#13258=EDGE_CURVE('',#312,#310,#13261,.T.);
#13259=EDGE_CURVE('',#310,#510,#13262,.T.);
#13260=LINE('',#509,#13263);
#13261=LINE('',#311,#13264);
#13262=LINE('',#309,#13265);
#13263=VECTOR('',#13266,1.0);
#13264=VECTOR('',#13267,1.0);
#13265=VECTOR('',#13268,1.0);
#13266=DIRECTION('',(0.11110101007575854,0.9457658852811941,0.3052596530798419));
#13267=DIRECTION('',(-0.342008135769494,0,-0.9396969910920623));
#13268=DIRECTION('',(0,-1,0));
#13269=FACE_SURFACE('',(#13274),#13270,.T.);
#13270=PLANE('',#13271);
#13271=AXIS2_PLACEMENT_3D('',#509,#13272,#13273);
#13272=DIRECTION('',(-0.8354892968333537,0,0.5495067195921342));
#13273=DIRECTION('',(0,1,0));
#13274=FACE_BOUND('',#13275,.T.);
#13275=EDGE_LOOP('',(#13276,#13277,#13278));
#13276=ORIENTED_EDGE('',*,*,#13279,.T.);
#13277=ORIENTED_EDGE('',*,*,#13280,.T.);
#13278=ORIENTED_EDGE('',*,*,#13281,.T.);
#13279=EDGE_CURVE('',#510,#310,#13282,.F.);
#13280=EDGE_CURVE('',#310,#512,#13283,.T.);
#13281=EDGE_CURVE('',#512,#510,#13284,.T.);
#13282=LINE('',#509,#13285);
#13283=LINE('',#309,#13286);
#13284=LINE('',#511,#13287);
#13285=VECTOR('',#13288,1.0);
#13286=VECTOR('',#13289,1.0);
#13287=VECTOR('',#13290,1.0);
#13288=DIRECTION('',(0,1,0));
#13289=DIRECTION('',(-0.1785075398889207,-0.9457653747346718,-0.27140912688373436));
#13290=DIRECTION('',(0.5495067195921342,0,0.8354892968333537));
#13291=FACE_SURFACE('',(#13296),#13292,.T.);
#13292=PLANE('',#13293);
#13293=AXIS2_PLACEMENT_3D('',#511,#13294,#13295);
#13294=DIRECTION('',(-0.8354892968333537,0,0.5495067195921342));
#13295=DIRECTION('',(0.1785075398889207,0.9457653747346718,0.27140912688373436));
#13296=FACE_BOUND('',#13297,.T.);
#13297=EDGE_LOOP('',(#13298,#13299,#13300));
#13298=ORIENTED_EDGE('',*,*,#13301,.T.);
#13299=ORIENTED_EDGE('',*,*,#13302,.T.);
#13300=ORIENTED_EDGE('',*,*,#13303,.T.);
#13301=EDGE_CURVE('',#512,#310,#13304,.F.);
#13302=EDGE_CURVE('',#310,#308,#13305,.T.);
#13303=EDGE_CURVE('',#308,#512,#13306,.T.);
#13304=LINE('',#511,#13307);
#13305=LINE('',#309,#13308);
#13306=LINE('',#307,#13309);
#13307=VECTOR('',#13310,1.0);
#13308=VECTOR('',#13311,1.0);
#13309=VECTOR('',#13312,1.0);
#13310=DIRECTION('',(0.1785075398889207,0.9457653747346718,0.27140912688373436));
#13311=DIRECTION('',(-0.5495067195921342,0,-0.8354892968333537));
#13312=DIRECTION('',(0,-1,0));
#13313=FACE_SURFACE('',(#13318),#13314,.T.);
#13314=PLANE('',#13315);
#13315=AXIS2_PLACEMENT_3D('',#511,#13316,#13317);
#13316=DIRECTION('',(-0.6862371968672082,0,0.7273778314162707));
#13317=DIRECTION('',(0,1,0));
#13318=FACE_BOUND('',#13319,.T.);
#13319=EDGE_LOOP('',(#13320,#13321,#13322));
#13320=ORIENTED_EDGE('',*,*,#13323,.T.);
#13321=ORIENTED_EDGE('',*,*,#13324,.T.);
#13322=ORIENTED_EDGE('',*,*,#13325,.T.);
#13323=EDGE_CURVE('',#512,#308,#13326,.F.);
#13324=EDGE_CURVE('',#308,#514,#13327,.T.);
#13325=EDGE_CURVE('',#514,#512,#13328,.T.);
#13326=LINE('',#511,#13329);
#13327=LINE('',#307,#13330);
#13328=LINE('',#513,#13331);
#13329=VECTOR('',#13332,1.0);
#13330=VECTOR('',#13333,1.0);
#13331=VECTOR('',#13334,1.0);
#13332=DIRECTION('',(0,1,0));
#13333=DIRECTION('',(-0.2362899199831082,-0.945764969512952,-0.22292531519892833));
#13334=DIRECTION('',(0.7273778314162707,0,0.6862371968672082));
#13335=FACE_SURFACE('',(#13340),#13336,.T.);
#13336=PLANE('',#13337);
#13337=AXIS2_PLACEMENT_3D('',#513,#13338,#13339);
#13338=DIRECTION('',(-0.6862371968672082,0,0.7273778314162707));
#13339=DIRECTION('',(0.2362899199831082,0.945764969512952,0.22292531519892833));
#13340=FACE_BOUND('',#13341,.T.);
#13341=EDGE_LOOP('',(#13342,#13343,#13344));
#13342=ORIENTED_EDGE('',*,*,#13345,.T.);
#13343=ORIENTED_EDGE('',*,*,#13346,.T.);
#13344=ORIENTED_EDGE('',*,*,#13347,.T.);
#13345=EDGE_CURVE('',#514,#308,#13348,.F.);
#13346=EDGE_CURVE('',#308,#306,#13349,.T.);
#13347=EDGE_CURVE('',#306,#514,#13350,.T.);
#13348=LINE('',#513,#13351);
#13349=LINE('',#307,#13352);
#13350=LINE('',#305,#13353);
#13351=VECTOR('',#13354,1.0);
#13352=VECTOR('',#13355,1.0);
#13353=VECTOR('',#13356,1.0);
#13354=DIRECTION('',(0.2362899199831082,0.945764969512952,0.22292531519892833));
#13355=DIRECTION('',(-0.7273778314162707,0,-0.6862371968672082));
#13356=DIRECTION('',(0,-1,0));
#13357=FACE_SURFACE('',(#13362),#13358,.T.);
#13358=PLANE('',#13359);
#13359=AXIS2_PLACEMENT_3D('',#513,#13360,#13361);
#13360=DIRECTION('',(-0.4999979901206565,0,0.866026564185709));
#13361=DIRECTION('',(0,1,0));
#13362=FACE_BOUND('',#13363,.T.);
#13363=EDGE_LOOP('',(#13364,#13365,#13366));
#13364=ORIENTED_EDGE('',*,*,#13367,.T.);
#13365=ORIENTED_EDGE('',*,*,#13368,.T.);
#13366=ORIENTED_EDGE('',*,*,#13369,.T.);
#13367=EDGE_CURVE('',#514,#306,#13370,.F.);
#13368=EDGE_CURVE('',#306,#516,#13371,.T.);
#13369=EDGE_CURVE('',#516,#514,#13372,.T.);
#13370=LINE('',#513,#13373);
#13371=LINE('',#305,#13374);
#13372=LINE('',#515,#13375);
#13373=VECTOR('',#13376,1.0);
#13374=VECTOR('',#13377,1.0);
#13375=VECTOR('',#13378,1.0);
#13376=DIRECTION('',(0,1,0));
#13377=DIRECTION('',(-0.2813309427389718,-0.9457646731670624,-0.16242562496971108));
#13378=DIRECTION('',(0.866026564185709,0,0.4999979901206565));
#13379=FACE_SURFACE('',(#13384),#13380,.T.);
#13380=PLANE('',#13381);
#13381=AXIS2_PLACEMENT_3D('',#515,#13382,#13383);
#13382=DIRECTION('',(-0.4999979901206565,0,0.866026564185709));
#13383=DIRECTION('',(0.2813309427389718,0.9457646731670624,0.16242562496971108));
#13384=FACE_BOUND('',#13385,.T.);
#13385=EDGE_LOOP('',(#13386,#13387,#13388));
#13386=ORIENTED_EDGE('',*,*,#13389,.T.);
#13387=ORIENTED_EDGE('',*,*,#13390,.T.);
#13388=ORIENTED_EDGE('',*,*,#13391,.T.);
#13389=EDGE_CURVE('',#516,#306,#13392,.F.);
#13390=EDGE_CURVE('',#306,#304,#13393,.T.);
#13391=EDGE_CURVE('',#304,#516,#13394,.T.);
#13392=LINE('',#515,#13395);
#13393=LINE('',#305,#13396);
#13394=LINE('',#303,#13397);
#13395=VECTOR('',#13398,1.0);
#13396=VECTOR('',#13399,1.0);
#13397=VECTOR('',#13400,1.0);
#13398=DIRECTION('',(0.2813309427389718,0.9457646731670624,0.16242562496971108));
#13399=DIRECTION('',(-0.866026564185709,0,-0.4999979901206565));
#13400=DIRECTION('',(0,-1,0));
#13401=FACE_SURFACE('',(#13406),#13402,.T.);
#13402=PLANE('',#13403);
#13403=AXIS2_PLACEMENT_3D('',#515,#13404,#13405);
#13404=DIRECTION('',(-0.28680188485846786,0,0.9579899158350417));
#13405=DIRECTION('',(0,1,0));
#13406=FACE_BOUND('',#13407,.T.);
#13407=EDGE_LOOP('',(#13408,#13409,#13410));
#13408=ORIENTED_EDGE('',*,*,#13411,.T.);
#13409=ORIENTED_EDGE('',*,*,#13412,.T.);
#13410=ORIENTED_EDGE('',*,*,#13413,.T.);
#13411=EDGE_CURVE('',#516,#304,#13414,.F.);
#13412=EDGE_CURVE('',#304,#518,#13415,.T.);
#13413=EDGE_CURVE('',#518,#516,#13416,.T.);
#13414=LINE('',#515,#13417);
#13415=LINE('',#303,#13418);
#13416=LINE('',#517,#13419);
#13417=VECTOR('',#13420,1.0);
#13418=VECTOR('',#13421,1.0);
#13419=VECTOR('',#13422,1.0);
#13420=DIRECTION('',(0,1,0));
#13421=DIRECTION('',(-0.31120234335220737,-0.9457657951186671,-0.09316738847713914));
#13422=DIRECTION('',(0.9579899158350417,0,0.28680188485846786));
#13423=FACE_SURFACE('',(#13428),#13424,.T.);
#13424=PLANE('',#13425);
#13425=AXIS2_PLACEMENT_3D('',#517,#13426,#13427);
#13426=DIRECTION('',(-0.28680188485846786,0,0.9579899158350417));
#13427=DIRECTION('',(0.31120234335220737,0.9457657951186671,0.09316738847713914));
#13428=FACE_BOUND('',#13429,.T.);
#13429=EDGE_LOOP('',(#13430,#13431,#13432));
#13430=ORIENTED_EDGE('',*,*,#13433,.T.);
#13431=ORIENTED_EDGE('',*,*,#13434,.T.);
#13432=ORIENTED_EDGE('',*,*,#13435,.T.);
#13433=EDGE_CURVE('',#518,#304,#13436,.F.);
#13434=EDGE_CURVE('',#304,#302,#13437,.T.);
#13435=EDGE_CURVE('',#302,#518,#13438,.T.);
#13436=LINE('',#517,#13439);
#13437=LINE('',#303,#13440);
#13438=LINE('',#301,#13441);
#13439=VECTOR('',#13442,1.0);
#13440=VECTOR('',#13443,1.0);
#13441=VECTOR('',#13444,1.0);
#13442=DIRECTION('',(0.31120234335220737,0.9457657951186671,0.09316738847713914));
#13443=DIRECTION('',(-0.9579899158350417,0,-0.28680188485846786));
#13444=DIRECTION('',(0,-1,0));
#13445=FACE_SURFACE('',(#13450),#13446,.T.);
#13446=PLANE('',#13447);
#13447=AXIS2_PLACEMENT_3D('',#517,#13448,#13449);
#13448=DIRECTION('',(-0.05814651839536125,0,0.9983080598685448));
#13449=DIRECTION('',(0,1,0));
#13450=FACE_BOUND('',#13451,.T.);
#13451=EDGE_LOOP('',(#13452,#13453,#13454));
#13452=ORIENTED_EDGE('',*,*,#13455,.T.);
#13453=ORIENTED_EDGE('',*,*,#13456,.T.);
#13454=ORIENTED_EDGE('',*,*,#13457,.T.);
#13455=EDGE_CURVE('',#518,#302,#13458,.F.);
#13456=EDGE_CURVE('',#302,#520,#13459,.T.);
#13457=EDGE_CURVE('',#520,#518,#13460,.T.);
#13458=LINE('',#517,#13461);
#13459=LINE('',#301,#13462);
#13460=LINE('',#519,#13463);
#13461=VECTOR('',#13464,1.0);
#13462=VECTOR('',#13465,1.0);
#13463=VECTOR('',#13466,1.0);
#13464=DIRECTION('',(0,1,0));
#13465=DIRECTION('',(-0.32429934561955187,-0.9457659045878504,-0.018888836646429482));
#13466=DIRECTION('',(0.9983080598685448,0,0.05814651839536125));
#13467=FACE_SURFACE('',(#13472),#13468,.T.);
#13468=PLANE('',#13469);
#13469=AXIS2_PLACEMENT_3D('',#519,#13470,#13471);
#13470=DIRECTION('',(-0.05814651839536125,0,0.9983080598685448));
#13471=DIRECTION('',(0.32429934561955187,0.9457659045878504,0.018888836646429482));
#13472=FACE_BOUND('',#13473,.T.);
#13473=EDGE_LOOP('',(#13474,#13475,#13476));
#13474=ORIENTED_EDGE('',*,*,#13477,.T.);
#13475=ORIENTED_EDGE('',*,*,#13478,.T.);
#13476=ORIENTED_EDGE('',*,*,#13479,.T.);
#13477=EDGE_CURVE('',#520,#302,#13480,.F.);
#13478=EDGE_CURVE('',#302,#300,#13481,.T.);
#13479=EDGE_CURVE('',#300,#520,#13482,.T.);
#13480=LINE('',#519,#13483);
#13481=LINE('',#301,#13484);
#13482=LINE('',#299,#13485);
#13483=VECTOR('',#13486,1.0);
#13484=VECTOR('',#13487,1.0);
#13485=VECTOR('',#13488,1.0);
#13486=DIRECTION('',(0.32429934561955187,0.9457659045878504,0.018888836646429482));
#13487=DIRECTION('',(-0.9983080598685448,0,-0.05814651839536125));
#13488=DIRECTION('',(0,-1,0));
#13489=FACE_SURFACE('',(#13494),#13490,.T.);
#13490=PLANE('',#13491);
#13491=AXIS2_PLACEMENT_3D('',#519,#13492,#13493);
#13492=DIRECTION('',(0.17364798057503156,-0,0.984807787764807));
#13493=DIRECTION('',(0,1,0));
#13494=FACE_BOUND('',#13495,.T.);
#13495=EDGE_LOOP('',(#13496,#13497,#13498));
#13496=ORIENTED_EDGE('',*,*,#13499,.T.);
#13497=ORIENTED_EDGE('',*,*,#13500,.T.);
#13498=ORIENTED_EDGE('',*,*,#13501,.T.);
#13499=EDGE_CURVE('',#520,#300,#13502,.F.);
#13500=EDGE_CURVE('',#300,#522,#13503,.T.);
#13501=EDGE_CURVE('',#522,#520,#13504,.T.);
#13502=LINE('',#519,#13505);
#13503=LINE('',#299,#13506);
#13504=LINE('',#521,#13507);
#13505=VECTOR('',#13508,1.0);
#13506=VECTOR('',#13509,1.0);
#13507=VECTOR('',#13510,1.0);
#13508=DIRECTION('',(0,1,0));
#13509=DIRECTION('',(-0.31991805543894186,-0.9457644190305393,0.05641011877307626));
#13510=DIRECTION('',(0.984807787764807,0,-0.17364798057503156));
#13511=FACE_SURFACE('',(#13516),#13512,.T.);
#13512=PLANE('',#13513);
#13513=AXIS2_PLACEMENT_3D('',#521,#13514,#13515);
#13514=DIRECTION('',(0.17364798057503156,-0,0.984807787764807));
#13515=DIRECTION('',(0.31991805543894186,0.9457644190305393,-0.05641011877307626));
#13516=FACE_BOUND('',#13517,.T.);
#13517=EDGE_LOOP('',(#13518,#13519,#13520));
#13518=ORIENTED_EDGE('',*,*,#13521,.T.);
#13519=ORIENTED_EDGE('',*,*,#13522,.T.);
#13520=ORIENTED_EDGE('',*,*,#13523,.T.);
#13521=EDGE_CURVE('',#522,#300,#13524,.F.);
#13522=EDGE_CURVE('',#300,#298,#13525,.T.);
#13523=EDGE_CURVE('',#298,#522,#13526,.T.);
#13524=LINE('',#521,#13527);
#13525=LINE('',#299,#13528);
#13526=LINE('',#297,#13529);
#13527=VECTOR('',#13530,1.0);
#13528=VECTOR('',#13531,1.0);
#13529=VECTOR('',#13532,1.0);
#13530=DIRECTION('',(0.31991805543894186,0.9457644190305393,-0.05641011877307626));
#13531=DIRECTION('',(-0.984807787764807,0,0.17364798057503156));
#13532=DIRECTION('',(0,-1,0));
#13533=FACE_SURFACE('',(#13538),#13534,.T.);
#13534=PLANE('',#13535);
#13535=AXIS2_PLACEMENT_3D('',#521,#13536,#13537);
#13536=DIRECTION('',(0.3960812927996592,-0,0.9182154482985736));
#13537=DIRECTION('',(0,1,0));
#13538=FACE_BOUND('',#13539,.T.);
#13539=EDGE_LOOP('',(#13540,#13541,#13542));
#13540=ORIENTED_EDGE('',*,*,#13543,.T.);
#13541=ORIENTED_EDGE('',*,*,#13544,.T.);
#13542=ORIENTED_EDGE('',*,*,#13545,.T.);
#13543=EDGE_CURVE('',#522,#298,#13546,.F.);
#13544=EDGE_CURVE('',#298,#524,#13547,.T.);
#13545=EDGE_CURVE('',#524,#522,#13548,.T.);
#13546=LINE('',#521,#13549);
#13547=LINE('',#297,#13550);
#13548=LINE('',#523,#13551);
#13549=VECTOR('',#13552,1.0);
#13550=VECTOR('',#13553,1.0);
#13551=VECTOR('',#13554,1.0);
#13552=DIRECTION('',(0,1,0));
#13553=DIRECTION('',(-0.29827963551671605,-0.9457665433779385,0.1286658636273083));
#13554=DIRECTION('',(0.9182154482985736,0,-0.3960812927996592));
#13555=FACE_SURFACE('',(#13560),#13556,.T.);
#13556=PLANE('',#13557);
#13557=AXIS2_PLACEMENT_3D('',#523,#13558,#13559);
#13558=DIRECTION('',(0.3960812927996592,-0,0.9182154482985736));
#13559=DIRECTION('',(0.29827963551671605,0.9457665433779385,-0.1286658636273083));
#13560=FACE_BOUND('',#13561,.T.);
#13561=EDGE_LOOP('',(#13562,#13563,#13564));
#13562=ORIENTED_EDGE('',*,*,#13565,.T.);
#13563=ORIENTED_EDGE('',*,*,#13566,.T.);
#13564=ORIENTED_EDGE('',*,*,#13567,.T.);
#13565=EDGE_CURVE('',#524,#298,#13568,.F.);
#13566=EDGE_CURVE('',#298,#296,#13569,.T.);
#13567=EDGE_CURVE('',#296,#524,#13570,.T.);
#13568=LINE('',#523,#13571);
#13569=LINE('',#297,#13572);
#13570=LINE('',#295,#13573);
#13571=VECTOR('',#13574,1.0);
#13572=VECTOR('',#13575,1.0);
#13573=VECTOR('',#13576,1.0);
#13574=DIRECTION('',(0.29827963551671605,0.9457665433779385,-0.1286658636273083));
#13575=DIRECTION('',(-0.9182154482985736,0,0.3960812927996592));
#13576=DIRECTION('',(0,-1,0));
#13577=FACE_SURFACE('',(#13582),#13578,.T.);
#13578=PLANE('',#13579);
#13579=AXIS2_PLACEMENT_3D('',#523,#13580,#13581);
#13580=DIRECTION('',(0.5971603067275586,-0,0.8021219159635572));
#13581=DIRECTION('',(0,1,0));
#13582=FACE_BOUND('',#13583,.T.);
#13583=EDGE_LOOP('',(#13584,#13585,#13586));
#13584=ORIENTED_EDGE('',*,*,#13587,.T.);
#13585=ORIENTED_EDGE('',*,*,#13588,.T.);
#13586=ORIENTED_EDGE('',*,*,#13589,.T.);
#13587=EDGE_CURVE('',#524,#296,#13590,.F.);
#13588=EDGE_CURVE('',#296,#526,#13591,.T.);
#13589=EDGE_CURVE('',#526,#524,#13592,.T.);
#13590=LINE('',#523,#13593);
#13591=LINE('',#295,#13594);
#13592=LINE('',#525,#13595);
#13593=VECTOR('',#13596,1.0);
#13594=VECTOR('',#13597,1.0);
#13595=VECTOR('',#13598,1.0);
#13596=DIRECTION('',(0,1,0));
#13597=DIRECTION('',(-0.2605697105738141,-0.9457653770936356,0.19398782802643122));
#13598=DIRECTION('',(0.8021219159635572,0,-0.5971603067275586));
#13599=FACE_SURFACE('',(#13604),#13600,.T.);
#13600=PLANE('',#13601);
#13601=AXIS2_PLACEMENT_3D('',#525,#13602,#13603);
#13602=DIRECTION('',(0.5971603067275586,-0,0.8021219159635572));
#13603=DIRECTION('',(0.2605697105738141,0.9457653770936356,-0.19398782802643122));
#13604=FACE_BOUND('',#13605,.T.);
#13605=EDGE_LOOP('',(#13606,#13607,#13608));
#13606=ORIENTED_EDGE('',*,*,#13609,.T.);
#13607=ORIENTED_EDGE('',*,*,#13610,.T.);
#13608=ORIENTED_EDGE('',*,*,#13611,.T.);
#13609=EDGE_CURVE('',#526,#296,#13612,.F.);
#13610=EDGE_CURVE('',#296,#294,#13613,.T.);
#13611=EDGE_CURVE('',#294,#526,#13614,.T.);
#13612=LINE('',#525,#13615);
#13613=LINE('',#295,#13616);
#13614=LINE('',#293,#13617);
#13615=VECTOR('',#13618,1.0);
#13616=VECTOR('',#13619,1.0);
#13617=VECTOR('',#13620,1.0);
#13618=DIRECTION('',(0.2605697105738141,0.9457653770936356,-0.19398782802643122));
#13619=DIRECTION('',(-0.8021219159635572,0,0.5971603067275586));
#13620=DIRECTION('',(0,-1,0));
#13621=FACE_SURFACE('',(#13626),#13622,.T.);
#13622=PLANE('',#13623);
#13623=AXIS2_PLACEMENT_3D('',#525,#13624,#13625);
#13624=DIRECTION('',(0.7660442925292122,-0,0.6427877891523912));
#13625=DIRECTION('',(0,1,0));
#13626=FACE_BOUND('',#13627,.T.);
#13627=EDGE_LOOP('',(#13628,#13629,#13630));
#13628=ORIENTED_EDGE('',*,*,#13631,.T.);
#13629=ORIENTED_EDGE('',*,*,#13632,.T.);
#13630=ORIENTED_EDGE('',*,*,#13633,.T.);
#13631=EDGE_CURVE('',#526,#294,#13634,.F.);
#13632=EDGE_CURVE('',#294,#528,#13635,.T.);
#13633=EDGE_CURVE('',#528,#526,#13636,.T.);
#13634=LINE('',#525,#13637);
#13635=LINE('',#293,#13638);
#13636=LINE('',#527,#13639);
#13637=VECTOR('',#13640,1.0);
#13638=VECTOR('',#13641,1.0);
#13639=VECTOR('',#13642,1.0);
#13640=DIRECTION('',(0,1,0));
#13641=DIRECTION('',(-0.20880987101319104,-0.9457654133142915,0.24884979555125536));
#13642=DIRECTION('',(0.6427877891523912,0,-0.7660442925292122));
#13643=FACE_SURFACE('',(#13648),#13644,.T.);
#13644=PLANE('',#13645);
#13645=AXIS2_PLACEMENT_3D('',#527,#13646,#13647);
#13646=DIRECTION('',(0.7660442925292122,-0,0.6427877891523912));
#13647=DIRECTION('',(0.20880987101319104,0.9457654133142915,-0.24884979555125536));
#13648=FACE_BOUND('',#13649,.T.);
#13649=EDGE_LOOP('',(#13650,#13651,#13652));
#13650=ORIENTED_EDGE('',*,*,#13653,.T.);
#13651=ORIENTED_EDGE('',*,*,#13654,.T.);
#13652=ORIENTED_EDGE('',*,*,#13655,.T.);
#13653=EDGE_CURVE('',#528,#294,#13656,.F.);
#13654=EDGE_CURVE('',#294,#292,#13657,.T.);
#13655=EDGE_CURVE('',#292,#528,#13658,.T.);
#13656=LINE('',#527,#13659);
#13657=LINE('',#293,#13660);
#13658=LINE('',#291,#13661);
#13659=VECTOR('',#13662,1.0);
#13660=VECTOR('',#13663,1.0);
#13661=VECTOR('',#13664,1.0);
#13662=DIRECTION('',(0.20880987101319104,0.9457654133142915,-0.24884979555125536));
#13663=DIRECTION('',(-0.6427877891523912,0,0.7660442925292122));
#13664=DIRECTION('',(0,-1,0));
#13665=FACE_SURFACE('',(#13670),#13666,.T.);
#13666=PLANE('',#13667);
#13667=AXIS2_PLACEMENT_3D('',#527,#13668,#13669);
#13668=DIRECTION('',(0.8936338904984664,-0,0.4487966908886195));
#13669=DIRECTION('',(0,1,0));
#13670=FACE_BOUND('',#13671,.T.);
#13671=EDGE_LOOP('',(#13672,#13673,#13674));
#13672=ORIENTED_EDGE('',*,*,#13675,.T.);
#13673=ORIENTED_EDGE('',*,*,#13676,.T.);
#13674=ORIENTED_EDGE('',*,*,#13677,.T.);
#13675=EDGE_CURVE('',#528,#292,#13678,.F.);
#13676=EDGE_CURVE('',#292,#530,#13679,.T.);
#13677=EDGE_CURVE('',#530,#528,#13680,.T.);
#13678=LINE('',#527,#13681);
#13679=LINE('',#291,#13682);
#13680=LINE('',#529,#13683);
#13681=VECTOR('',#13684,1.0);
#13682=VECTOR('',#13685,1.0);
#13683=VECTOR('',#13686,1.0);
#13684=DIRECTION('',(0,1,0));
#13685=DIRECTION('',(-0.14579164634725042,-0.9457655194045743,0.2902970515881173));
#13686=DIRECTION('',(0.4487966908886195,0,-0.8936338904984664));
#13687=FACE_SURFACE('',(#13692),#13688,.T.);
#13688=PLANE('',#13689);
#13689=AXIS2_PLACEMENT_3D('',#529,#13690,#13691);
#13690=DIRECTION('',(0.8936338904984664,-0,0.4487966908886195));
#13691=DIRECTION('',(0.14579164634725042,0.9457655194045743,-0.2902970515881173));
#13692=FACE_BOUND('',#13693,.T.);
#13693=EDGE_LOOP('',(#13694,#13695,#13696));
#13694=ORIENTED_EDGE('',*,*,#13697,.T.);
#13695=ORIENTED_EDGE('',*,*,#13698,.T.);
#13696=ORIENTED_EDGE('',*,*,#13699,.T.);
#13697=EDGE_CURVE('',#530,#292,#13700,.F.);
#13698=EDGE_CURVE('',#292,#290,#13701,.T.);
#13699=EDGE_CURVE('',#290,#530,#13702,.T.);
#13700=LINE('',#529,#13703);
#13701=LINE('',#291,#13704);
#13702=LINE('',#289,#13705);
#13703=VECTOR('',#13706,1.0);
#13704=VECTOR('',#13707,1.0);
#13705=VECTOR('',#13708,1.0);
#13706=DIRECTION('',(0.14579164634725042,0.9457655194045743,-0.2902970515881173));
#13707=DIRECTION('',(-0.4487966908886195,0,0.8936338904984664));
#13708=DIRECTION('',(0,-1,0));
#13709=FACE_SURFACE('',(#13714),#13710,.T.);
#13710=PLANE('',#13711);
#13711=AXIS2_PLACEMENT_3D('',#529,#13712,#13713);
#13712=DIRECTION('',(0.9730420701646663,-0,0.2306276863034026));
#13713=DIRECTION('',(0,1,0));
#13714=FACE_BOUND('',#13715,.T.);
#13715=EDGE_LOOP('',(#13716,#13717,#13718));
#13716=ORIENTED_EDGE('',*,*,#13719,.T.);
#13717=ORIENTED_EDGE('',*,*,#13720,.T.);
#13718=ORIENTED_EDGE('',*,*,#13721,.T.);
#13719=EDGE_CURVE('',#530,#290,#13722,.F.);
#13720=EDGE_CURVE('',#290,#532,#13723,.T.);
#13721=EDGE_CURVE('',#532,#530,#13724,.T.);
#13722=LINE('',#529,#13725);
#13723=LINE('',#289,#13726);
#13724=LINE('',#531,#13727);
#13725=VECTOR('',#13728,1.0);
#13726=VECTOR('',#13729,1.0);
#13727=VECTOR('',#13730,1.0);
#13728=DIRECTION('',(0,1,0));
#13729=DIRECTION('',(-0.07491972590023252,-0.9457650714531187,0.3160940750635977));
#13730=DIRECTION('',(0.2306276863034026,0,-0.9730420701646663));
#13731=FACE_SURFACE('',(#13736),#13732,.T.);
#13732=PLANE('',#13733);
#13733=AXIS2_PLACEMENT_3D('',#531,#13734,#13735);
#13734=DIRECTION('',(0.9730420701646663,-0,0.2306276863034026));
#13735=DIRECTION('',(0.07491972590023252,0.9457650714531187,-0.3160940750635977));
#13736=FACE_BOUND('',#13737,.T.);
#13737=EDGE_LOOP('',(#13738,#13739,#13740));
#13738=ORIENTED_EDGE('',*,*,#13741,.T.);
#13739=ORIENTED_EDGE('',*,*,#13742,.T.);
#13740=ORIENTED_EDGE('',*,*,#13743,.T.);
#13741=EDGE_CURVE('',#532,#290,#13744,.F.);
#13742=EDGE_CURVE('',#290,#288,#13745,.T.);
#13743=EDGE_CURVE('',#288,#532,#13746,.T.);
#13744=LINE('',#531,#13747);
#13745=LINE('',#289,#13748);
#13746=LINE('',#287,#13749);
#13747=VECTOR('',#13750,1.0);
#13748=VECTOR('',#13751,1.0);
#13749=VECTOR('',#13752,1.0);
#13750=DIRECTION('',(0.07491972590023252,0.9457650714531187,-0.3160940750635977));
#13751=DIRECTION('',(-0.2306276863034026,0,0.9730420701646663));
#13752=DIRECTION('',(0,-1,0));
#13753=FACE_SURFACE('',(#13758),#13754,.T.);
#13754=PLANE('',#13755);
#13755=AXIS2_PLACEMENT_3D('',#531,#13756,#13757);
#13756=DIRECTION('',(1,0,0));
#13757=DIRECTION('',(0,1,0));
#13758=FACE_BOUND('',#13759,.T.);
#13759=EDGE_LOOP('',(#13760,#13761,#13762));
#13760=ORIENTED_EDGE('',*,*,#13763,.T.);
#13761=ORIENTED_EDGE('',*,*,#13764,.T.);
#13762=ORIENTED_EDGE('',*,*,#13765,.T.);
#13763=EDGE_CURVE('',#532,#288,#13766,.F.);
#13764=EDGE_CURVE('',#288,#534,#13767,.T.);
#13765=EDGE_CURVE('',#534,#532,#13768,.T.);
#13766=LINE('',#531,#13769);
#13767=LINE('',#287,#13770);
#13768=LINE('',#533,#13771);
#13769=VECTOR('',#13772,1.0);
#13770=VECTOR('',#13773,1.0);
#13771=VECTOR('',#13774,1.0);
#13772=DIRECTION('',(0,1,0));
#13773=DIRECTION('',(0,-0.9457653649316787,0.32485054178136835));
#13774=DIRECTION('',(0,0,-1));
#13775=FACE_SURFACE('',(#13780),#13776,.T.);
#13776=PLANE('',#13777);
#13777=AXIS2_PLACEMENT_3D('',#533,#13778,#13779);
#13778=DIRECTION('',(1,-0,0));
#13779=DIRECTION('',(0,0.9457653649316787,-0.32485054178136835));
#13780=FACE_BOUND('',#13781,.T.);
#13781=EDGE_LOOP('',(#13782,#13783,#13784));
#13782=ORIENTED_EDGE('',*,*,#13785,.T.);
#13783=ORIENTED_EDGE('',*,*,#13786,.T.);
#13784=ORIENTED_EDGE('',*,*,#13787,.T.);
#13785=EDGE_CURVE('',#534,#288,#13788,.F.);
#13786=EDGE_CURVE('',#288,#286,#13789,.T.);
#13787=EDGE_CURVE('',#286,#534,#13790,.T.);
#13788=LINE('',#533,#13791);
#13789=LINE('',#287,#13792);
#13790=LINE('',#285,#13793);
#13791=VECTOR('',#13794,1.0);
#13792=VECTOR('',#13795,1.0);
#13793=VECTOR('',#13796,1.0);
#13794=DIRECTION('',(0,0.9457653649316787,-0.32485054178136835));
#13795=DIRECTION('',(0,0,1));
#13796=DIRECTION('',(0,-1,0));
#13797=FACE_SURFACE('',(#13802),#13798,.T.);
#13798=PLANE('',#13799);
#13799=AXIS2_PLACEMENT_3D('',#533,#13800,#13801);
#13800=DIRECTION('',(0.9730420701646662,0,-0.23062768630340322));
#13801=DIRECTION('',(0,1,0));
#13802=FACE_BOUND('',#13803,.T.);
#13803=EDGE_LOOP('',(#13804,#13805,#13806));
#13804=ORIENTED_EDGE('',*,*,#13807,.T.);
#13805=ORIENTED_EDGE('',*,*,#13808,.T.);
#13806=ORIENTED_EDGE('',*,*,#13809,.T.);
#13807=EDGE_CURVE('',#534,#286,#13810,.F.);
#13808=EDGE_CURVE('',#286,#536,#13811,.T.);
#13809=EDGE_CURVE('',#536,#534,#13812,.T.);
#13810=LINE('',#533,#13813);
#13811=LINE('',#285,#13814);
#13812=LINE('',#535,#13815);
#13813=VECTOR('',#13816,1.0);
#13814=VECTOR('',#13817,1.0);
#13815=VECTOR('',#13818,1.0);
#13816=DIRECTION('',(0,1,0));
#13817=DIRECTION('',(0.07491972590023253,-0.9457650714531189,0.31609407506359694));
#13818=DIRECTION('',(-0.23062768630340322,0,-0.9730420701646662));
#13819=FACE_SURFACE('',(#13824),#13820,.T.);
#13820=PLANE('',#13821);
#13821=AXIS2_PLACEMENT_3D('',#535,#13822,#13823);
#13822=DIRECTION('',(0.9730420701646662,0,-0.23062768630340322));
#13823=DIRECTION('',(-0.07491972590023253,0.9457650714531189,-0.31609407506359694));
#13824=FACE_BOUND('',#13825,.T.);
#13825=EDGE_LOOP('',(#13826,#13827,#13828));
#13826=ORIENTED_EDGE('',*,*,#13829,.T.);
#13827=ORIENTED_EDGE('',*,*,#13830,.T.);
#13828=ORIENTED_EDGE('',*,*,#13831,.T.);
#13829=EDGE_CURVE('',#536,#286,#13832,.F.);
#13830=EDGE_CURVE('',#286,#284,#13833,.T.);
#13831=EDGE_CURVE('',#284,#536,#13834,.T.);
#13832=LINE('',#535,#13835);
#13833=LINE('',#285,#13836);
#13834=LINE('',#283,#13837);
#13835=VECTOR('',#13838,1.0);
#13836=VECTOR('',#13839,1.0);
#13837=VECTOR('',#13840,1.0);
#13838=DIRECTION('',(-0.07491972590023253,0.9457650714531189,-0.31609407506359694));
#13839=DIRECTION('',(0.23062768630340322,0,0.9730420701646662));
#13840=DIRECTION('',(0,-1,0));
#13841=FACE_SURFACE('',(#13846),#13842,.T.);
#13842=PLANE('',#13843);
#13843=AXIS2_PLACEMENT_3D('',#535,#13844,#13845);
#13844=DIRECTION('',(0.893634183701819,0,-0.448796107068214));
#13845=DIRECTION('',(0,1,0));
#13846=FACE_BOUND('',#13847,.T.);
#13847=EDGE_LOOP('',(#13848,#13849,#13850));
#13848=ORIENTED_EDGE('',*,*,#13851,.T.);
#13849=ORIENTED_EDGE('',*,*,#13852,.T.);
#13850=ORIENTED_EDGE('',*,*,#13853,.T.);
#13851=EDGE_CURVE('',#536,#284,#13854,.F.);
#13852=EDGE_CURVE('',#284,#538,#13855,.T.);
#13853=EDGE_CURVE('',#538,#536,#13856,.T.);
#13854=LINE('',#535,#13857);
#13855=LINE('',#283,#13858);
#13856=LINE('',#537,#13859);
#13857=VECTOR('',#13860,1.0);
#13858=VECTOR('',#13861,1.0);
#13859=VECTOR('',#13862,1.0);
#13860=DIRECTION('',(0,1,0));
#13861=DIRECTION('',(0.14579162633347553,-0.9457653895731424,0.29029748461983357));
#13862=DIRECTION('',(-0.448796107068214,0,-0.893634183701819));
#13863=FACE_SURFACE('',(#13868),#13864,.T.);
#13864=PLANE('',#13865);
#13865=AXIS2_PLACEMENT_3D('',#537,#13866,#13867);
#13866=DIRECTION('',(0.893634183701819,0,-0.448796107068214));
#13867=DIRECTION('',(-0.14579162633347553,0.9457653895731424,-0.29029748461983357));
#13868=FACE_BOUND('',#13869,.T.);
#13869=EDGE_LOOP('',(#13870,#13871,#13872));
#13870=ORIENTED_EDGE('',*,*,#13873,.T.);
#13871=ORIENTED_EDGE('',*,*,#13874,.T.);
#13872=ORIENTED_EDGE('',*,*,#13875,.T.);
#13873=EDGE_CURVE('',#538,#284,#13876,.F.);
#13874=EDGE_CURVE('',#284,#282,#13877,.T.);
#13875=EDGE_CURVE('',#282,#538,#13878,.T.);
#13876=LINE('',#537,#13879);
#13877=LINE('',#283,#13880);
#13878=LINE('',#281,#13881);
#13879=VECTOR('',#13882,1.0);
#13880=VECTOR('',#13883,1.0);
#13881=VECTOR('',#13884,1.0);
#13882=DIRECTION('',(-0.14579162633347553,0.9457653895731424,-0.29029748461983357));
#13883=DIRECTION('',(0.448796107068214,0,0.893634183701819));
#13884=DIRECTION('',(0,-1,0));
#13885=FACE_SURFACE('',(#13890),#13886,.T.);
#13886=PLANE('',#13887);
#13887=AXIS2_PLACEMENT_3D('',#537,#13888,#13889);
#13888=DIRECTION('',(0.7660442925292132,0,-0.6427877891523899));
#13889=DIRECTION('',(0,1,0));
#13890=FACE_BOUND('',#13891,.T.);
#13891=EDGE_LOOP('',(#13892,#13893,#13894));
#13892=ORIENTED_EDGE('',*,*,#13895,.T.);
#13893=ORIENTED_EDGE('',*,*,#13896,.T.);
#13894=ORIENTED_EDGE('',*,*,#13897,.T.);
#13895=EDGE_CURVE('',#538,#282,#13898,.F.);
#13896=EDGE_CURVE('',#282,#540,#13899,.T.);
#13897=EDGE_CURVE('',#540,#538,#13900,.T.);
#13898=LINE('',#537,#13901);
#13899=LINE('',#281,#13902);
#13900=LINE('',#539,#13903);
#13901=VECTOR('',#13904,1.0);
#13902=VECTOR('',#13905,1.0);
#13903=VECTOR('',#13906,1.0);
#13904=DIRECTION('',(0,1,0));
#13905=DIRECTION('',(0.20880987101319098,-0.9457654133142914,0.24884979555125616));
#13906=DIRECTION('',(-0.6427877891523899,0,-0.7660442925292132));
#13907=FACE_SURFACE('',(#13912),#13908,.T.);
#13908=PLANE('',#13909);
#13909=AXIS2_PLACEMENT_3D('',#539,#13910,#13911);
#13910=DIRECTION('',(0.7660442925292132,0,-0.6427877891523899));
#13911=DIRECTION('',(-0.20880987101319098,0.9457654133142914,-0.24884979555125616));
#13912=FACE_BOUND('',#13913,.T.);
#13913=EDGE_LOOP('',(#13914,#13915,#13916));
#13914=ORIENTED_EDGE('',*,*,#13917,.T.);
#13915=ORIENTED_EDGE('',*,*,#13918,.T.);
#13916=ORIENTED_EDGE('',*,*,#13919,.T.);
#13917=EDGE_CURVE('',#540,#282,#13920,.F.);
#13918=EDGE_CURVE('',#282,#280,#13921,.T.);
#13919=EDGE_CURVE('',#280,#540,#13922,.T.);
#13920=LINE('',#539,#13923);
#13921=LINE('',#281,#13924);
#13922=LINE('',#279,#13925);
#13923=VECTOR('',#13926,1.0);
#13924=VECTOR('',#13927,1.0);
#13925=VECTOR('',#13928,1.0);
#13926=DIRECTION('',(-0.20880987101319098,0.9457654133142914,-0.24884979555125616));
#13927=DIRECTION('',(0.6427877891523899,0,0.7660442925292132));
#13928=DIRECTION('',(0,-1,0));
#13929=FACE_SURFACE('',(#13934),#13930,.T.);
#13930=PLANE('',#13931);
#13931=AXIS2_PLACEMENT_3D('',#539,#13932,#13933);
#13932=DIRECTION('',(0.5971593701339282,0,-0.8021226132339432));
#13933=DIRECTION('',(0,1,0));
#13934=FACE_BOUND('',#13935,.T.);
#13935=EDGE_LOOP('',(#13936,#13937,#13938));
#13936=ORIENTED_EDGE('',*,*,#13939,.T.);
#13937=ORIENTED_EDGE('',*,*,#13940,.T.);
#13938=ORIENTED_EDGE('',*,*,#13941,.T.);
#13939=EDGE_CURVE('',#540,#280,#13942,.F.);
#13940=EDGE_CURVE('',#280,#542,#13943,.T.);
#13941=EDGE_CURVE('',#542,#540,#13944,.T.);
#13942=LINE('',#539,#13945);
#13943=LINE('',#279,#13946);
#13944=LINE('',#541,#13947);
#13945=VECTOR('',#13948,1.0);
#13946=VECTOR('',#13949,1.0);
#13947=VECTOR('',#13950,1.0);
#13948=DIRECTION('',(0,1,0));
#13949=DIRECTION('',(0.26056973447675613,-0.9457654638518965,0.19398737293885837));
#13950=DIRECTION('',(-0.8021226132339432,0,-0.5971593701339282));
#13951=FACE_SURFACE('',(#13956),#13952,.T.);
#13952=PLANE('',#13953);
#13953=AXIS2_PLACEMENT_3D('',#541,#13954,#13955);
#13954=DIRECTION('',(0.5971593701339282,0,-0.8021226132339432));
#13955=DIRECTION('',(-0.26056973447675613,0.9457654638518965,-0.19398737293885837));
#13956=FACE_BOUND('',#13957,.T.);
#13957=EDGE_LOOP('',(#13958,#13959,#13960));
#13958=ORIENTED_EDGE('',*,*,#13961,.T.);
#13959=ORIENTED_EDGE('',*,*,#13962,.T.);
#13960=ORIENTED_EDGE('',*,*,#13963,.T.);
#13961=EDGE_CURVE('',#542,#280,#13964,.F.);
#13962=EDGE_CURVE('',#280,#278,#13965,.T.);
#13963=EDGE_CURVE('',#278,#542,#13966,.T.);
#13964=LINE('',#541,#13967);
#13965=LINE('',#279,#13968);
#13966=LINE('',#277,#13969);
#13967=VECTOR('',#13970,1.0);
#13968=VECTOR('',#13971,1.0);
#13969=VECTOR('',#13972,1.0);
#13970=DIRECTION('',(-0.26056973447675613,0.9457654638518965,-0.19398737293885837));
#13971=DIRECTION('',(0.8021226132339432,0,0.5971593701339282));
#13972=DIRECTION('',(0,-1,0));
#13973=FACE_SURFACE('',(#13978),#13974,.T.);
#13974=PLANE('',#13975);
#13975=AXIS2_PLACEMENT_3D('',#541,#13976,#13977);
#13976=DIRECTION('',(0.3960837474711429,0,-0.9182143894479197));
#13977=DIRECTION('',(0,1,0));
#13978=FACE_BOUND('',#13979,.T.);
#13979=EDGE_LOOP('',(#13980,#13981,#13982));
#13980=ORIENTED_EDGE('',*,*,#13983,.T.);
#13981=ORIENTED_EDGE('',*,*,#13984,.T.);
#13982=ORIENTED_EDGE('',*,*,#13985,.T.);
#13983=EDGE_CURVE('',#542,#278,#13986,.F.);
#13984=EDGE_CURVE('',#278,#544,#13987,.T.);
#13985=EDGE_CURVE('',#544,#542,#13988,.T.);
#13986=LINE('',#541,#13989);
#13987=LINE('',#277,#13990);
#13988=LINE('',#543,#13991);
#13989=VECTOR('',#13992,1.0);
#13990=VECTOR('',#13993,1.0);
#13991=VECTOR('',#13994,1.0);
#13992=DIRECTION('',(0,1,0));
#13993=DIRECTION('',(0.29827959921957603,-0.9457664282892212,0.12866679373660728));
#13994=DIRECTION('',(-0.9182143894479197,0,-0.3960837474711429));
#13995=FACE_SURFACE('',(#14000),#13996,.T.);
#13996=PLANE('',#13997);
#13997=AXIS2_PLACEMENT_3D('',#543,#13998,#13999);
#13998=DIRECTION('',(0.3960837474711429,0,-0.9182143894479197));
#13999=DIRECTION('',(-0.29827959921957603,0.9457664282892212,-0.12866679373660728));
#14000=FACE_BOUND('',#14001,.T.);
#14001=EDGE_LOOP('',(#14002,#14003,#14004));
#14002=ORIENTED_EDGE('',*,*,#14005,.T.);
#14003=ORIENTED_EDGE('',*,*,#14006,.T.);
#14004=ORIENTED_EDGE('',*,*,#14007,.T.);
#14005=EDGE_CURVE('',#544,#278,#14008,.F.);
#14006=EDGE_CURVE('',#278,#276,#14009,.T.);
#14007=EDGE_CURVE('',#276,#544,#14010,.T.);
#14008=LINE('',#543,#14011);
#14009=LINE('',#277,#14012);
#14010=LINE('',#275,#14013);
#14011=VECTOR('',#14014,1.0);
#14012=VECTOR('',#14015,1.0);
#14013=VECTOR('',#14016,1.0);
#14014=DIRECTION('',(-0.29827959921957603,0.9457664282892212,-0.12866679373660728));
#14015=DIRECTION('',(0.9182143894479197,0,0.3960837474711429));
#14016=DIRECTION('',(0,-1,0));
#14017=FACE_SURFACE('',(#14022),#14018,.T.);
#14018=PLANE('',#14019);
#14019=AXIS2_PLACEMENT_3D('',#543,#14020,#14021);
#14020=DIRECTION('',(0.17364656878922236,0,-0.9848080366994015));
#14021=DIRECTION('',(0,1,0));
#14022=FACE_BOUND('',#14023,.T.);
#14023=EDGE_LOOP('',(#14024,#14025,#14026));
#14024=ORIENTED_EDGE('',*,*,#14027,.T.);
#14025=ORIENTED_EDGE('',*,*,#14028,.T.);
#14026=ORIENTED_EDGE('',*,*,#14029,.T.);
#14027=EDGE_CURVE('',#544,#276,#14030,.F.);
#14028=EDGE_CURVE('',#276,#546,#14031,.T.);
#14029=EDGE_CURVE('',#546,#544,#14032,.T.);
#14030=LINE('',#543,#14033);
#14031=LINE('',#275,#14034);
#14032=LINE('',#545,#14035);
#14033=VECTOR('',#14036,1.0);
#14034=VECTOR('',#14037,1.0);
#14035=VECTOR('',#14038,1.0);
#14036=DIRECTION('',(0,1,0));
#14037=DIRECTION('',(0.3199180639728298,-0.9457644442590235,0.05640964739560658));
#14038=DIRECTION('',(-0.9848080366994015,0,-0.17364656878922236));
#14039=FACE_SURFACE('',(#14044),#14040,.T.);
#14040=PLANE('',#14041);
#14041=AXIS2_PLACEMENT_3D('',#545,#14042,#14043);
#14042=DIRECTION('',(0.17364656878922236,0,-0.9848080366994015));
#14043=DIRECTION('',(-0.3199180639728298,0.9457644442590235,-0.05640964739560658));
#14044=FACE_BOUND('',#14045,.T.);
#14045=EDGE_LOOP('',(#14046,#14047,#14048));
#14046=ORIENTED_EDGE('',*,*,#14049,.T.);
#14047=ORIENTED_EDGE('',*,*,#14050,.T.);
#14048=ORIENTED_EDGE('',*,*,#14051,.T.);
#14049=EDGE_CURVE('',#546,#276,#14052,.F.);
#14050=EDGE_CURVE('',#276,#274,#14053,.T.);
#14051=EDGE_CURVE('',#274,#546,#14054,.T.);
#14052=LINE('',#545,#14055);
#14053=LINE('',#275,#14056);
#14054=LINE('',#273,#14057);
#14055=VECTOR('',#14058,1.0);
#14056=VECTOR('',#14059,1.0);
#14057=VECTOR('',#14060,1.0);
#14058=DIRECTION('',(-0.3199180639728298,0.9457644442590235,-0.05640964739560658));
#14059=DIRECTION('',(0.9848080366994015,0,0.17364656878922236));
#14060=DIRECTION('',(0,-1,0));
#14061=FACE_SURFACE('',(#14066),#14062,.T.);
#14062=PLANE('',#14063);
#14063=AXIS2_PLACEMENT_3D('',#545,#14064,#14065);
#14064=DIRECTION('',(-0.05814506761598228,0,-0.998308144368227));
#14065=DIRECTION('',(0,1,0));
#14066=FACE_BOUND('',#14067,.T.);
#14067=EDGE_LOOP('',(#14068,#14069,#14070));
#14068=ORIENTED_EDGE('',*,*,#14071,.T.);
#14069=ORIENTED_EDGE('',*,*,#14072,.T.);
#14070=ORIENTED_EDGE('',*,*,#14073,.T.);
#14071=EDGE_CURVE('',#546,#274,#14074,.F.);
#14072=EDGE_CURVE('',#274,#548,#14075,.T.);
#14073=EDGE_CURVE('',#548,#546,#14076,.T.);
#14074=LINE('',#545,#14077);
#14075=LINE('',#273,#14078);
#14076=LINE('',#547,#14079);
#14077=VECTOR('',#14080,1.0);
#14078=VECTOR('',#14081,1.0);
#14079=VECTOR('',#14082,1.0);
#14080=DIRECTION('',(0,1,0));
#14081=DIRECTION('',(0.32429934851622516,-0.9457659130355234,-0.018888363932188564));
#14082=DIRECTION('',(-0.998308144368227,0,0.05814506761598228));
#14083=FACE_SURFACE('',(#14088),#14084,.T.);
#14084=PLANE('',#14085);
#14085=AXIS2_PLACEMENT_3D('',#547,#14086,#14087);
#14086=DIRECTION('',(-0.05814506761598228,0,-0.998308144368227));
#14087=DIRECTION('',(-0.32429934851622516,0.9457659130355234,0.018888363932188564));
#14088=FACE_BOUND('',#14089,.T.);
#14089=EDGE_LOOP('',(#14090,#14091,#14092));
#14090=ORIENTED_EDGE('',*,*,#14093,.T.);
#14091=ORIENTED_EDGE('',*,*,#14094,.T.);
#14092=ORIENTED_EDGE('',*,*,#14095,.T.);
#14093=EDGE_CURVE('',#548,#274,#14096,.F.);
#14094=EDGE_CURVE('',#274,#272,#14097,.T.);
#14095=EDGE_CURVE('',#272,#548,#14098,.T.);
#14096=LINE('',#547,#14099);
#14097=LINE('',#273,#14100);
#14098=LINE('',#271,#14101);
#14099=VECTOR('',#14102,1.0);
#14100=VECTOR('',#14103,1.0);
#14101=VECTOR('',#14104,1.0);
#14102=DIRECTION('',(-0.32429934851622516,0.9457659130355234,0.018888363932188564));
#14103=DIRECTION('',(0.998308144368227,0,-0.05814506761598228));
#14104=DIRECTION('',(0,-1,0));
#14105=FACE_SURFACE('',(#14110),#14106,.T.);
#14106=PLANE('',#14107);
#14107=AXIS2_PLACEMENT_3D('',#547,#14108,#14109);
#14108=DIRECTION('',(-0.2868045567757789,0,-0.9579891159155457));
#14109=DIRECTION('',(0,1,0));
#14110=FACE_BOUND('',#14111,.T.);
#14111=EDGE_LOOP('',(#14112,#14113,#14114));
#14112=ORIENTED_EDGE('',*,*,#14115,.T.);
#14113=ORIENTED_EDGE('',*,*,#14116,.T.);
#14114=ORIENTED_EDGE('',*,*,#14117,.T.);
#14115=EDGE_CURVE('',#548,#272,#14118,.F.);
#14116=EDGE_CURVE('',#272,#550,#14119,.T.);
#14117=EDGE_CURVE('',#550,#548,#14120,.T.);
#14118=LINE('',#547,#14121);
#14119=LINE('',#271,#14122);
#14120=LINE('',#549,#14123);
#14121=VECTOR('',#14124,1.0);
#14122=VECTOR('',#14125,1.0);
#14123=VECTOR('',#14126,1.0);
#14124=DIRECTION('',(0,1,0));
#14125=DIRECTION('',(0.31120231593062386,-0.9457657117825473,-0.09316832603341074));
#14126=DIRECTION('',(-0.9579891159155457,0,0.2868045567757789));
#14127=FACE_SURFACE('',(#14132),#14128,.T.);
#14128=PLANE('',#14129);
#14129=AXIS2_PLACEMENT_3D('',#549,#14130,#14131);
#14130=DIRECTION('',(-0.2868045567757789,0,-0.9579891159155457));
#14131=DIRECTION('',(-0.31120231593062386,0.9457657117825473,0.09316832603341074));
#14132=FACE_BOUND('',#14133,.T.);
#14133=EDGE_LOOP('',(#14134,#14135,#14136));
#14134=ORIENTED_EDGE('',*,*,#14137,.T.);
#14135=ORIENTED_EDGE('',*,*,#14138,.T.);
#14136=ORIENTED_EDGE('',*,*,#14139,.T.);
#14137=EDGE_CURVE('',#550,#272,#14140,.F.);
#14138=EDGE_CURVE('',#272,#270,#14141,.T.);
#14139=EDGE_CURVE('',#270,#550,#14142,.T.);
#14140=LINE('',#549,#14143);
#14141=LINE('',#271,#14144);
#14142=LINE('',#269,#14145);
#14143=VECTOR('',#14146,1.0);
#14144=VECTOR('',#14147,1.0);
#14145=VECTOR('',#14148,1.0);
#14146=DIRECTION('',(-0.31120231593062386,0.9457657117825473,0.09316832603341074));
#14147=DIRECTION('',(0.9579891159155457,0,-0.2868045567757789));
#14148=DIRECTION('',(0,-1,0));
#14149=FACE_SURFACE('',(#14154),#14150,.T.);
#14150=PLANE('',#14151);
#14151=AXIS2_PLACEMENT_3D('',#549,#14152,#14153);
#14152=DIRECTION('',(-0.4999968983543042,0,-0.8660271945130104));
#14153=DIRECTION('',(0,1,0));
#14154=FACE_BOUND('',#14155,.T.);
#14155=EDGE_LOOP('',(#14156,#14157,#14158));
#14156=ORIENTED_EDGE('',*,*,#14159,.T.);
#14157=ORIENTED_EDGE('',*,*,#14160,.T.);
#14158=ORIENTED_EDGE('',*,*,#14161,.T.);
#14159=EDGE_CURVE('',#550,#270,#14162,.F.);
#14160=EDGE_CURVE('',#270,#552,#14163,.T.);
#14161=EDGE_CURVE('',#552,#550,#14164,.T.);
#14162=LINE('',#549,#14165);
#14163=LINE('',#269,#14166);
#14164=LINE('',#551,#14167);
#14165=VECTOR('',#14168,1.0);
#14166=VECTOR('',#14169,1.0);
#14167=VECTOR('',#14170,1.0);
#14168=DIRECTION('',(0,1,0));
#14169=DIRECTION('',(0.2813309643474687,-0.9457647458094556,-0.16242516456294315));
#14170=DIRECTION('',(-0.8660271945130104,0,0.4999968983543042));
#14171=FACE_SURFACE('',(#14176),#14172,.T.);
#14172=PLANE('',#14173);
#14173=AXIS2_PLACEMENT_3D('',#551,#14174,#14175);
#14174=DIRECTION('',(-0.4999968983543042,0,-0.8660271945130104));
#14175=DIRECTION('',(-0.2813309643474687,0.9457647458094556,0.16242516456294315));
#14176=FACE_BOUND('',#14177,.T.);
#14177=EDGE_LOOP('',(#14178,#14179,#14180));
#14178=ORIENTED_EDGE('',*,*,#14181,.T.);
#14179=ORIENTED_EDGE('',*,*,#14182,.T.);
#14180=ORIENTED_EDGE('',*,*,#14183,.T.);
#14181=EDGE_CURVE('',#552,#270,#14184,.F.);
#14182=EDGE_CURVE('',#270,#268,#14185,.T.);
#14183=EDGE_CURVE('',#268,#552,#14186,.T.);
#14184=LINE('',#551,#14187);
#14185=LINE('',#269,#14188);
#14186=LINE('',#267,#14189);
#14187=VECTOR('',#14190,1.0);
#14188=VECTOR('',#14191,1.0);
#14189=VECTOR('',#14192,1.0);
#14190=DIRECTION('',(-0.2813309643474687,0.9457647458094556,0.16242516456294315));
#14191=DIRECTION('',(0.8660271945130104,0,-0.4999968983543042));
#14192=DIRECTION('',(0,-1,0));
#14193=FACE_SURFACE('',(#14198),#14194,.T.);
#14194=PLANE('',#14195);
#14195=AXIS2_PLACEMENT_3D('',#551,#14196,#14197);
#14196=DIRECTION('',(-0.6862379670389221,0,-0.727377104804851));
#14197=DIRECTION('',(0,1,0));
#14198=FACE_BOUND('',#14199,.T.);
#14199=EDGE_LOOP('',(#14200,#14201,#14202));
#14200=ORIENTED_EDGE('',*,*,#14203,.T.);
#14201=ORIENTED_EDGE('',*,*,#14204,.T.);
#14202=ORIENTED_EDGE('',*,*,#14205,.T.);
#14203=EDGE_CURVE('',#552,#268,#14206,.F.);
#14204=EDGE_CURVE('',#268,#554,#14207,.T.);
#14205=EDGE_CURVE('',#554,#552,#14208,.T.);
#14206=LINE('',#551,#14209);
#14207=LINE('',#267,#14210);
#14208=LINE('',#553,#14211);
#14209=VECTOR('',#14212,1.0);
#14210=VECTOR('',#14213,1.0);
#14211=VECTOR('',#14214,1.0);
#14212=DIRECTION('',(0,1,0));
#14213=DIRECTION('',(0.23628989507399853,-0.9457648698127051,-0.2229257645811174));
#14214=DIRECTION('',(-0.727377104804851,0,0.6862379670389221));
#14215=FACE_SURFACE('',(#14220),#14216,.T.);
#14216=PLANE('',#14217);
#14217=AXIS2_PLACEMENT_3D('',#553,#14218,#14219);
#14218=DIRECTION('',(-0.6862379670389221,0,-0.727377104804851));
#14219=DIRECTION('',(-0.23628989507399853,0.9457648698127051,0.2229257645811174));
#14220=FACE_BOUND('',#14221,.T.);
#14221=EDGE_LOOP('',(#14222,#14223,#14224));
#14222=ORIENTED_EDGE('',*,*,#14225,.T.);
#14223=ORIENTED_EDGE('',*,*,#14226,.T.);
#14224=ORIENTED_EDGE('',*,*,#14227,.T.);
#14225=EDGE_CURVE('',#554,#268,#14228,.F.);
#14226=EDGE_CURVE('',#268,#266,#14229,.T.);
#14227=EDGE_CURVE('',#266,#554,#14230,.T.);
#14228=LINE('',#553,#14231);
#14229=LINE('',#267,#14232);
#14230=LINE('',#265,#14233);
#14231=VECTOR('',#14234,1.0);
#14232=VECTOR('',#14235,1.0);
#14233=VECTOR('',#14236,1.0);
#14234=DIRECTION('',(-0.23628989507399853,0.9457648698127051,0.2229257645811174));
#14235=DIRECTION('',(0.727377104804851,0,-0.6862379670389221));
#14236=DIRECTION('',(0,-1,0));
#14237=FACE_SURFACE('',(#14242),#14238,.T.);
#14238=PLANE('',#14239);
#14239=AXIS2_PLACEMENT_3D('',#553,#14240,#14241);
#14240=DIRECTION('',(-0.8354888572748708,0,-0.549507387911692));
#14241=DIRECTION('',(0,1,0));
#14242=FACE_BOUND('',#14243,.T.);
#14243=EDGE_LOOP('',(#14244,#14245,#14246));
#14244=ORIENTED_EDGE('',*,*,#14247,.T.);
#14245=ORIENTED_EDGE('',*,*,#14248,.T.);
#14246=ORIENTED_EDGE('',*,*,#14249,.T.);
#14247=EDGE_CURVE('',#554,#266,#14250,.F.);
#14248=EDGE_CURVE('',#266,#556,#14251,.T.);
#14249=EDGE_CURVE('',#556,#554,#14252,.T.);
#14250=LINE('',#553,#14253);
#14251=LINE('',#265,#14254);
#14252=LINE('',#555,#14255);
#14253=VECTOR('',#14256,1.0);
#14254=VECTOR('',#14257,1.0);
#14255=VECTOR('',#14258,1.0);
#14256=DIRECTION('',(0,1,0));
#14257=DIRECTION('',(0.17850756279939783,-0.9457654961185417,-0.2714086888348783));
#14258=DIRECTION('',(-0.549507387911692,0,0.8354888572748708));
#14259=FACE_SURFACE('',(#14264),#14260,.T.);
#14260=PLANE('',#14261);
#14261=AXIS2_PLACEMENT_3D('',#555,#14262,#14263);
#14262=DIRECTION('',(-0.8354888572748708,0,-0.549507387911692));
#14263=DIRECTION('',(-0.17850756279939783,0.9457654961185417,0.2714086888348783));
#14264=FACE_BOUND('',#14265,.T.);
#14265=EDGE_LOOP('',(#14266,#14267,#14268));
#14266=ORIENTED_EDGE('',*,*,#14269,.T.);
#14267=ORIENTED_EDGE('',*,*,#14270,.T.);
#14268=ORIENTED_EDGE('',*,*,#14271,.T.);
#14269=EDGE_CURVE('',#556,#266,#14272,.F.);
#14270=EDGE_CURVE('',#266,#264,#14273,.T.);
#14271=EDGE_CURVE('',#264,#556,#14274,.T.);
#14272=LINE('',#555,#14275);
#14273=LINE('',#265,#14276);
#14274=LINE('',#263,#14277);
#14275=VECTOR('',#14278,1.0);
#14276=VECTOR('',#14279,1.0);
#14277=VECTOR('',#14280,1.0);
#14278=DIRECTION('',(-0.17850756279939783,0.9457654961185417,0.2714086888348783));
#14279=DIRECTION('',(0.549507387911692,0,-0.8354888572748708));
#14280=DIRECTION('',(0,-1,0));
#14281=FACE_SURFACE('',(#14286),#14282,.T.);
#14282=PLANE('',#14283);
#14283=AXIS2_PLACEMENT_3D('',#555,#14284,#14285);
#14284=DIRECTION('',(-0.9396971613643859,0,-0.3420076679311668));
#14285=DIRECTION('',(0,1,0));
#14286=FACE_BOUND('',#14287,.T.);
#14287=EDGE_LOOP('',(#14288,#14289,#14290));
#14288=ORIENTED_EDGE('',*,*,#14291,.T.);
#14289=ORIENTED_EDGE('',*,*,#14292,.T.);
#14290=ORIENTED_EDGE('',*,*,#14293,.T.);
#14291=EDGE_CURVE('',#556,#264,#14294,.F.);
#14292=EDGE_CURVE('',#264,#558,#14295,.T.);
#14293=EDGE_CURVE('',#558,#556,#14296,.T.);
#14294=LINE('',#555,#14297);
#14295=LINE('',#263,#14298);
#14296=LINE('',#557,#14299);
#14297=VECTOR('',#14300,1.0);
#14298=VECTOR('',#14301,1.0);
#14299=VECTOR('',#14302,1.0);
#14300=DIRECTION('',(0,1,0));
#14301=DIRECTION('',(0.11110099403808733,-0.9457657487578421,-0.3052600818978253));
#14302=DIRECTION('',(-0.3420076679311668,0,0.9396971613643859));
#14303=FACE_SURFACE('',(#14308),#14304,.T.);
#14304=PLANE('',#14305);
#14305=AXIS2_PLACEMENT_3D('',#557,#14306,#14307);
#14306=DIRECTION('',(-0.9396971613643859,0,-0.3420076679311668));
#14307=DIRECTION('',(-0.11110099403808733,0.9457657487578421,0.3052600818978253));
#14308=FACE_BOUND('',#14309,.T.);
#14309=EDGE_LOOP('',(#14310,#14311,#14312));
#14310=ORIENTED_EDGE('',*,*,#14313,.T.);
#14311=ORIENTED_EDGE('',*,*,#14314,.T.);
#14312=ORIENTED_EDGE('',*,*,#14315,.T.);
#14313=EDGE_CURVE('',#558,#264,#14316,.F.);
#14314=EDGE_CURVE('',#264,#262,#14317,.T.);
#14315=EDGE_CURVE('',#262,#558,#14318,.T.);
#14316=LINE('',#557,#14319);
#14317=LINE('',#263,#14320);
#14318=LINE('',#261,#14321);
#14319=VECTOR('',#14322,1.0);
#14320=VECTOR('',#14323,1.0);
#14321=VECTOR('',#14324,1.0);
#14322=DIRECTION('',(-0.11110099403808733,0.9457657487578421,0.3052600818978253));
#14323=DIRECTION('',(0.3420076679311668,0,-0.9396971613643859));
#14324=DIRECTION('',(0,-1,0));
#14325=FACE_SURFACE('',(#14330),#14326,.T.);
#14326=PLANE('',#14327);
#14327=AXIS2_PLACEMENT_3D('',#317,#14328,#14329);
#14328=DIRECTION('',(1,0,-0));
#14329=DIRECTION('',(0,0,1));
#14330=FACE_BOUND('',#14331,.T.);
#14331=EDGE_LOOP('',(#14332,#14333,#14334));
#14332=ORIENTED_EDGE('',*,*,#14335,.T.);
#14333=ORIENTED_EDGE('',*,*,#14336,.T.);
#14334=ORIENTED_EDGE('',*,*,#14337,.T.);
#14335=EDGE_CURVE('',#318,#316,#14338,.F.);
#14336=EDGE_CURVE('',#316,#494,#14339,.T.);
#14337=EDGE_CURVE('',#494,#318,#14340,.T.);
#14338=LINE('',#317,#14341);
#14339=LINE('',#315,#14342);
#14340=LINE('',#493,#14343);
#14341=VECTOR('',#14344,1.0);
#14342=VECTOR('',#14345,1.0);
#14343=VECTOR('',#14346,1.0);
#14344=DIRECTION('',(0,0,1));
#14345=DIRECTION('',(0,-0.07224369131939311,-0.9973870106756697));
#14346=DIRECTION('',(0,1,0));
#14347=FACE_SURFACE('',(#14352),#14348,.T.);
#14348=PLANE('',#14349);
#14349=AXIS2_PLACEMENT_3D('',#493,#14350,#14351);
#14350=DIRECTION('',(1,0,0));
#14351=DIRECTION('',(0,0.07224369131939311,0.9973870106756697));
#14352=FACE_BOUND('',#14353,.T.);
#14353=EDGE_LOOP('',(#14354,#14355,#14356));
#14354=ORIENTED_EDGE('',*,*,#14357,.T.);
#14355=ORIENTED_EDGE('',*,*,#14358,.T.);
#14356=ORIENTED_EDGE('',*,*,#14359,.T.);
#14357=EDGE_CURVE('',#494,#316,#14360,.F.);
#14358=EDGE_CURVE('',#316,#504,#14361,.T.);
#14359=EDGE_CURVE('',#504,#494,#14362,.T.);
#14360=LINE('',#493,#14363);
#14361=LINE('',#315,#14364);
#14362=LINE('',#503,#14365);
#14363=VECTOR('',#14366,1.0);
#14364=VECTOR('',#14367,1.0);
#14365=VECTOR('',#14368,1.0);
#14366=DIRECTION('',(0,0.07224369131939311,0.9973870106756697));
#14367=DIRECTION('',(0,-1,0));
#14368=DIRECTION('',(0,0,-1));
#14369=FACE_SURFACE('',(#14374),#14370,.T.);
#14370=PLANE('',#14371);
#14371=AXIS2_PLACEMENT_3D('',#385,#14372,#14373);
#14372=DIRECTION('',(0,0,-1));
#14373=DIRECTION('',(0,1,0));
#14374=FACE_BOUND('',#14375,.T.);
#14375=EDGE_LOOP('',(#14376,#14377,#14378));
#14376=ORIENTED_EDGE('',*,*,#14379,.T.);
#14377=ORIENTED_EDGE('',*,*,#14380,.T.);
#14378=ORIENTED_EDGE('',*,*,#14381,.T.);
#14379=EDGE_CURVE('',#386,#488,#14382,.F.);
#14380=EDGE_CURVE('',#488,#388,#14383,.T.);
#14381=EDGE_CURVE('',#388,#386,#14384,.T.);
#14382=LINE('',#385,#14385);
#14383=LINE('',#487,#14386);
#14384=LINE('',#387,#14387);
#14385=VECTOR('',#14388,1.0);
#14386=VECTOR('',#14389,1.0);
#14387=VECTOR('',#14390,1.0);
#14388=DIRECTION('',(0,1,0));
#14389=DIRECTION('',(0.8758458117310102,-0.48259104226378646,0));
#14390=DIRECTION('',(-1,0,0));
#14391=FACE_SURFACE('',(#14396),#14392,.T.);
#14392=PLANE('',#14393);
#14393=AXIS2_PLACEMENT_3D('',#387,#14394,#14395);
#14394=DIRECTION('',(0,0,-1));
#14395=DIRECTION('',(-0.8758458117310102,0.48259104226378646,0));
#14396=FACE_BOUND('',#14397,.T.);
#14397=EDGE_LOOP('',(#14398,#14399,#14400));
#14398=ORIENTED_EDGE('',*,*,#14401,.T.);
#14399=ORIENTED_EDGE('',*,*,#14402,.T.);
#14400=ORIENTED_EDGE('',*,*,#14403,.T.);
#14401=EDGE_CURVE('',#388,#488,#14404,.F.);
#14402=EDGE_CURVE('',#488,#314,#14405,.T.);
#14403=EDGE_CURVE('',#314,#388,#14406,.T.);
#14404=LINE('',#387,#14407);
#14405=LINE('',#487,#14408);
#14406=LINE('',#313,#14409);
#14407=VECTOR('',#14410,1.0);
#14408=VECTOR('',#14411,1.0);
#14409=VECTOR('',#14412,1.0);
#14410=DIRECTION('',(-0.8758458117310102,0.48259104226378646,0));
#14411=DIRECTION('',(0.9284766908852594,0.3713906763541037,0));
#14412=DIRECTION('',(0,-1,0));
#14413=FACE_SURFACE('',(#14418),#14414,.T.);
#14414=PLANE('',#14415);
#14415=AXIS2_PLACEMENT_3D('',#313,#14416,#14417);
#14416=DIRECTION('',(-0,0,-1));
#14417=DIRECTION('',(-0.9284766908852594,-0.3713906763541037,0));
#14418=FACE_BOUND('',#14419,.T.);
#14419=EDGE_LOOP('',(#14420,#14421,#14422));
#14420=ORIENTED_EDGE('',*,*,#14423,.T.);
#14421=ORIENTED_EDGE('',*,*,#14424,.T.);
#14422=ORIENTED_EDGE('',*,*,#14425,.T.);
#14423=EDGE_CURVE('',#314,#488,#14426,.F.);
#14424=EDGE_CURVE('',#488,#316,#14427,.T.);
#14425=EDGE_CURVE('',#316,#314,#14428,.T.);
#14426=LINE('',#313,#14429);
#14427=LINE('',#487,#14430);
#14428=LINE('',#315,#14431);
#14429=VECTOR('',#14432,1.0);
#14430=VECTOR('',#14433,1.0);
#14431=VECTOR('',#14434,1.0);
#14432=DIRECTION('',(-0.9284766908852594,-0.3713906763541037,0));
#14433=DIRECTION('',(-0.999625987722277,0.027347480144655458,0));
#14434=DIRECTION('',(1,0,0));
#14435=FACE_SURFACE('',(#14440),#14436,.T.);
#14436=PLANE('',#14437);
#14437=AXIS2_PLACEMENT_3D('',#315,#14438,#14439);
#14438=DIRECTION('',(0,0,-1));
#14439=DIRECTION('',(0.999625987722277,-0.027347480144655458,0));
#14440=FACE_BOUND('',#14441,.T.);
#14441=EDGE_LOOP('',(#14442,#14443,#14444));
#14442=ORIENTED_EDGE('',*,*,#14445,.T.);
#14443=ORIENTED_EDGE('',*,*,#14446,.T.);
#14444=ORIENTED_EDGE('',*,*,#14447,.T.);
#14445=EDGE_CURVE('',#316,#488,#14448,.F.);
#14446=EDGE_CURVE('',#488,#504,#14449,.T.);
#14447=EDGE_CURVE('',#504,#316,#14450,.T.);
#14448=LINE('',#315,#14451);
#14449=LINE('',#487,#14452);
#14450=LINE('',#503,#14453);
#14451=VECTOR('',#14454,1.0);
#14452=VECTOR('',#14455,1.0);
#14453=VECTOR('',#14456,1.0);
#14454=DIRECTION('',(0.999625987722277,-0.027347480144655458,0));
#14455=DIRECTION('',(-1,0,0));
#14456=DIRECTION('',(0,1,0));
ENDSEC;
END-ISO-10303-21;
